user_id,cohort_week,channel,sent,converted,revenue,holdout_flag
1,2024-01-01,email,1,0,0.0,0
2,2024-01-01,email,1,0,0.0,0
3,2024-01-01,email,0,0,0.0,1
4,2024-01-01,email,1,0,0.0,0
5,2024-01-01,email,0,0,0.0,0
6,2024-01-01,email,0,0,0.0,1
7,2024-01-01,email,1,0,0.0,0
8,2024-01-01,email,1,1,45.44,0
9,2024-01-01,email,0,0,0.0,1
10,2024-01-01,email,1,0,0.0,0
11,2024-01-01,email,1,0,0.0,0
12,2024-01-01,email,1,0,0.0,0
13,2024-01-01,email,0,0,0.0,1
14,2024-01-01,email,0,0,0.0,1
15,2024-01-01,email,1,0,0.0,1
16,2024-01-01,email,1,0,0.0,0
17,2024-01-01,email,1,0,0.0,0
18,2024-01-01,email,1,0,0.0,0
19,2024-01-01,email,0,0,0.0,1
20,2024-01-01,email,0,0,0.0,1
21,2024-01-01,email,0,0,0.0,0
22,2024-01-01,email,1,0,0.0,0
23,2024-01-01,email,0,0,0.0,1
24,2024-01-01,email,0,0,0.0,1
25,2024-01-01,email,0,0,0.0,0
26,2024-01-01,email,0,0,0.0,1
27,2024-01-01,email,1,0,0.0,0
28,2024-01-01,email,1,0,0.0,0
29,2024-01-01,email,1,0,0.0,0
30,2024-01-01,email,0,0,0.0,1
31,2024-01-01,email,0,0,0.0,1
32,2024-01-01,email,0,0,0.0,1
33,2024-01-01,email,1,0,0.0,0
34,2024-01-01,email,1,1,38.21,0
35,2024-01-01,email,1,0,0.0,0
36,2024-01-01,email,1,0,0.0,0
37,2024-01-01,email,1,0,0.0,0
38,2024-01-01,email,0,0,0.0,1
39,2024-01-01,email,1,0,0.0,0
40,2024-01-01,email,1,0,0.0,0
41,2024-01-01,email,0,0,0.0,1
42,2024-01-01,email,1,0,0.0,0
43,2024-01-01,email,0,0,0.0,0
44,2024-01-01,email,1,0,0.0,0
45,2024-01-01,email,1,1,47.77,0
46,2024-01-01,email,1,0,0.0,1
47,2024-01-01,email,1,1,75.25,0
48,2024-01-01,email,0,0,0.0,1
49,2024-01-01,email,0,0,0.0,1
50,2024-01-01,email,1,1,36.75,0
51,2024-01-01,email,1,0,0.0,0
52,2024-01-01,email,1,1,77.73,0
53,2024-01-01,email,1,1,38.36,0
54,2024-01-01,email,1,0,0.0,0
55,2024-01-01,email,1,0,0.0,0
56,2024-01-01,email,1,0,0.0,0
57,2024-01-01,email,0,0,0.0,0
58,2024-01-01,email,1,0,0.0,0
59,2024-01-01,email,0,0,0.0,0
60,2024-01-01,email,1,1,67.44,0
61,2024-01-01,email,1,0,0.0,0
62,2024-01-01,email,1,1,36.26,0
63,2024-01-01,email,1,0,0.0,0
64,2024-01-01,email,1,0,0.0,0
65,2024-01-01,email,0,0,0.0,1
66,2024-01-01,email,0,0,0.0,1
67,2024-01-01,email,1,0,0.0,0
68,2024-01-01,email,1,0,0.0,0
69,2024-01-01,email,0,0,0.0,1
70,2024-01-01,email,0,0,0.0,1
71,2024-01-01,email,1,0,0.0,0
72,2024-01-01,email,0,0,0.0,1
73,2024-01-01,email,1,0,0.0,0
74,2024-01-01,email,0,0,0.0,1
75,2024-01-01,email,1,0,0.0,0
76,2024-01-01,email,1,0,0.0,0
77,2024-01-01,email,0,0,0.0,0
78,2024-01-01,email,1,1,57.01,0
79,2024-01-01,email,0,1,33.23,1
80,2024-01-01,email,0,0,0.0,1
81,2024-01-01,email,0,0,0.0,0
82,2024-01-01,email,1,0,0.0,0
83,2024-01-01,email,1,0,0.0,0
84,2024-01-01,email,0,0,0.0,1
85,2024-01-01,email,1,0,0.0,0
86,2024-01-01,email,0,0,0.0,1
87,2024-01-01,email,1,0,0.0,0
88,2024-01-01,email,1,1,63.72,0
89,2024-01-01,email,1,0,0.0,0
90,2024-01-01,email,1,0,0.0,0
91,2024-01-01,email,1,0,0.0,0
92,2024-01-01,email,1,0,0.0,0
93,2024-01-01,email,1,0,0.0,0
94,2024-01-01,email,1,1,30.9,1
95,2024-01-01,email,0,0,0.0,0
96,2024-01-01,email,1,0,0.0,0
97,2024-01-01,email,0,0,0.0,1
98,2024-01-01,email,1,1,60.39,0
99,2024-01-01,email,1,0,0.0,0
100,2024-01-01,email,0,0,0.0,1
101,2024-01-01,email,0,0,0.0,0
102,2024-01-01,email,0,0,0.0,1
103,2024-01-01,email,1,0,0.0,0
104,2024-01-01,email,1,0,0.0,0
105,2024-01-01,email,1,0,0.0,0
106,2024-01-01,email,1,0,0.0,0
107,2024-01-01,email,0,0,0.0,0
108,2024-01-01,email,0,0,0.0,0
109,2024-01-01,email,0,0,0.0,1
110,2024-01-01,email,1,0,0.0,0
111,2024-01-01,email,1,0,0.0,0
112,2024-01-01,email,0,0,0.0,1
113,2024-01-01,email,0,0,0.0,1
114,2024-01-01,email,0,0,0.0,1
115,2024-01-01,email,1,0,0.0,0
116,2024-01-01,email,1,0,0.0,0
117,2024-01-01,email,0,0,0.0,1
118,2024-01-01,email,0,0,0.0,1
119,2024-01-01,email,0,0,0.0,1
120,2024-01-01,email,0,0,0.0,1
121,2024-01-01,email,0,0,0.0,1
122,2024-01-01,email,1,0,0.0,0
123,2024-01-01,email,0,0,0.0,1
124,2024-01-01,email,0,0,0.0,1
125,2024-01-01,email,0,0,0.0,1
126,2024-01-01,email,1,0,0.0,0
127,2024-01-01,email,0,0,0.0,1
128,2024-01-01,email,1,0,0.0,0
129,2024-01-01,email,1,0,0.0,0
130,2024-01-01,email,0,0,0.0,1
131,2024-01-01,email,1,0,0.0,0
132,2024-01-01,email,0,0,0.0,0
133,2024-01-01,email,1,0,0.0,0
134,2024-01-01,email,0,0,0.0,1
135,2024-01-01,email,1,0,0.0,0
136,2024-01-01,email,1,0,0.0,0
137,2024-01-01,email,1,1,60.71,0
138,2024-01-01,email,1,0,0.0,0
139,2024-01-01,email,0,0,0.0,1
140,2024-01-01,email,0,0,0.0,0
141,2024-01-01,email,0,0,0.0,1
142,2024-01-01,email,0,0,0.0,1
143,2024-01-01,email,0,0,0.0,0
144,2024-01-01,email,1,1,69.71,1
145,2024-01-01,email,0,0,0.0,1
146,2024-01-01,email,0,0,0.0,1
147,2024-01-01,email,0,0,0.0,1
148,2024-01-01,email,1,0,0.0,0
149,2024-01-01,email,0,0,0.0,1
150,2024-01-01,email,1,0,0.0,0
151,2024-01-01,email,1,0,0.0,1
152,2024-01-01,email,1,0,0.0,0
153,2024-01-01,email,0,1,32.02,0
154,2024-01-01,email,0,0,0.0,1
155,2024-01-01,email,1,0,0.0,1
156,2024-01-01,email,0,0,0.0,1
157,2024-01-01,email,0,0,0.0,1
158,2024-01-01,email,1,0,0.0,1
159,2024-01-01,email,0,0,0.0,0
160,2024-01-01,email,0,0,0.0,0
161,2024-01-01,email,0,0,0.0,0
162,2024-01-01,email,0,0,0.0,1
163,2024-01-01,email,0,0,0.0,0
164,2024-01-01,email,1,0,0.0,0
165,2024-01-01,email,0,0,0.0,0
166,2024-01-01,email,1,0,0.0,0
167,2024-01-01,email,0,0,0.0,1
168,2024-01-01,email,0,0,0.0,0
169,2024-01-01,email,0,0,0.0,1
170,2024-01-01,email,0,0,0.0,0
171,2024-01-01,email,1,0,0.0,0
172,2024-01-01,email,0,0,0.0,1
173,2024-01-01,email,1,0,0.0,0
174,2024-01-01,email,0,1,41.35,1
175,2024-01-01,email,1,0,0.0,0
176,2024-01-01,email,1,0,0.0,0
177,2024-01-01,email,1,0,0.0,0
178,2024-01-01,email,0,0,0.0,1
179,2024-01-01,email,0,0,0.0,1
180,2024-01-01,email,1,1,48.96,0
181,2024-01-01,email,0,0,0.0,0
182,2024-01-01,email,0,0,0.0,1
183,2024-01-01,email,1,0,0.0,0
184,2024-01-01,email,1,0,0.0,0
185,2024-01-01,email,1,0,0.0,0
186,2024-01-01,email,0,0,0.0,1
187,2024-01-01,email,0,0,0.0,1
188,2024-01-01,email,0,0,0.0,1
189,2024-01-01,email,0,0,0.0,1
190,2024-01-01,email,1,0,0.0,0
191,2024-01-01,email,0,0,0.0,1
192,2024-01-01,email,0,0,0.0,1
193,2024-01-01,email,1,0,0.0,1
194,2024-01-01,email,0,1,31.58,1
195,2024-01-01,email,1,0,0.0,0
196,2024-01-01,email,1,0,0.0,0
197,2024-01-01,email,1,0,0.0,0
198,2024-01-01,email,0,0,0.0,1
199,2024-01-01,email,1,0,0.0,1
200,2024-01-01,email,0,0,0.0,0
201,2024-01-01,email,1,0,0.0,0
202,2024-01-01,email,1,1,60.94,0
203,2024-01-01,email,0,0,0.0,0
204,2024-01-01,email,1,0,0.0,0
205,2024-01-01,email,1,1,40.74,1
206,2024-01-01,email,0,0,0.0,0
207,2024-01-01,email,0,0,0.0,1
208,2024-01-01,email,1,0,0.0,0
209,2024-01-01,email,0,0,0.0,1
210,2024-01-01,email,1,0,0.0,1
211,2024-01-01,email,0,0,0.0,1
212,2024-01-01,email,1,0,0.0,0
213,2024-01-01,email,1,0,0.0,0
214,2024-01-01,email,0,0,0.0,1
215,2024-01-01,email,1,1,70.33,0
216,2024-01-01,email,0,0,0.0,1
217,2024-01-01,email,1,0,0.0,0
218,2024-01-01,email,1,0,0.0,0
219,2024-01-01,email,0,0,0.0,1
220,2024-01-01,email,0,0,0.0,1
221,2024-01-01,email,0,0,0.0,1
222,2024-01-01,email,1,0,0.0,0
223,2024-01-01,email,1,0,0.0,0
224,2024-01-01,email,1,0,0.0,0
225,2024-01-01,email,0,0,0.0,1
226,2024-01-01,email,1,0,0.0,0
227,2024-01-01,email,0,0,0.0,1
228,2024-01-01,email,1,0,0.0,0
229,2024-01-01,email,1,0,0.0,0
230,2024-01-01,email,1,0,0.0,1
231,2024-01-01,email,1,0,0.0,0
232,2024-01-01,email,0,0,0.0,1
233,2024-01-01,email,1,0,0.0,0
234,2024-01-01,email,0,0,0.0,1
235,2024-01-01,email,1,0,0.0,0
236,2024-01-01,email,1,0,0.0,0
237,2024-01-01,email,0,0,0.0,1
238,2024-01-01,email,1,1,31.93,0
239,2024-01-01,email,1,1,29.51,0
240,2024-01-01,email,0,1,65.5,1
241,2024-01-01,email,1,0,0.0,0
242,2024-01-01,email,1,0,0.0,0
243,2024-01-01,email,0,0,0.0,1
244,2024-01-01,email,0,0,0.0,1
245,2024-01-01,email,1,0,0.0,0
246,2024-01-01,email,1,1,52.84,0
247,2024-01-01,email,1,1,61.71,0
248,2024-01-01,email,0,0,0.0,0
249,2024-01-01,email,1,0,0.0,0
250,2024-01-01,email,0,0,0.0,1
251,2024-01-01,email,1,0,0.0,0
252,2024-01-01,email,0,0,0.0,0
253,2024-01-01,email,1,0,0.0,0
254,2024-01-01,email,0,0,0.0,1
255,2024-01-01,email,0,1,35.57,1
256,2024-01-01,email,0,0,0.0,1
257,2024-01-01,email,1,0,0.0,0
258,2024-01-01,email,1,0,0.0,0
259,2024-01-01,email,1,0,0.0,0
260,2024-01-01,email,1,1,61.23,0
261,2024-01-01,email,0,0,0.0,1
262,2024-01-01,email,1,1,44.61,0
263,2024-01-01,email,1,0,0.0,0
264,2024-01-01,email,1,1,74.74,0
265,2024-01-01,email,1,1,55.64,0
266,2024-01-01,email,1,0,0.0,0
267,2024-01-01,email,1,0,0.0,0
268,2024-01-01,email,0,0,0.0,1
269,2024-01-01,email,0,0,0.0,1
270,2024-01-01,email,0,1,43.51,1
271,2024-01-01,email,1,0,0.0,0
272,2024-01-01,email,1,0,0.0,0
273,2024-01-01,email,1,0,0.0,0
274,2024-01-01,email,1,0,0.0,0
275,2024-01-01,email,1,0,0.0,1
276,2024-01-01,email,0,0,0.0,1
277,2024-01-01,email,1,1,89.18,0
278,2024-01-01,email,0,0,0.0,1
279,2024-01-01,email,0,0,0.0,1
280,2024-01-01,email,1,0,0.0,0
281,2024-01-01,email,0,0,0.0,0
282,2024-01-01,email,0,1,64.57,0
283,2024-01-01,email,0,0,0.0,1
284,2024-01-01,email,1,0,0.0,0
285,2024-01-01,email,1,0,0.0,0
286,2024-01-01,email,1,0,0.0,0
287,2024-01-01,email,0,0,0.0,0
288,2024-01-01,email,1,0,0.0,0
289,2024-01-01,email,1,0,0.0,0
290,2024-01-01,email,1,0,0.0,0
291,2024-01-01,email,0,0,0.0,1
292,2024-01-01,email,0,1,57.79,1
293,2024-01-01,email,1,0,0.0,0
294,2024-01-01,email,0,0,0.0,0
295,2024-01-01,email,1,1,27.25,0
296,2024-01-01,email,1,0,0.0,0
297,2024-01-01,email,0,0,0.0,1
298,2024-01-01,email,1,0,0.0,0
299,2024-01-01,email,0,0,0.0,1
300,2024-01-01,email,1,0,0.0,0
301,2024-01-01,email,0,0,0.0,0
302,2024-01-01,email,0,0,0.0,1
303,2024-01-01,email,1,0,0.0,0
304,2024-01-01,email,0,1,41.21,1
305,2024-01-01,email,1,0,0.0,0
306,2024-01-01,email,0,0,0.0,1
307,2024-01-01,email,0,0,0.0,0
308,2024-01-01,email,0,0,0.0,1
309,2024-01-01,email,1,0,0.0,0
310,2024-01-01,email,0,0,0.0,1
311,2024-01-01,email,1,0,0.0,0
312,2024-01-01,email,1,0,0.0,0
313,2024-01-01,email,1,0,0.0,0
314,2024-01-01,email,1,0,0.0,0
315,2024-01-01,email,0,0,0.0,1
316,2024-01-01,email,1,0,0.0,0
317,2024-01-01,email,1,0,0.0,1
318,2024-01-01,email,1,0,0.0,0
319,2024-01-01,email,1,0,0.0,0
320,2024-01-01,email,1,1,51.32,0
321,2024-01-01,email,0,0,0.0,1
322,2024-01-01,email,0,0,0.0,0
323,2024-01-01,email,1,0,0.0,0
324,2024-01-01,email,1,0,0.0,0
325,2024-01-01,email,1,0,0.0,0
326,2024-01-01,email,0,1,30.97,1
327,2024-01-01,email,0,0,0.0,0
328,2024-01-01,email,0,0,0.0,1
329,2024-01-01,email,1,0,0.0,0
330,2024-01-01,email,1,0,0.0,0
331,2024-01-01,email,0,0,0.0,1
332,2024-01-01,email,0,0,0.0,1
333,2024-01-01,email,0,0,0.0,1
334,2024-01-01,email,0,0,0.0,1
335,2024-01-01,email,0,0,0.0,0
336,2024-01-01,email,0,0,0.0,1
337,2024-01-01,email,1,0,0.0,1
338,2024-01-01,email,0,1,36.13,1
339,2024-01-01,email,1,0,0.0,0
340,2024-01-01,email,0,0,0.0,1
341,2024-01-01,email,1,0,0.0,0
342,2024-01-01,email,1,0,0.0,0
343,2024-01-01,email,1,0,0.0,1
344,2024-01-01,email,0,0,0.0,1
345,2024-01-01,email,0,0,0.0,1
346,2024-01-01,email,1,0,0.0,0
347,2024-01-01,email,0,0,0.0,0
348,2024-01-01,email,1,0,0.0,1
349,2024-01-01,email,1,0,0.0,0
350,2024-01-01,email,0,0,0.0,1
351,2024-01-01,email,0,0,0.0,1
352,2024-01-01,email,0,0,0.0,0
353,2024-01-01,email,0,0,0.0,1
354,2024-01-01,email,0,0,0.0,0
355,2024-01-01,email,0,0,0.0,0
356,2024-01-01,email,1,0,0.0,0
357,2024-01-01,email,0,0,0.0,1
358,2024-01-01,email,0,0,0.0,1
359,2024-01-01,email,0,0,0.0,1
360,2024-01-01,email,1,0,0.0,0
361,2024-01-01,email,1,0,0.0,0
362,2024-01-01,email,0,0,0.0,1
363,2024-01-01,email,1,0,0.0,0
364,2024-01-01,email,0,0,0.0,1
365,2024-01-01,email,1,0,0.0,0
366,2024-01-01,email,1,0,0.0,0
367,2024-01-01,email,1,0,0.0,0
368,2024-01-01,email,1,0,0.0,0
369,2024-01-01,email,0,0,0.0,1
370,2024-01-01,email,0,0,0.0,0
371,2024-01-01,email,0,0,0.0,1
372,2024-01-01,email,0,0,0.0,0
373,2024-01-01,email,1,0,0.0,0
374,2024-01-01,email,1,0,0.0,1
375,2024-01-01,email,0,0,0.0,1
376,2024-01-01,email,0,1,34.36,1
377,2024-01-01,email,0,0,0.0,1
378,2024-01-01,email,0,0,0.0,0
379,2024-01-01,email,1,0,0.0,0
380,2024-01-01,email,1,0,0.0,0
381,2024-01-01,email,1,0,0.0,0
382,2024-01-01,email,1,0,0.0,0
383,2024-01-01,email,0,0,0.0,1
384,2024-01-01,email,0,0,0.0,1
385,2024-01-01,email,1,0,0.0,0
386,2024-01-01,email,1,1,69.1,0
387,2024-01-01,email,1,0,0.0,0
388,2024-01-01,email,0,0,0.0,1
389,2024-01-01,email,1,0,0.0,0
390,2024-01-01,email,1,0,0.0,0
391,2024-01-01,email,0,0,0.0,0
392,2024-01-01,email,1,0,0.0,0
393,2024-01-01,email,1,0,0.0,0
394,2024-01-01,email,0,0,0.0,1
395,2024-01-01,email,1,1,68.01,0
396,2024-01-01,email,1,0,0.0,0
397,2024-01-01,email,1,0,0.0,1
398,2024-01-01,email,0,0,0.0,1
399,2024-01-01,email,0,0,0.0,1
400,2024-01-01,email,0,0,0.0,1
401,2024-01-01,email,0,0,0.0,1
402,2024-01-01,email,0,0,0.0,1
403,2024-01-01,email,0,0,0.0,0
404,2024-01-01,email,1,0,0.0,1
405,2024-01-01,email,0,0,0.0,1
406,2024-01-01,email,1,0,0.0,0
407,2024-01-01,email,1,0,0.0,0
408,2024-01-01,email,0,0,0.0,1
409,2024-01-01,email,0,0,0.0,1
410,2024-01-01,email,1,1,34.91,0
411,2024-01-01,email,0,0,0.0,0
412,2024-01-01,email,0,0,0.0,1
413,2024-01-01,email,1,1,58.51,0
414,2024-01-01,email,0,0,0.0,1
415,2024-01-01,email,1,0,0.0,0
416,2024-01-01,email,1,1,38.52,0
417,2024-01-01,email,0,0,0.0,0
418,2024-01-01,email,1,0,0.0,0
419,2024-01-01,email,0,0,0.0,1
420,2024-01-01,email,1,0,0.0,0
421,2024-01-01,email,1,0,0.0,0
422,2024-01-01,email,0,0,0.0,1
423,2024-01-01,email,1,0,0.0,0
424,2024-01-01,email,0,0,0.0,1
425,2024-01-01,email,0,0,0.0,1
426,2024-01-01,email,0,0,0.0,0
427,2024-01-01,email,1,1,54.75,0
428,2024-01-01,email,0,0,0.0,1
429,2024-01-01,email,1,0,0.0,0
430,2024-01-01,email,0,0,0.0,1
431,2024-01-01,email,0,0,0.0,1
432,2024-01-01,email,1,1,56.9,0
433,2024-01-01,email,0,0,0.0,1
434,2024-01-01,email,0,0,0.0,1
435,2024-01-01,email,0,0,0.0,1
436,2024-01-01,email,1,0,0.0,1
437,2024-01-01,email,1,0,0.0,0
438,2024-01-01,email,0,0,0.0,1
439,2024-01-01,email,1,0,0.0,0
440,2024-01-01,email,0,0,0.0,1
441,2024-01-01,email,0,0,0.0,0
442,2024-01-01,email,0,0,0.0,1
443,2024-01-01,email,0,0,0.0,1
444,2024-01-01,email,1,0,0.0,0
445,2024-01-01,email,1,0,0.0,0
446,2024-01-01,email,1,0,0.0,0
447,2024-01-01,email,0,0,0.0,1
448,2024-01-01,email,0,0,0.0,1
449,2024-01-01,email,0,0,0.0,1
450,2024-01-01,email,0,0,0.0,1
451,2024-01-01,email,1,0,0.0,0
452,2024-01-01,email,0,0,0.0,1
453,2024-01-01,email,0,0,0.0,1
454,2024-01-01,email,1,0,0.0,0
455,2024-01-01,email,0,0,0.0,1
456,2024-01-01,email,0,0,0.0,1
457,2024-01-01,email,1,0,0.0,1
458,2024-01-01,email,0,0,0.0,0
459,2024-01-01,email,0,0,0.0,0
460,2024-01-01,email,1,0,0.0,0
461,2024-01-01,email,1,0,0.0,0
462,2024-01-01,email,0,0,0.0,1
463,2024-01-01,email,0,0,0.0,1
464,2024-01-01,email,1,0,0.0,0
465,2024-01-01,email,0,0,0.0,0
466,2024-01-01,email,0,0,0.0,1
467,2024-01-01,email,0,0,0.0,1
468,2024-01-01,email,0,0,0.0,0
469,2024-01-01,email,1,0,0.0,0
470,2024-01-01,email,1,0,0.0,0
471,2024-01-01,email,1,0,0.0,1
472,2024-01-01,email,0,0,0.0,1
473,2024-01-01,email,0,0,0.0,1
474,2024-01-01,email,0,0,0.0,0
475,2024-01-01,email,0,0,0.0,1
476,2024-01-01,email,0,0,0.0,1
477,2024-01-01,email,1,0,0.0,0
478,2024-01-01,email,0,0,0.0,0
479,2024-01-01,email,0,0,0.0,1
480,2024-01-01,email,1,0,0.0,0
481,2024-01-01,email,1,0,0.0,0
482,2024-01-01,email,1,0,0.0,0
483,2024-01-01,email,0,0,0.0,1
484,2024-01-01,email,0,0,0.0,1
485,2024-01-01,email,1,0,0.0,1
486,2024-01-01,email,1,0,0.0,0
487,2024-01-01,email,1,0,0.0,0
488,2024-01-01,email,0,1,51.05,1
489,2024-01-01,email,0,0,0.0,1
490,2024-01-01,email,1,0,0.0,0
491,2024-01-01,email,1,0,0.0,1
492,2024-01-01,email,0,0,0.0,1
493,2024-01-01,email,0,1,52.5,1
494,2024-01-01,email,1,0,0.0,1
495,2024-01-01,email,0,0,0.0,0
496,2024-01-01,email,1,0,0.0,0
497,2024-01-01,email,0,0,0.0,1
498,2024-01-01,email,1,0,0.0,0
499,2024-01-01,email,1,0,0.0,0
500,2024-01-01,email,0,0,0.0,0
501,2024-01-01,email,0,0,0.0,1
502,2024-01-01,email,1,0,0.0,1
503,2024-01-01,email,0,0,0.0,0
504,2024-01-01,email,1,0,0.0,0
505,2024-01-01,email,1,0,0.0,0
506,2024-01-01,email,0,1,28.11,1
507,2024-01-01,email,0,0,0.0,1
508,2024-01-01,email,1,0,0.0,0
509,2024-01-01,email,0,1,51.59,1
510,2024-01-01,email,0,0,0.0,1
511,2024-01-01,email,0,0,0.0,1
512,2024-01-01,email,1,1,48.26,0
513,2024-01-01,email,1,1,31.91,0
514,2024-01-01,email,0,0,0.0,1
515,2024-01-01,email,0,0,0.0,0
516,2024-01-01,email,0,0,0.0,1
517,2024-01-01,email,0,0,0.0,0
518,2024-01-01,email,1,1,32.19,0
519,2024-01-01,email,1,0,0.0,0
520,2024-01-01,email,1,0,0.0,0
521,2024-01-01,email,1,0,0.0,0
522,2024-01-01,email,1,0,0.0,0
523,2024-01-01,email,0,0,0.0,1
524,2024-01-01,email,0,0,0.0,0
525,2024-01-01,email,0,0,0.0,1
526,2024-01-01,email,0,0,0.0,0
527,2024-01-01,email,0,0,0.0,1
528,2024-01-01,email,1,0,0.0,0
529,2024-01-01,email,1,0,0.0,0
530,2024-01-01,email,1,1,55.96,1
531,2024-01-01,email,0,0,0.0,0
532,2024-01-01,email,0,0,0.0,0
533,2024-01-01,email,1,0,0.0,0
534,2024-01-01,email,1,0,0.0,0
535,2024-01-01,email,1,0,0.0,0
536,2024-01-01,email,0,1,71.61,1
537,2024-01-01,email,1,0,0.0,0
538,2024-01-01,email,1,0,0.0,0
539,2024-01-01,email,0,0,0.0,0
540,2024-01-01,email,1,1,37.77,0
541,2024-01-01,email,1,0,0.0,0
542,2024-01-01,email,1,0,0.0,0
543,2024-01-01,email,0,0,0.0,0
544,2024-01-01,email,0,0,0.0,1
545,2024-01-01,email,1,1,65.08,0
546,2024-01-01,email,0,0,0.0,1
547,2024-01-01,email,1,0,0.0,0
548,2024-01-01,email,1,0,0.0,0
549,2024-01-01,email,1,0,0.0,0
550,2024-01-01,email,1,1,73.71,0
551,2024-01-01,email,0,0,0.0,1
552,2024-01-01,email,1,1,45.1,0
553,2024-01-01,email,1,1,40.88,0
554,2024-01-01,email,0,0,0.0,1
555,2024-01-01,email,0,0,0.0,1
556,2024-01-01,email,0,0,0.0,1
557,2024-01-01,email,0,0,0.0,1
558,2024-01-01,email,1,0,0.0,1
559,2024-01-01,email,1,0,0.0,0
560,2024-01-01,email,0,0,0.0,0
561,2024-01-01,email,0,0,0.0,0
562,2024-01-01,email,0,0,0.0,1
563,2024-01-01,email,1,0,0.0,0
564,2024-01-01,email,1,0,0.0,0
565,2024-01-01,email,0,0,0.0,1
566,2024-01-01,email,1,0,0.0,0
567,2024-01-01,email,0,0,0.0,1
568,2024-01-01,email,0,0,0.0,1
569,2024-01-01,email,0,0,0.0,0
570,2024-01-01,email,0,0,0.0,1
571,2024-01-01,email,0,0,0.0,0
572,2024-01-01,email,0,0,0.0,0
573,2024-01-01,email,0,0,0.0,1
574,2024-01-01,email,1,0,0.0,1
575,2024-01-01,email,1,0,0.0,0
576,2024-01-01,email,1,0,0.0,0
577,2024-01-01,email,1,0,0.0,0
578,2024-01-01,email,1,0,0.0,1
579,2024-01-01,email,0,0,0.0,0
580,2024-01-01,email,0,1,37.35,1
581,2024-01-01,email,0,0,0.0,1
582,2024-01-01,email,0,0,0.0,1
583,2024-01-01,email,1,0,0.0,0
584,2024-01-01,email,0,0,0.0,1
585,2024-01-01,email,1,0,0.0,0
586,2024-01-01,email,0,0,0.0,0
587,2024-01-01,email,0,0,0.0,1
588,2024-01-01,email,0,0,0.0,1
589,2024-01-01,email,0,0,0.0,1
590,2024-01-01,email,1,0,0.0,0
591,2024-01-01,email,0,0,0.0,1
592,2024-01-01,email,0,0,0.0,1
593,2024-01-01,email,1,0,0.0,0
594,2024-01-01,email,0,0,0.0,1
595,2024-01-01,email,1,0,0.0,0
596,2024-01-01,email,0,0,0.0,1
597,2024-01-01,email,1,0,0.0,0
598,2024-01-01,email,0,0,0.0,1
599,2024-01-01,email,1,0,0.0,0
600,2024-01-01,email,0,0,0.0,1
601,2024-01-01,email,0,0,0.0,1
602,2024-01-01,email,0,0,0.0,1
603,2024-01-01,email,1,0,0.0,0
604,2024-01-01,email,1,0,0.0,0
605,2024-01-01,email,1,0,0.0,0
606,2024-01-01,email,1,0,0.0,0
607,2024-01-01,email,1,1,30.39,0
608,2024-01-01,email,0,0,0.0,0
609,2024-01-01,email,1,0,0.0,0
610,2024-01-01,email,1,0,0.0,0
611,2024-01-01,email,0,0,0.0,1
612,2024-01-01,email,1,0,0.0,0
613,2024-01-01,email,0,0,0.0,0
614,2024-01-01,email,1,0,0.0,1
615,2024-01-01,email,1,0,0.0,0
616,2024-01-01,email,1,0,0.0,1
617,2024-01-01,email,1,0,0.0,0
618,2024-01-01,email,0,0,0.0,0
619,2024-01-01,email,0,0,0.0,0
620,2024-01-01,email,1,0,0.0,0
621,2024-01-01,email,0,0,0.0,0
622,2024-01-01,email,1,0,0.0,0
623,2024-01-01,email,0,0,0.0,1
624,2024-01-01,email,1,0,0.0,0
625,2024-01-01,email,1,0,0.0,0
626,2024-01-01,email,1,0,0.0,1
627,2024-01-01,email,1,0,0.0,0
628,2024-01-01,email,1,1,47.69,0
629,2024-01-01,email,0,1,48.34,1
630,2024-01-01,email,0,0,0.0,0
631,2024-01-01,email,0,0,0.0,1
632,2024-01-01,email,1,0,0.0,0
633,2024-01-01,email,1,1,60.9,0
634,2024-01-01,email,1,0,0.0,0
635,2024-01-01,email,1,0,0.0,0
636,2024-01-01,email,0,0,0.0,1
637,2024-01-01,email,0,0,0.0,1
638,2024-01-01,email,1,0,0.0,0
639,2024-01-01,email,1,0,0.0,0
640,2024-01-01,email,0,0,0.0,1
641,2024-01-01,email,1,0,0.0,0
642,2024-01-01,email,1,0,0.0,0
643,2024-01-01,email,0,0,0.0,1
644,2024-01-01,email,1,0,0.0,0
645,2024-01-01,email,0,0,0.0,0
646,2024-01-01,email,1,0,0.0,0
647,2024-01-01,email,1,0,0.0,0
648,2024-01-01,email,0,0,0.0,1
649,2024-01-01,email,1,0,0.0,0
650,2024-01-01,email,1,0,0.0,0
651,2024-01-01,email,0,1,51.4,1
652,2024-01-01,email,0,0,0.0,1
653,2024-01-01,email,0,0,0.0,1
654,2024-01-01,email,0,0,0.0,1
655,2024-01-01,email,0,0,0.0,0
656,2024-01-01,email,1,0,0.0,0
657,2024-01-01,email,0,1,35.06,1
658,2024-01-01,email,0,0,0.0,0
659,2024-01-01,email,1,0,0.0,0
660,2024-01-01,email,1,0,0.0,1
661,2024-01-01,email,0,0,0.0,1
662,2024-01-01,email,1,0,0.0,0
663,2024-01-01,email,1,0,0.0,0
664,2024-01-01,email,1,0,0.0,0
665,2024-01-01,email,1,0,0.0,1
666,2024-01-01,email,1,0,0.0,0
667,2024-01-01,email,0,0,0.0,1
668,2024-01-01,email,0,0,0.0,1
669,2024-01-01,email,0,0,0.0,1
670,2024-01-01,email,0,0,0.0,0
671,2024-01-01,email,1,0,0.0,0
672,2024-01-01,email,0,0,0.0,1
673,2024-01-01,email,0,1,29.24,1
674,2024-01-01,email,0,0,0.0,0
675,2024-01-01,email,0,0,0.0,1
676,2024-01-01,email,0,0,0.0,1
677,2024-01-01,email,1,0,0.0,0
678,2024-01-01,email,0,0,0.0,1
679,2024-01-01,email,1,0,0.0,0
680,2024-01-01,email,0,0,0.0,1
681,2024-01-01,email,1,0,0.0,0
682,2024-01-01,email,1,0,0.0,0
683,2024-01-01,email,1,1,68.41,0
684,2024-01-01,email,1,0,0.0,0
685,2024-01-01,email,0,0,0.0,1
686,2024-01-01,email,1,0,0.0,1
687,2024-01-01,email,1,0,0.0,0
688,2024-01-01,email,1,0,0.0,0
689,2024-01-01,email,1,0,0.0,0
690,2024-01-01,email,1,0,0.0,0
691,2024-01-01,email,0,1,31.74,1
692,2024-01-01,email,1,0,0.0,1
693,2024-01-01,email,0,0,0.0,0
694,2024-01-01,email,1,0,0.0,0
695,2024-01-01,email,1,0,0.0,0
696,2024-01-01,email,1,0,0.0,0
697,2024-01-01,email,0,0,0.0,1
698,2024-01-01,email,0,0,0.0,1
699,2024-01-01,email,0,0,0.0,0
700,2024-01-01,email,1,0,0.0,0
701,2024-01-01,email,0,0,0.0,1
702,2024-01-01,email,0,0,0.0,0
703,2024-01-01,email,1,0,0.0,0
704,2024-01-01,email,1,0,0.0,0
705,2024-01-01,email,1,1,50.24,0
706,2024-01-01,email,1,0,0.0,0
707,2024-01-01,email,0,1,34.08,1
708,2024-01-01,email,1,0,0.0,0
709,2024-01-01,email,1,0,0.0,1
710,2024-01-01,email,1,0,0.0,0
711,2024-01-01,email,0,0,0.0,1
712,2024-01-01,email,0,0,0.0,1
713,2024-01-01,email,0,0,0.0,1
714,2024-01-01,email,1,1,64.42,0
715,2024-01-01,email,1,0,0.0,1
716,2024-01-01,email,0,0,0.0,1
717,2024-01-01,email,1,0,0.0,0
718,2024-01-01,email,1,0,0.0,0
719,2024-01-01,email,1,0,0.0,1
720,2024-01-01,email,0,0,0.0,0
721,2024-01-01,email,1,0,0.0,0
722,2024-01-01,email,0,0,0.0,1
723,2024-01-01,email,0,0,0.0,1
724,2024-01-01,email,0,0,0.0,1
725,2024-01-01,email,0,1,68.89,1
726,2024-01-01,email,0,1,33.62,1
727,2024-01-01,email,0,0,0.0,0
728,2024-01-01,email,0,0,0.0,1
729,2024-01-01,email,1,0,0.0,1
730,2024-01-01,email,1,0,0.0,0
731,2024-01-01,email,1,0,0.0,0
732,2024-01-01,email,0,0,0.0,0
733,2024-01-01,email,1,0,0.0,0
734,2024-01-01,email,1,0,0.0,0
735,2024-01-01,email,1,1,56.07,0
736,2024-01-01,email,0,0,0.0,1
737,2024-01-01,email,1,0,0.0,1
738,2024-01-01,email,0,0,0.0,1
739,2024-01-01,email,1,0,0.0,0
740,2024-01-01,email,0,0,0.0,0
741,2024-01-01,email,0,0,0.0,1
742,2024-01-01,email,0,0,0.0,1
743,2024-01-01,email,1,0,0.0,0
744,2024-01-01,email,1,0,0.0,1
745,2024-01-01,email,1,0,0.0,1
746,2024-01-01,email,1,0,0.0,0
747,2024-01-01,email,1,0,0.0,0
748,2024-01-01,email,1,0,0.0,0
749,2024-01-01,email,1,0,0.0,0
750,2024-01-01,email,1,0,0.0,0
751,2024-01-01,email,1,0,0.0,0
752,2024-01-01,email,0,0,0.0,0
753,2024-01-01,email,0,0,0.0,1
754,2024-01-01,email,0,0,0.0,1
755,2024-01-01,email,1,0,0.0,0
756,2024-01-01,email,1,0,0.0,0
757,2024-01-01,email,1,1,44.77,0
758,2024-01-01,email,0,0,0.0,1
759,2024-01-01,email,0,0,0.0,1
760,2024-01-01,email,0,0,0.0,1
761,2024-01-01,email,1,0,0.0,0
762,2024-01-01,email,1,0,0.0,0
763,2024-01-01,email,0,0,0.0,1
764,2024-01-01,email,0,0,0.0,1
765,2024-01-01,email,0,0,0.0,0
766,2024-01-01,email,1,0,0.0,1
767,2024-01-01,email,0,0,0.0,1
768,2024-01-01,email,0,0,0.0,1
769,2024-01-01,email,1,0,0.0,1
770,2024-01-01,email,1,0,0.0,0
771,2024-01-01,email,0,1,43.63,1
772,2024-01-01,email,0,0,0.0,1
773,2024-01-01,email,1,0,0.0,0
774,2024-01-01,email,0,0,0.0,1
775,2024-01-01,email,1,0,0.0,0
776,2024-01-01,email,0,0,0.0,1
777,2024-01-01,email,0,0,0.0,1
778,2024-01-01,email,1,0,0.0,0
779,2024-01-01,email,1,1,72.31,0
780,2024-01-01,email,1,0,0.0,0
781,2024-01-01,email,1,1,35.31,0
782,2024-01-01,email,0,0,0.0,1
783,2024-01-01,email,1,0,0.0,0
784,2024-01-01,email,1,0,0.0,0
785,2024-01-01,email,1,1,62.02,0
786,2024-01-01,email,1,0,0.0,1
787,2024-01-01,email,0,0,0.0,1
788,2024-01-01,email,1,0,0.0,0
789,2024-01-01,email,1,0,0.0,0
790,2024-01-01,email,0,1,43.25,0
791,2024-01-01,email,1,0,0.0,0
792,2024-01-01,email,1,0,0.0,0
793,2024-01-01,email,0,0,0.0,1
794,2024-01-01,email,0,0,0.0,1
795,2024-01-01,email,0,0,0.0,1
796,2024-01-01,email,0,0,0.0,0
797,2024-01-01,email,1,0,0.0,0
798,2024-01-01,email,0,1,36.8,1
799,2024-01-01,email,1,0,0.0,0
800,2024-01-01,email,0,0,0.0,1
801,2024-01-01,email,0,0,0.0,0
802,2024-01-01,email,1,0,0.0,0
803,2024-01-01,email,1,0,0.0,1
804,2024-01-01,email,1,0,0.0,0
805,2024-01-01,email,1,0,0.0,0
806,2024-01-01,email,0,0,0.0,1
807,2024-01-01,email,0,1,44.57,0
808,2024-01-01,email,0,0,0.0,0
809,2024-01-01,email,0,0,0.0,1
810,2024-01-01,email,0,0,0.0,1
811,2024-01-01,email,1,0,0.0,0
812,2024-01-01,email,0,0,0.0,0
813,2024-01-01,email,1,0,0.0,0
814,2024-01-01,email,0,0,0.0,0
815,2024-01-01,email,1,1,44.88,0
816,2024-01-01,email,1,0,0.0,0
817,2024-01-01,email,1,0,0.0,0
818,2024-01-01,email,1,0,0.0,1
819,2024-01-01,email,1,0,0.0,0
820,2024-01-01,email,0,0,0.0,1
821,2024-01-01,email,1,1,104.17,1
822,2024-01-01,email,0,1,64.67,0
823,2024-01-01,email,0,0,0.0,0
824,2024-01-01,email,1,0,0.0,0
825,2024-01-01,email,1,0,0.0,1
826,2024-01-01,email,0,0,0.0,1
827,2024-01-01,email,0,0,0.0,1
828,2024-01-01,email,1,0,0.0,0
829,2024-01-01,email,1,0,0.0,0
830,2024-01-01,email,1,0,0.0,0
831,2024-01-01,email,0,0,0.0,0
832,2024-01-01,email,1,0,0.0,0
833,2024-01-01,email,1,0,0.0,0
834,2024-01-01,email,1,0,0.0,0
835,2024-01-01,email,1,0,0.0,1
836,2024-01-01,email,0,0,0.0,0
837,2024-01-01,email,0,0,0.0,1
838,2024-01-01,email,0,0,0.0,1
839,2024-01-01,email,1,0,0.0,0
840,2024-01-01,email,1,0,0.0,0
841,2024-01-01,email,1,0,0.0,0
842,2024-01-01,email,1,0,0.0,1
843,2024-01-01,email,0,0,0.0,1
844,2024-01-01,email,1,0,0.0,0
845,2024-01-01,email,0,1,77.4,0
846,2024-01-01,email,1,0,0.0,0
847,2024-01-01,email,0,0,0.0,0
848,2024-01-01,email,0,0,0.0,1
849,2024-01-01,email,0,0,0.0,1
850,2024-01-01,email,1,0,0.0,0
851,2024-01-01,email,1,0,0.0,0
852,2024-01-01,email,0,0,0.0,1
853,2024-01-01,email,1,1,68.14,0
854,2024-01-01,email,1,0,0.0,0
855,2024-01-01,email,1,1,62.54,0
856,2024-01-01,email,1,0,0.0,0
857,2024-01-01,email,1,0,0.0,0
858,2024-01-01,email,1,0,0.0,0
859,2024-01-01,email,0,0,0.0,0
860,2024-01-01,email,1,0,0.0,0
861,2024-01-01,email,1,1,59.0,0
862,2024-01-01,email,0,0,0.0,1
863,2024-01-01,email,0,0,0.0,1
864,2024-01-01,email,1,0,0.0,0
865,2024-01-01,email,0,0,0.0,1
866,2024-01-01,email,0,0,0.0,1
867,2024-01-01,email,1,0,0.0,0
868,2024-01-01,email,1,1,60.31,0
869,2024-01-01,email,1,0,0.0,0
870,2024-01-01,email,1,0,0.0,0
871,2024-01-01,email,1,0,0.0,0
872,2024-01-01,email,0,0,0.0,0
873,2024-01-01,email,0,0,0.0,1
874,2024-01-01,email,0,0,0.0,1
875,2024-01-01,email,1,0,0.0,0
876,2024-01-01,email,0,0,0.0,1
877,2024-01-01,email,0,0,0.0,0
878,2024-01-01,email,1,0,0.0,0
879,2024-01-01,email,1,0,0.0,0
880,2024-01-01,email,1,0,0.0,0
881,2024-01-01,email,1,0,0.0,0
882,2024-01-01,email,0,0,0.0,1
883,2024-01-01,email,0,0,0.0,0
884,2024-01-01,email,0,0,0.0,0
885,2024-01-01,email,1,1,48.31,0
886,2024-01-01,email,0,0,0.0,1
887,2024-01-01,email,1,0,0.0,0
888,2024-01-01,email,0,0,0.0,1
889,2024-01-01,email,0,0,0.0,0
890,2024-01-01,email,0,0,0.0,1
891,2024-01-01,email,1,0,0.0,0
892,2024-01-01,email,0,0,0.0,1
893,2024-01-01,email,1,0,0.0,0
894,2024-01-01,email,0,0,0.0,1
895,2024-01-01,email,1,0,0.0,0
896,2024-01-01,email,1,1,75.86,0
897,2024-01-01,email,1,0,0.0,0
898,2024-01-01,email,0,0,0.0,1
899,2024-01-01,email,1,0,0.0,0
900,2024-01-01,email,0,0,0.0,1
901,2024-01-01,email,1,1,85.92,0
902,2024-01-01,email,1,0,0.0,0
903,2024-01-01,email,0,0,0.0,1
904,2024-01-01,email,0,0,0.0,1
905,2024-01-01,email,0,0,0.0,1
906,2024-01-01,email,0,0,0.0,1
907,2024-01-01,email,1,0,0.0,0
908,2024-01-01,email,1,0,0.0,0
909,2024-01-01,email,0,0,0.0,1
910,2024-01-01,email,1,0,0.0,0
911,2024-01-01,email,0,0,0.0,0
912,2024-01-01,email,0,0,0.0,0
913,2024-01-01,email,1,1,96.35,0
914,2024-01-01,email,0,0,0.0,1
915,2024-01-01,email,0,0,0.0,1
916,2024-01-01,email,1,0,0.0,0
917,2024-01-01,email,1,0,0.0,0
918,2024-01-01,email,0,0,0.0,1
919,2024-01-01,email,1,0,0.0,0
920,2024-01-01,email,0,1,47.9,0
921,2024-01-01,email,0,0,0.0,1
922,2024-01-01,email,0,0,0.0,1
923,2024-01-01,email,0,0,0.0,1
924,2024-01-01,email,0,0,0.0,1
925,2024-01-01,email,0,1,40.81,1
926,2024-01-01,email,0,0,0.0,1
927,2024-01-01,email,0,1,35.62,1
928,2024-01-01,email,0,0,0.0,0
929,2024-01-01,email,0,0,0.0,0
930,2024-01-01,email,0,0,0.0,1
931,2024-01-01,email,0,0,0.0,1
932,2024-01-01,email,0,1,38.48,1
933,2024-01-01,email,1,1,37.19,0
934,2024-01-01,email,1,0,0.0,0
935,2024-01-01,email,1,0,0.0,0
936,2024-01-01,email,1,0,0.0,0
937,2024-01-01,email,1,0,0.0,0
938,2024-01-01,email,0,0,0.0,1
939,2024-01-01,email,1,0,0.0,0
940,2024-01-01,email,1,0,0.0,0
941,2024-01-01,email,1,1,62.91,0
942,2024-01-01,email,1,0,0.0,0
943,2024-01-01,email,0,0,0.0,1
944,2024-01-01,email,0,0,0.0,0
945,2024-01-01,email,1,0,0.0,0
946,2024-01-01,email,1,0,0.0,0
947,2024-01-01,email,0,0,0.0,1
948,2024-01-01,email,0,0,0.0,0
949,2024-01-01,email,0,1,48.75,1
950,2024-01-01,email,0,0,0.0,1
951,2024-01-01,email,0,0,0.0,0
952,2024-01-01,email,0,0,0.0,1
953,2024-01-01,email,0,0,0.0,1
954,2024-01-01,email,1,0,0.0,0
955,2024-01-01,email,1,0,0.0,0
956,2024-01-01,email,1,1,34.66,0
957,2024-01-01,email,1,1,54.36,0
958,2024-01-01,email,1,0,0.0,0
959,2024-01-01,email,1,1,51.68,0
960,2024-01-01,email,0,0,0.0,0
961,2024-01-01,email,1,0,0.0,0
962,2024-01-01,email,0,0,0.0,1
963,2024-01-01,email,1,0,0.0,0
964,2024-01-01,email,1,0,0.0,0
965,2024-01-01,email,1,1,64.96,0
966,2024-01-01,email,1,0,0.0,0
967,2024-01-01,email,1,0,0.0,0
968,2024-01-01,email,0,0,0.0,1
969,2024-01-01,email,0,0,0.0,0
970,2024-01-01,email,0,1,57.5,1
971,2024-01-01,email,1,0,0.0,0
972,2024-01-01,email,1,0,0.0,0
973,2024-01-01,email,1,0,0.0,0
974,2024-01-01,email,1,0,0.0,0
975,2024-01-01,email,1,0,0.0,1
976,2024-01-01,email,1,0,0.0,0
977,2024-01-01,email,0,0,0.0,1
978,2024-01-01,email,0,0,0.0,1
979,2024-01-01,email,1,0,0.0,0
980,2024-01-01,email,1,0,0.0,1
981,2024-01-01,email,1,0,0.0,0
982,2024-01-01,email,1,1,34.99,0
983,2024-01-01,email,1,1,83.85,0
984,2024-01-01,email,1,0,0.0,0
985,2024-01-01,email,1,0,0.0,0
986,2024-01-01,email,0,0,0.0,1
987,2024-01-01,email,1,0,0.0,0
988,2024-01-01,email,0,0,0.0,1
989,2024-01-01,email,0,0,0.0,0
990,2024-01-01,email,1,0,0.0,0
991,2024-01-01,email,1,0,0.0,0
992,2024-01-01,email,1,0,0.0,0
993,2024-01-01,email,1,1,39.61,0
994,2024-01-01,email,0,0,0.0,0
995,2024-01-01,email,1,0,0.0,1
996,2024-01-01,email,0,0,0.0,1
997,2024-01-01,email,1,0,0.0,0
998,2024-01-01,email,0,0,0.0,1
999,2024-01-01,email,0,0,0.0,1
1000,2024-01-01,email,1,1,71.51,0
1001,2024-01-01,email,0,0,0.0,1
1002,2024-01-01,email,0,0,0.0,1
1003,2024-01-01,email,0,1,30.69,1
1004,2024-01-01,email,1,0,0.0,0
1005,2024-01-01,email,0,0,0.0,0
1006,2024-01-01,email,0,0,0.0,0
1007,2024-01-01,email,1,0,0.0,0
1008,2024-01-01,email,0,0,0.0,1
1009,2024-01-01,email,0,0,0.0,0
1010,2024-01-01,email,1,0,0.0,0
1011,2024-01-01,email,0,0,0.0,1
1012,2024-01-01,email,0,0,0.0,1
1013,2024-01-01,email,0,1,37.65,1
1014,2024-01-01,email,0,0,0.0,1
1015,2024-01-01,email,0,0,0.0,1
1016,2024-01-01,email,0,1,32.7,0
1017,2024-01-01,email,1,0,0.0,0
1018,2024-01-01,email,0,0,0.0,1
1019,2024-01-01,email,1,0,0.0,0
1020,2024-01-01,email,1,0,0.0,0
1021,2024-01-01,email,1,0,0.0,0
1022,2024-01-01,email,0,0,0.0,1
1023,2024-01-01,email,1,0,0.0,0
1024,2024-01-01,email,0,0,0.0,0
1025,2024-01-01,email,1,0,0.0,0
1026,2024-01-01,email,0,0,0.0,1
1027,2024-01-01,email,0,0,0.0,0
1028,2024-01-01,email,0,0,0.0,1
1029,2024-01-01,email,0,0,0.0,1
1030,2024-01-01,email,1,1,49.77,1
1031,2024-01-01,email,1,0,0.0,1
1032,2024-01-01,email,1,0,0.0,0
1033,2024-01-01,email,0,0,0.0,0
1034,2024-01-01,email,1,0,0.0,0
1035,2024-01-01,email,0,0,0.0,1
1036,2024-01-01,email,1,0,0.0,1
1037,2024-01-01,email,1,1,52.54,0
1038,2024-01-01,email,0,0,0.0,0
1039,2024-01-01,email,0,0,0.0,0
1040,2024-01-01,email,0,0,0.0,1
1041,2024-01-01,email,1,0,0.0,0
1042,2024-01-01,email,0,0,0.0,1
1043,2024-01-01,email,0,0,0.0,1
1044,2024-01-01,email,0,0,0.0,1
1045,2024-01-01,email,1,0,0.0,0
1046,2024-01-01,email,1,0,0.0,0
1047,2024-01-01,email,0,1,25.36,1
1048,2024-01-01,email,0,0,0.0,0
1049,2024-01-01,email,0,0,0.0,0
1050,2024-01-01,email,0,0,0.0,0
1051,2024-01-01,email,0,0,0.0,1
1052,2024-01-01,email,1,1,36.94,0
1053,2024-01-01,email,1,0,0.0,0
1054,2024-01-01,email,0,0,0.0,1
1055,2024-01-01,email,0,0,0.0,1
1056,2024-01-01,email,1,1,39.88,0
1057,2024-01-01,email,1,0,0.0,1
1058,2024-01-01,email,1,0,0.0,0
1059,2024-01-01,email,0,1,37.8,1
1060,2024-01-01,email,1,0,0.0,0
1061,2024-01-01,email,1,0,0.0,1
1062,2024-01-01,email,1,0,0.0,1
1063,2024-01-01,email,1,0,0.0,0
1064,2024-01-01,email,1,0,0.0,1
1065,2024-01-01,email,0,0,0.0,1
1066,2024-01-01,email,1,0,0.0,0
1067,2024-01-01,email,0,0,0.0,1
1068,2024-01-01,email,1,0,0.0,0
1069,2024-01-01,email,1,0,0.0,0
1070,2024-01-01,email,0,0,0.0,1
1071,2024-01-01,email,0,0,0.0,1
1072,2024-01-01,email,0,0,0.0,0
1073,2024-01-01,email,0,0,0.0,0
1074,2024-01-01,email,1,0,0.0,0
1075,2024-01-01,email,1,1,58.85,0
1076,2024-01-01,email,1,1,48.65,0
1077,2024-01-01,email,1,0,0.0,1
1078,2024-01-01,email,1,0,0.0,0
1079,2024-01-01,email,1,1,93.78,0
1080,2024-01-01,email,1,0,0.0,0
1081,2024-01-01,email,0,0,0.0,1
1082,2024-01-01,email,0,0,0.0,0
1083,2024-01-01,email,1,0,0.0,0
1084,2024-01-01,email,1,1,53.95,0
1085,2024-01-01,email,0,1,49.81,0
1086,2024-01-01,email,0,0,0.0,1
1087,2024-01-01,email,1,0,0.0,0
1088,2024-01-01,email,1,0,0.0,0
1089,2024-01-01,email,1,1,50.97,0
1090,2024-01-01,email,1,0,0.0,0
1091,2024-01-01,email,0,0,0.0,1
1092,2024-01-01,email,1,1,30.22,0
1093,2024-01-01,email,1,0,0.0,0
1094,2024-01-01,email,0,0,0.0,1
1095,2024-01-01,email,0,0,0.0,1
1096,2024-01-01,email,1,1,25.88,0
1097,2024-01-01,email,0,0,0.0,1
1098,2024-01-01,email,0,0,0.0,1
1099,2024-01-01,email,1,0,0.0,0
1100,2024-01-01,email,1,0,0.0,1
1101,2024-01-01,email,1,0,0.0,0
1102,2024-01-01,email,0,0,0.0,1
1103,2024-01-01,email,0,0,0.0,1
1104,2024-01-01,email,0,0,0.0,0
1105,2024-01-01,email,1,0,0.0,0
1106,2024-01-01,email,0,0,0.0,0
1107,2024-01-01,email,0,0,0.0,1
1108,2024-01-01,email,0,0,0.0,1
1109,2024-01-01,email,0,0,0.0,1
1110,2024-01-01,email,0,0,0.0,1
1111,2024-01-01,email,0,0,0.0,1
1112,2024-01-01,email,1,0,0.0,0
1113,2024-01-01,email,0,0,0.0,1
1114,2024-01-01,email,0,0,0.0,1
1115,2024-01-01,email,1,0,0.0,0
1116,2024-01-01,email,1,0,0.0,1
1117,2024-01-01,email,0,0,0.0,1
1118,2024-01-01,email,0,0,0.0,0
1119,2024-01-01,email,0,0,0.0,0
1120,2024-01-01,email,0,0,0.0,0
1121,2024-01-01,email,1,0,0.0,0
1122,2024-01-01,email,0,1,40.55,1
1123,2024-01-01,email,1,1,71.66,0
1124,2024-01-01,email,0,0,0.0,1
1125,2024-01-01,email,0,0,0.0,1
1126,2024-01-01,email,1,0,0.0,0
1127,2024-01-01,email,1,0,0.0,0
1128,2024-01-01,email,0,1,81.63,1
1129,2024-01-01,email,0,0,0.0,1
1130,2024-01-01,email,0,0,0.0,1
1131,2024-01-01,email,0,0,0.0,1
1132,2024-01-01,email,1,0,0.0,0
1133,2024-01-01,email,0,1,42.15,0
1134,2024-01-01,email,1,0,0.0,0
1135,2024-01-01,email,1,0,0.0,0
1136,2024-01-01,email,0,0,0.0,0
1137,2024-01-01,email,0,0,0.0,1
1138,2024-01-01,email,1,0,0.0,0
1139,2024-01-01,email,1,0,0.0,0
1140,2024-01-01,email,1,1,59.31,0
1141,2024-01-01,email,1,0,0.0,0
1142,2024-01-01,email,1,0,0.0,0
1143,2024-01-01,email,0,0,0.0,1
1144,2024-01-01,email,1,0,0.0,0
1145,2024-01-01,email,0,0,0.0,1
1146,2024-01-01,email,1,0,0.0,1
1147,2024-01-01,email,0,0,0.0,1
1148,2024-01-01,email,1,0,0.0,0
1149,2024-01-01,email,1,0,0.0,0
1150,2024-01-01,email,1,0,0.0,0
1151,2024-01-01,email,1,0,0.0,0
1152,2024-01-01,email,1,0,0.0,0
1153,2024-01-01,email,1,0,0.0,0
1154,2024-01-01,email,0,0,0.0,1
1155,2024-01-01,email,0,0,0.0,1
1156,2024-01-01,email,1,0,0.0,0
1157,2024-01-01,email,0,0,0.0,1
1158,2024-01-01,email,0,0,0.0,1
1159,2024-01-01,email,1,0,0.0,0
1160,2024-01-01,email,1,0,0.0,0
1161,2024-01-01,email,1,0,0.0,0
1162,2024-01-01,email,1,0,0.0,0
1163,2024-01-01,email,0,0,0.0,0
1164,2024-01-01,email,0,0,0.0,1
1165,2024-01-01,email,1,0,0.0,1
1166,2024-01-01,email,1,0,0.0,0
1167,2024-01-01,email,1,0,0.0,1
1168,2024-01-01,email,1,0,0.0,0
1169,2024-01-01,email,0,0,0.0,1
1170,2024-01-01,email,0,0,0.0,1
1171,2024-01-01,email,0,0,0.0,1
1172,2024-01-01,email,0,0,0.0,1
1173,2024-01-01,email,0,0,0.0,1
1174,2024-01-01,email,0,0,0.0,1
1175,2024-01-01,email,1,1,41.99,0
1176,2024-01-01,email,1,0,0.0,0
1177,2024-01-01,email,0,1,48.93,0
1178,2024-01-01,email,1,0,0.0,0
1179,2024-01-01,email,1,0,0.0,0
1180,2024-01-01,email,0,0,0.0,1
1181,2024-01-01,email,1,1,43.47,0
1182,2024-01-01,email,1,0,0.0,0
1183,2024-01-01,email,1,0,0.0,1
1184,2024-01-01,email,1,0,0.0,0
1185,2024-01-01,email,0,0,0.0,1
1186,2024-01-01,email,1,0,0.0,0
1187,2024-01-01,email,1,1,88.77,0
1188,2024-01-01,email,0,0,0.0,1
1189,2024-01-01,email,1,0,0.0,0
1190,2024-01-01,email,1,0,0.0,0
1191,2024-01-01,email,1,0,0.0,0
1192,2024-01-01,email,1,0,0.0,1
1193,2024-01-01,email,0,0,0.0,1
1194,2024-01-01,email,1,0,0.0,0
1195,2024-01-01,email,0,0,0.0,1
1196,2024-01-01,email,0,0,0.0,1
1197,2024-01-01,email,0,0,0.0,0
1198,2024-01-01,email,0,0,0.0,1
1199,2024-01-01,email,0,1,39.51,1
1200,2024-01-01,email,1,0,0.0,0
1201,2024-01-01,email,1,1,79.42,0
1202,2024-01-01,email,1,0,0.0,0
1203,2024-01-01,email,1,0,0.0,1
1204,2024-01-01,email,1,0,0.0,0
1205,2024-01-01,email,1,0,0.0,1
1206,2024-01-01,email,0,0,0.0,1
1207,2024-01-01,email,0,0,0.0,1
1208,2024-01-01,email,0,1,60.55,1
1209,2024-01-01,email,1,0,0.0,0
1210,2024-01-01,email,0,0,0.0,1
1211,2024-01-01,email,1,0,0.0,0
1212,2024-01-01,email,0,0,0.0,0
1213,2024-01-01,email,0,0,0.0,1
1214,2024-01-01,email,0,0,0.0,1
1215,2024-01-01,email,1,0,0.0,0
1216,2024-01-01,email,1,0,0.0,0
1217,2024-01-01,email,1,0,0.0,0
1218,2024-01-01,email,0,0,0.0,1
1219,2024-01-01,email,1,1,40.3,0
1220,2024-01-01,email,0,0,0.0,1
1221,2024-01-01,email,1,0,0.0,0
1222,2024-01-01,email,0,0,0.0,1
1223,2024-01-01,email,1,0,0.0,0
1224,2024-01-01,email,1,0,0.0,0
1225,2024-01-01,email,1,1,84.57,0
1226,2024-01-01,email,1,0,0.0,0
1227,2024-01-01,email,0,0,0.0,0
1228,2024-01-01,email,0,0,0.0,1
1229,2024-01-01,email,1,0,0.0,0
1230,2024-01-01,email,1,0,0.0,0
1231,2024-01-01,email,1,0,0.0,0
1232,2024-01-01,email,1,1,63.79,0
1233,2024-01-01,email,0,0,0.0,0
1234,2024-01-01,email,0,0,0.0,1
1235,2024-01-01,email,0,0,0.0,1
1236,2024-01-01,email,1,0,0.0,0
1237,2024-01-01,email,1,0,0.0,0
1238,2024-01-01,email,0,0,0.0,1
1239,2024-01-01,email,1,1,73.47,0
1240,2024-01-01,email,0,0,0.0,1
1241,2024-01-01,email,1,1,36.06,0
1242,2024-01-01,email,0,0,0.0,1
1243,2024-01-01,email,1,0,0.0,0
1244,2024-01-01,email,0,1,43.69,1
1245,2024-01-01,email,0,0,0.0,1
1246,2024-01-01,email,0,0,0.0,1
1247,2024-01-01,email,0,0,0.0,0
1248,2024-01-01,email,0,0,0.0,1
1249,2024-01-01,email,0,0,0.0,1
1250,2024-01-01,email,0,0,0.0,0
1251,2024-01-01,email,0,0,0.0,1
1252,2024-01-01,email,1,0,0.0,0
1253,2024-01-01,email,0,0,0.0,1
1254,2024-01-01,email,1,0,0.0,0
1255,2024-01-01,email,0,0,0.0,1
1256,2024-01-01,email,0,0,0.0,0
1257,2024-01-01,email,0,0,0.0,1
1258,2024-01-01,email,1,0,0.0,1
1259,2024-01-01,email,1,0,0.0,0
1260,2024-01-01,email,0,0,0.0,1
1261,2024-01-01,email,0,0,0.0,1
1262,2024-01-01,email,1,0,0.0,0
1263,2024-01-01,email,0,0,0.0,0
1264,2024-01-01,email,1,0,0.0,0
1265,2024-01-01,email,0,0,0.0,1
1266,2024-01-01,email,0,0,0.0,1
1267,2024-01-01,email,0,0,0.0,1
1268,2024-01-01,email,1,0,0.0,0
1269,2024-01-01,email,1,1,52.14,0
1270,2024-01-01,email,1,0,0.0,0
1271,2024-01-01,email,1,0,0.0,0
1272,2024-01-01,email,1,0,0.0,0
1273,2024-01-01,email,1,0,0.0,0
1274,2024-01-01,email,1,1,64.43,0
1275,2024-01-01,email,1,0,0.0,0
1276,2024-01-01,email,0,0,0.0,0
1277,2024-01-01,email,1,0,0.0,0
1278,2024-01-01,email,1,0,0.0,0
1279,2024-01-01,email,0,0,0.0,1
1280,2024-01-01,email,1,0,0.0,0
1281,2024-01-01,email,0,0,0.0,0
1282,2024-01-01,email,1,1,50.13,0
1283,2024-01-01,email,1,0,0.0,1
1284,2024-01-01,email,1,0,0.0,0
1285,2024-01-01,email,0,0,0.0,1
1286,2024-01-01,email,1,1,33.14,0
1287,2024-01-01,email,0,0,0.0,1
1288,2024-01-01,email,1,0,0.0,0
1289,2024-01-01,email,0,0,0.0,0
1290,2024-01-01,email,0,0,0.0,0
1291,2024-01-01,email,0,0,0.0,1
1292,2024-01-01,email,0,0,0.0,1
1293,2024-01-01,email,1,0,0.0,1
1294,2024-01-01,email,1,0,0.0,0
1295,2024-01-01,email,1,0,0.0,0
1296,2024-01-01,email,1,0,0.0,0
1297,2024-01-01,email,1,0,0.0,0
1298,2024-01-01,email,0,0,0.0,1
1299,2024-01-01,email,1,0,0.0,0
1300,2024-01-01,email,0,0,0.0,1
1301,2024-01-01,email,0,0,0.0,1
1302,2024-01-01,email,1,0,0.0,0
1303,2024-01-01,email,0,0,0.0,1
1304,2024-01-01,email,1,0,0.0,0
1305,2024-01-01,email,1,1,90.4,0
1306,2024-01-01,email,0,0,0.0,0
1307,2024-01-01,email,1,0,0.0,1
1308,2024-01-01,email,1,0,0.0,0
1309,2024-01-01,email,0,0,0.0,0
1310,2024-01-01,email,1,0,0.0,0
1311,2024-01-01,email,1,0,0.0,0
1312,2024-01-01,email,0,0,0.0,1
1313,2024-01-01,email,1,1,32.45,0
1314,2024-01-01,email,0,0,0.0,1
1315,2024-01-01,email,1,0,0.0,0
1316,2024-01-01,email,0,0,0.0,1
1317,2024-01-01,email,0,0,0.0,0
1318,2024-01-01,email,0,0,0.0,1
1319,2024-01-01,email,1,0,0.0,1
1320,2024-01-01,email,1,0,0.0,0
1321,2024-01-01,email,1,0,0.0,0
1322,2024-01-01,email,1,0,0.0,0
1323,2024-01-01,email,1,0,0.0,0
1324,2024-01-01,email,0,0,0.0,1
1325,2024-01-01,email,1,0,0.0,1
1326,2024-01-01,email,1,0,0.0,0
1327,2024-01-01,email,1,0,0.0,0
1328,2024-01-01,email,0,0,0.0,0
1329,2024-01-01,email,0,0,0.0,0
1330,2024-01-01,email,0,0,0.0,1
1331,2024-01-01,email,0,0,0.0,0
1332,2024-01-01,email,1,0,0.0,0
1333,2024-01-01,email,0,0,0.0,1
1334,2024-01-01,email,1,0,0.0,0
1335,2024-01-01,email,1,1,59.1,0
1336,2024-01-01,email,1,0,0.0,0
1337,2024-01-01,email,0,0,0.0,1
1338,2024-01-01,email,1,0,0.0,1
1339,2024-01-01,email,1,1,30.99,0
1340,2024-01-01,email,0,0,0.0,1
1341,2024-01-01,email,1,1,65.23,0
1342,2024-01-01,email,1,0,0.0,0
1343,2024-01-01,email,1,0,0.0,0
1344,2024-01-01,email,0,0,0.0,0
1345,2024-01-01,email,1,0,0.0,0
1346,2024-01-01,email,1,0,0.0,0
1347,2024-01-01,email,1,0,0.0,1
1348,2024-01-01,email,0,0,0.0,1
1349,2024-01-01,email,1,0,0.0,0
1350,2024-01-01,email,1,1,48.4,0
1351,2024-01-01,email,0,0,0.0,1
1352,2024-01-01,email,1,0,0.0,0
1353,2024-01-01,email,1,1,43.52,0
1354,2024-01-01,email,0,1,35.52,1
1355,2024-01-01,email,0,0,0.0,1
1356,2024-01-01,email,0,0,0.0,1
1357,2024-01-01,email,1,0,0.0,0
1358,2024-01-01,email,0,0,0.0,1
1359,2024-01-01,email,1,0,0.0,0
1360,2024-01-01,email,1,0,0.0,0
1361,2024-01-01,email,0,0,0.0,1
1362,2024-01-01,email,1,1,85.33,0
1363,2024-01-01,email,1,0,0.0,0
1364,2024-01-01,email,0,0,0.0,1
1365,2024-01-01,email,0,0,0.0,1
1366,2024-01-01,email,0,0,0.0,1
1367,2024-01-01,email,0,0,0.0,0
1368,2024-01-01,email,1,1,65.51,0
1369,2024-01-01,email,0,0,0.0,0
1370,2024-01-01,email,0,0,0.0,0
1371,2024-01-01,email,1,0,0.0,0
1372,2024-01-01,email,1,1,71.85,0
1373,2024-01-01,email,1,1,55.06,0
1374,2024-01-01,email,1,1,39.94,0
1375,2024-01-01,email,1,0,0.0,0
1376,2024-01-01,email,0,0,0.0,0
1377,2024-01-01,email,0,0,0.0,1
1378,2024-01-01,email,1,0,0.0,0
1379,2024-01-01,email,1,0,0.0,0
1380,2024-01-01,email,1,1,36.92,0
1381,2024-01-01,email,1,0,0.0,0
1382,2024-01-01,email,0,1,29.06,0
1383,2024-01-01,email,0,0,0.0,1
1384,2024-01-01,email,1,0,0.0,0
1385,2024-01-01,email,0,1,28.29,1
1386,2024-01-01,email,1,0,0.0,1
1387,2024-01-01,email,1,0,0.0,0
1388,2024-01-01,email,0,0,0.0,1
1389,2024-01-01,email,0,0,0.0,1
1390,2024-01-01,email,1,0,0.0,1
1391,2024-01-01,email,1,0,0.0,0
1392,2024-01-01,email,0,0,0.0,0
1393,2024-01-01,email,0,0,0.0,1
1394,2024-01-01,email,0,0,0.0,0
1395,2024-01-01,email,1,0,0.0,0
1396,2024-01-01,email,0,0,0.0,0
1397,2024-01-01,email,1,0,0.0,0
1398,2024-01-01,email,0,0,0.0,1
1399,2024-01-01,email,0,0,0.0,0
1400,2024-01-01,email,0,0,0.0,0
1401,2024-01-01,email,1,0,0.0,0
1402,2024-01-01,email,1,0,0.0,0
1403,2024-01-01,email,0,1,32.6,0
1404,2024-01-01,email,1,1,33.84,0
1405,2024-01-01,email,0,0,0.0,1
1406,2024-01-01,email,0,0,0.0,1
1407,2024-01-01,email,0,0,0.0,1
1408,2024-01-01,email,0,0,0.0,1
1409,2024-01-01,email,0,0,0.0,0
1410,2024-01-01,email,1,0,0.0,0
1411,2024-01-01,email,0,0,0.0,1
1412,2024-01-01,email,1,0,0.0,0
1413,2024-01-01,email,1,1,56.5,0
1414,2024-01-01,email,0,0,0.0,1
1415,2024-01-01,email,0,0,0.0,1
1416,2024-01-01,email,1,0,0.0,0
1417,2024-01-01,email,0,0,0.0,1
1418,2024-01-01,email,1,0,0.0,0
1419,2024-01-01,email,1,0,0.0,0
1420,2024-01-01,email,0,0,0.0,1
1421,2024-01-01,email,0,0,0.0,1
1422,2024-01-01,email,1,0,0.0,1
1423,2024-01-01,email,0,0,0.0,1
1424,2024-01-01,email,1,0,0.0,0
1425,2024-01-01,email,0,0,0.0,1
1426,2024-01-01,email,1,0,0.0,0
1427,2024-01-01,email,1,0,0.0,0
1428,2024-01-01,email,1,0,0.0,0
1429,2024-01-01,email,1,0,0.0,0
1430,2024-01-01,email,0,0,0.0,1
1431,2024-01-01,email,1,0,0.0,0
1432,2024-01-01,email,1,0,0.0,0
1433,2024-01-01,email,1,0,0.0,0
1434,2024-01-01,email,0,0,0.0,0
1435,2024-01-01,email,1,0,0.0,0
1436,2024-01-01,email,0,0,0.0,0
1437,2024-01-01,email,1,1,81.11,1
1438,2024-01-01,email,1,0,0.0,1
1439,2024-01-01,email,0,0,0.0,1
1440,2024-01-01,email,1,0,0.0,0
1441,2024-01-01,email,0,0,0.0,0
1442,2024-01-01,email,1,0,0.0,0
1443,2024-01-01,email,1,0,0.0,0
1444,2024-01-01,email,1,0,0.0,0
1445,2024-01-01,email,0,0,0.0,1
1446,2024-01-01,email,1,0,0.0,0
1447,2024-01-01,email,0,0,0.0,0
1448,2024-01-01,email,1,0,0.0,0
1449,2024-01-01,email,1,0,0.0,0
1450,2024-01-01,email,1,0,0.0,0
1451,2024-01-01,email,0,0,0.0,1
1452,2024-01-01,email,1,0,0.0,0
1453,2024-01-01,email,1,0,0.0,0
1454,2024-01-01,email,0,0,0.0,1
1455,2024-01-01,email,0,0,0.0,0
1456,2024-01-01,email,0,0,0.0,0
1457,2024-01-01,email,0,0,0.0,1
1458,2024-01-01,email,0,0,0.0,0
1459,2024-01-01,email,1,1,36.61,0
1460,2024-01-01,email,1,1,90.95,0
1461,2024-01-01,email,1,0,0.0,0
1462,2024-01-01,email,0,0,0.0,1
1463,2024-01-01,email,1,0,0.0,0
1464,2024-01-01,email,1,0,0.0,0
1465,2024-01-01,email,1,0,0.0,0
1466,2024-01-01,email,1,0,0.0,0
1467,2024-01-01,email,1,0,0.0,0
1468,2024-01-01,email,1,0,0.0,0
1469,2024-01-01,email,1,0,0.0,0
1470,2024-01-01,email,0,1,34.86,1
1471,2024-01-01,email,0,0,0.0,1
1472,2024-01-01,email,1,0,0.0,0
1473,2024-01-01,email,1,0,0.0,0
1474,2024-01-01,email,1,0,0.0,0
1475,2024-01-01,email,1,0,0.0,0
1476,2024-01-01,email,0,0,0.0,0
1477,2024-01-01,email,1,0,0.0,0
1478,2024-01-01,email,0,0,0.0,1
1479,2024-01-01,email,1,0,0.0,0
1480,2024-01-01,email,1,0,0.0,0
1481,2024-01-01,email,0,0,0.0,1
1482,2024-01-01,email,0,0,0.0,1
1483,2024-01-01,email,0,0,0.0,0
1484,2024-01-01,email,0,0,0.0,1
1485,2024-01-01,email,1,1,73.22,0
1486,2024-01-01,email,1,0,0.0,0
1487,2024-01-01,email,1,0,0.0,0
1488,2024-01-01,email,0,0,0.0,1
1489,2024-01-01,email,0,0,0.0,1
1490,2024-01-01,email,1,0,0.0,0
1491,2024-01-01,email,0,0,0.0,1
1492,2024-01-01,email,1,0,0.0,0
1493,2024-01-01,email,1,0,0.0,0
1494,2024-01-01,email,1,0,0.0,0
1495,2024-01-01,email,1,0,0.0,0
1496,2024-01-01,email,1,0,0.0,0
1497,2024-01-01,email,1,0,0.0,0
1498,2024-01-01,email,0,0,0.0,1
1499,2024-01-01,email,0,0,0.0,1
1500,2024-01-01,email,1,0,0.0,0
1501,2024-01-08,email,0,0,0.0,1
1502,2024-01-08,email,0,0,0.0,1
1503,2024-01-08,email,1,0,0.0,1
1504,2024-01-08,email,0,0,0.0,1
1505,2024-01-08,email,1,0,0.0,0
1506,2024-01-08,email,1,0,0.0,0
1507,2024-01-08,email,0,0,0.0,1
1508,2024-01-08,email,0,0,0.0,1
1509,2024-01-08,email,1,0,0.0,0
1510,2024-01-08,email,1,0,0.0,0
1511,2024-01-08,email,1,0,0.0,0
1512,2024-01-08,email,1,0,0.0,0
1513,2024-01-08,email,0,0,0.0,1
1514,2024-01-08,email,1,0,0.0,0
1515,2024-01-08,email,0,0,0.0,0
1516,2024-01-08,email,0,0,0.0,0
1517,2024-01-08,email,1,0,0.0,0
1518,2024-01-08,email,1,0,0.0,0
1519,2024-01-08,email,0,0,0.0,1
1520,2024-01-08,email,1,0,0.0,1
1521,2024-01-08,email,0,0,0.0,0
1522,2024-01-08,email,0,0,0.0,1
1523,2024-01-08,email,1,0,0.0,0
1524,2024-01-08,email,1,0,0.0,0
1525,2024-01-08,email,1,0,0.0,0
1526,2024-01-08,email,1,0,0.0,1
1527,2024-01-08,email,0,0,0.0,1
1528,2024-01-08,email,0,0,0.0,0
1529,2024-01-08,email,1,0,0.0,0
1530,2024-01-08,email,1,1,48.05,0
1531,2024-01-08,email,0,0,0.0,1
1532,2024-01-08,email,0,0,0.0,1
1533,2024-01-08,email,0,0,0.0,1
1534,2024-01-08,email,1,0,0.0,0
1535,2024-01-08,email,0,0,0.0,0
1536,2024-01-08,email,1,0,0.0,0
1537,2024-01-08,email,1,0,0.0,0
1538,2024-01-08,email,0,0,0.0,1
1539,2024-01-08,email,0,0,0.0,1
1540,2024-01-08,email,1,0,0.0,0
1541,2024-01-08,email,0,0,0.0,1
1542,2024-01-08,email,1,1,82.76,0
1543,2024-01-08,email,1,0,0.0,0
1544,2024-01-08,email,1,0,0.0,1
1545,2024-01-08,email,1,0,0.0,0
1546,2024-01-08,email,0,0,0.0,1
1547,2024-01-08,email,0,0,0.0,1
1548,2024-01-08,email,1,0,0.0,0
1549,2024-01-08,email,1,0,0.0,0
1550,2024-01-08,email,1,0,0.0,0
1551,2024-01-08,email,1,0,0.0,0
1552,2024-01-08,email,1,1,49.0,0
1553,2024-01-08,email,0,0,0.0,1
1554,2024-01-08,email,0,0,0.0,1
1555,2024-01-08,email,1,0,0.0,1
1556,2024-01-08,email,0,0,0.0,1
1557,2024-01-08,email,1,0,0.0,0
1558,2024-01-08,email,0,0,0.0,1
1559,2024-01-08,email,1,1,46.66,0
1560,2024-01-08,email,1,0,0.0,0
1561,2024-01-08,email,1,0,0.0,0
1562,2024-01-08,email,1,0,0.0,0
1563,2024-01-08,email,1,0,0.0,1
1564,2024-01-08,email,0,0,0.0,1
1565,2024-01-08,email,0,0,0.0,1
1566,2024-01-08,email,1,0,0.0,0
1567,2024-01-08,email,0,0,0.0,0
1568,2024-01-08,email,0,0,0.0,1
1569,2024-01-08,email,1,0,0.0,0
1570,2024-01-08,email,1,0,0.0,0
1571,2024-01-08,email,0,0,0.0,1
1572,2024-01-08,email,1,0,0.0,0
1573,2024-01-08,email,1,0,0.0,0
1574,2024-01-08,email,1,0,0.0,0
1575,2024-01-08,email,1,0,0.0,0
1576,2024-01-08,email,0,0,0.0,1
1577,2024-01-08,email,0,0,0.0,1
1578,2024-01-08,email,0,0,0.0,1
1579,2024-01-08,email,0,0,0.0,0
1580,2024-01-08,email,1,0,0.0,0
1581,2024-01-08,email,1,0,0.0,0
1582,2024-01-08,email,1,0,0.0,0
1583,2024-01-08,email,1,0,0.0,0
1584,2024-01-08,email,1,0,0.0,0
1585,2024-01-08,email,1,0,0.0,0
1586,2024-01-08,email,0,0,0.0,0
1587,2024-01-08,email,0,0,0.0,1
1588,2024-01-08,email,0,0,0.0,0
1589,2024-01-08,email,1,0,0.0,0
1590,2024-01-08,email,1,0,0.0,0
1591,2024-01-08,email,1,0,0.0,0
1592,2024-01-08,email,1,0,0.0,0
1593,2024-01-08,email,1,0,0.0,0
1594,2024-01-08,email,0,0,0.0,0
1595,2024-01-08,email,1,1,56.75,0
1596,2024-01-08,email,1,0,0.0,0
1597,2024-01-08,email,1,1,45.48,0
1598,2024-01-08,email,1,0,0.0,0
1599,2024-01-08,email,1,0,0.0,0
1600,2024-01-08,email,0,0,0.0,0
1601,2024-01-08,email,0,0,0.0,1
1602,2024-01-08,email,0,0,0.0,1
1603,2024-01-08,email,0,0,0.0,0
1604,2024-01-08,email,1,0,0.0,0
1605,2024-01-08,email,1,0,0.0,0
1606,2024-01-08,email,1,0,0.0,1
1607,2024-01-08,email,0,0,0.0,0
1608,2024-01-08,email,1,0,0.0,0
1609,2024-01-08,email,1,0,0.0,0
1610,2024-01-08,email,1,0,0.0,0
1611,2024-01-08,email,1,0,0.0,0
1612,2024-01-08,email,1,0,0.0,0
1613,2024-01-08,email,0,0,0.0,1
1614,2024-01-08,email,0,0,0.0,1
1615,2024-01-08,email,0,1,77.62,1
1616,2024-01-08,email,1,0,0.0,0
1617,2024-01-08,email,0,0,0.0,1
1618,2024-01-08,email,1,0,0.0,1
1619,2024-01-08,email,0,0,0.0,1
1620,2024-01-08,email,0,0,0.0,1
1621,2024-01-08,email,0,0,0.0,0
1622,2024-01-08,email,0,1,47.47,0
1623,2024-01-08,email,1,0,0.0,1
1624,2024-01-08,email,0,1,75.8,1
1625,2024-01-08,email,0,0,0.0,1
1626,2024-01-08,email,1,0,0.0,0
1627,2024-01-08,email,1,0,0.0,0
1628,2024-01-08,email,1,0,0.0,0
1629,2024-01-08,email,0,0,0.0,1
1630,2024-01-08,email,1,0,0.0,0
1631,2024-01-08,email,0,0,0.0,1
1632,2024-01-08,email,0,0,0.0,1
1633,2024-01-08,email,1,0,0.0,1
1634,2024-01-08,email,1,0,0.0,0
1635,2024-01-08,email,0,1,72.53,1
1636,2024-01-08,email,1,0,0.0,0
1637,2024-01-08,email,0,0,0.0,0
1638,2024-01-08,email,1,0,0.0,1
1639,2024-01-08,email,1,0,0.0,0
1640,2024-01-08,email,0,0,0.0,0
1641,2024-01-08,email,0,0,0.0,1
1642,2024-01-08,email,1,0,0.0,0
1643,2024-01-08,email,1,0,0.0,0
1644,2024-01-08,email,0,0,0.0,1
1645,2024-01-08,email,0,0,0.0,0
1646,2024-01-08,email,1,0,0.0,0
1647,2024-01-08,email,1,0,0.0,0
1648,2024-01-08,email,1,0,0.0,0
1649,2024-01-08,email,0,0,0.0,0
1650,2024-01-08,email,1,0,0.0,0
1651,2024-01-08,email,1,0,0.0,1
1652,2024-01-08,email,1,0,0.0,0
1653,2024-01-08,email,0,0,0.0,1
1654,2024-01-08,email,1,0,0.0,0
1655,2024-01-08,email,0,0,0.0,0
1656,2024-01-08,email,0,0,0.0,1
1657,2024-01-08,email,0,0,0.0,1
1658,2024-01-08,email,0,0,0.0,1
1659,2024-01-08,email,0,0,0.0,0
1660,2024-01-08,email,0,0,0.0,1
1661,2024-01-08,email,1,0,0.0,0
1662,2024-01-08,email,0,0,0.0,1
1663,2024-01-08,email,0,0,0.0,1
1664,2024-01-08,email,1,0,0.0,0
1665,2024-01-08,email,0,0,0.0,1
1666,2024-01-08,email,0,0,0.0,0
1667,2024-01-08,email,0,0,0.0,0
1668,2024-01-08,email,1,0,0.0,0
1669,2024-01-08,email,1,0,0.0,0
1670,2024-01-08,email,1,0,0.0,1
1671,2024-01-08,email,1,0,0.0,0
1672,2024-01-08,email,0,0,0.0,1
1673,2024-01-08,email,1,0,0.0,0
1674,2024-01-08,email,0,0,0.0,1
1675,2024-01-08,email,0,0,0.0,0
1676,2024-01-08,email,0,0,0.0,1
1677,2024-01-08,email,0,0,0.0,0
1678,2024-01-08,email,1,1,51.22,0
1679,2024-01-08,email,0,0,0.0,1
1680,2024-01-08,email,1,0,0.0,0
1681,2024-01-08,email,0,0,0.0,1
1682,2024-01-08,email,1,0,0.0,0
1683,2024-01-08,email,0,0,0.0,1
1684,2024-01-08,email,1,0,0.0,0
1685,2024-01-08,email,1,0,0.0,0
1686,2024-01-08,email,1,0,0.0,0
1687,2024-01-08,email,1,0,0.0,0
1688,2024-01-08,email,1,0,0.0,1
1689,2024-01-08,email,1,0,0.0,0
1690,2024-01-08,email,1,0,0.0,0
1691,2024-01-08,email,0,0,0.0,1
1692,2024-01-08,email,0,0,0.0,1
1693,2024-01-08,email,1,1,42.52,0
1694,2024-01-08,email,0,0,0.0,1
1695,2024-01-08,email,1,0,0.0,1
1696,2024-01-08,email,0,0,0.0,1
1697,2024-01-08,email,0,0,0.0,0
1698,2024-01-08,email,1,0,0.0,0
1699,2024-01-08,email,0,0,0.0,1
1700,2024-01-08,email,1,0,0.0,0
1701,2024-01-08,email,0,0,0.0,0
1702,2024-01-08,email,1,0,0.0,0
1703,2024-01-08,email,0,1,43.82,1
1704,2024-01-08,email,0,0,0.0,1
1705,2024-01-08,email,0,0,0.0,1
1706,2024-01-08,email,0,0,0.0,1
1707,2024-01-08,email,1,0,0.0,0
1708,2024-01-08,email,0,0,0.0,1
1709,2024-01-08,email,1,0,0.0,0
1710,2024-01-08,email,0,0,0.0,1
1711,2024-01-08,email,0,0,0.0,1
1712,2024-01-08,email,0,0,0.0,1
1713,2024-01-08,email,1,0,0.0,0
1714,2024-01-08,email,0,0,0.0,0
1715,2024-01-08,email,0,1,72.57,1
1716,2024-01-08,email,1,0,0.0,0
1717,2024-01-08,email,1,0,0.0,0
1718,2024-01-08,email,1,0,0.0,0
1719,2024-01-08,email,1,0,0.0,1
1720,2024-01-08,email,1,0,0.0,0
1721,2024-01-08,email,0,0,0.0,1
1722,2024-01-08,email,0,0,0.0,1
1723,2024-01-08,email,0,0,0.0,1
1724,2024-01-08,email,0,0,0.0,1
1725,2024-01-08,email,0,0,0.0,0
1726,2024-01-08,email,0,0,0.0,0
1727,2024-01-08,email,1,0,0.0,0
1728,2024-01-08,email,0,0,0.0,1
1729,2024-01-08,email,0,0,0.0,0
1730,2024-01-08,email,1,0,0.0,0
1731,2024-01-08,email,1,0,0.0,0
1732,2024-01-08,email,0,0,0.0,0
1733,2024-01-08,email,1,0,0.0,0
1734,2024-01-08,email,0,0,0.0,1
1735,2024-01-08,email,1,0,0.0,0
1736,2024-01-08,email,0,0,0.0,1
1737,2024-01-08,email,0,0,0.0,1
1738,2024-01-08,email,1,0,0.0,0
1739,2024-01-08,email,0,0,0.0,0
1740,2024-01-08,email,1,0,0.0,0
1741,2024-01-08,email,1,0,0.0,0
1742,2024-01-08,email,1,0,0.0,0
1743,2024-01-08,email,0,0,0.0,1
1744,2024-01-08,email,1,1,52.94,0
1745,2024-01-08,email,1,0,0.0,0
1746,2024-01-08,email,0,0,0.0,1
1747,2024-01-08,email,0,0,0.0,0
1748,2024-01-08,email,1,1,51.67,0
1749,2024-01-08,email,0,0,0.0,1
1750,2024-01-08,email,0,0,0.0,1
1751,2024-01-08,email,1,0,0.0,0
1752,2024-01-08,email,1,0,0.0,0
1753,2024-01-08,email,0,0,0.0,1
1754,2024-01-08,email,0,0,0.0,1
1755,2024-01-08,email,0,0,0.0,0
1756,2024-01-08,email,0,0,0.0,1
1757,2024-01-08,email,1,0,0.0,0
1758,2024-01-08,email,1,0,0.0,0
1759,2024-01-08,email,0,1,25.12,0
1760,2024-01-08,email,1,0,0.0,1
1761,2024-01-08,email,1,0,0.0,0
1762,2024-01-08,email,0,0,0.0,1
1763,2024-01-08,email,0,0,0.0,1
1764,2024-01-08,email,0,0,0.0,1
1765,2024-01-08,email,1,0,0.0,0
1766,2024-01-08,email,1,0,0.0,0
1767,2024-01-08,email,1,0,0.0,1
1768,2024-01-08,email,0,0,0.0,1
1769,2024-01-08,email,0,0,0.0,0
1770,2024-01-08,email,0,0,0.0,1
1771,2024-01-08,email,0,0,0.0,1
1772,2024-01-08,email,0,0,0.0,1
1773,2024-01-08,email,1,0,0.0,0
1774,2024-01-08,email,0,0,0.0,0
1775,2024-01-08,email,1,0,0.0,0
1776,2024-01-08,email,1,0,0.0,1
1777,2024-01-08,email,1,0,0.0,0
1778,2024-01-08,email,0,0,0.0,1
1779,2024-01-08,email,0,0,0.0,1
1780,2024-01-08,email,1,0,0.0,0
1781,2024-01-08,email,1,0,0.0,0
1782,2024-01-08,email,0,0,0.0,0
1783,2024-01-08,email,0,0,0.0,1
1784,2024-01-08,email,1,0,0.0,0
1785,2024-01-08,email,0,0,0.0,1
1786,2024-01-08,email,0,0,0.0,1
1787,2024-01-08,email,1,0,0.0,0
1788,2024-01-08,email,1,0,0.0,0
1789,2024-01-08,email,1,0,0.0,0
1790,2024-01-08,email,1,0,0.0,0
1791,2024-01-08,email,0,0,0.0,1
1792,2024-01-08,email,0,0,0.0,1
1793,2024-01-08,email,1,0,0.0,0
1794,2024-01-08,email,1,0,0.0,0
1795,2024-01-08,email,1,1,64.84,0
1796,2024-01-08,email,1,0,0.0,0
1797,2024-01-08,email,0,0,0.0,1
1798,2024-01-08,email,0,0,0.0,0
1799,2024-01-08,email,1,0,0.0,0
1800,2024-01-08,email,1,1,43.86,0
1801,2024-01-08,email,1,0,0.0,0
1802,2024-01-08,email,1,0,0.0,1
1803,2024-01-08,email,0,0,0.0,1
1804,2024-01-08,email,0,0,0.0,1
1805,2024-01-08,email,1,0,0.0,0
1806,2024-01-08,email,0,0,0.0,1
1807,2024-01-08,email,1,0,0.0,0
1808,2024-01-08,email,1,0,0.0,0
1809,2024-01-08,email,0,0,0.0,0
1810,2024-01-08,email,1,0,0.0,0
1811,2024-01-08,email,1,0,0.0,1
1812,2024-01-08,email,1,1,50.64,0
1813,2024-01-08,email,0,0,0.0,1
1814,2024-01-08,email,1,0,0.0,0
1815,2024-01-08,email,0,0,0.0,1
1816,2024-01-08,email,0,0,0.0,1
1817,2024-01-08,email,1,0,0.0,0
1818,2024-01-08,email,0,0,0.0,1
1819,2024-01-08,email,0,0,0.0,1
1820,2024-01-08,email,0,0,0.0,1
1821,2024-01-08,email,0,0,0.0,1
1822,2024-01-08,email,1,0,0.0,0
1823,2024-01-08,email,0,0,0.0,1
1824,2024-01-08,email,0,0,0.0,1
1825,2024-01-08,email,0,0,0.0,0
1826,2024-01-08,email,1,0,0.0,0
1827,2024-01-08,email,0,0,0.0,0
1828,2024-01-08,email,1,0,0.0,1
1829,2024-01-08,email,0,0,0.0,0
1830,2024-01-08,email,0,0,0.0,1
1831,2024-01-08,email,0,0,0.0,1
1832,2024-01-08,email,0,0,0.0,1
1833,2024-01-08,email,1,0,0.0,1
1834,2024-01-08,email,0,0,0.0,0
1835,2024-01-08,email,1,0,0.0,0
1836,2024-01-08,email,1,0,0.0,0
1837,2024-01-08,email,0,0,0.0,0
1838,2024-01-08,email,0,0,0.0,1
1839,2024-01-08,email,0,0,0.0,1
1840,2024-01-08,email,0,0,0.0,0
1841,2024-01-08,email,0,0,0.0,1
1842,2024-01-08,email,1,0,0.0,1
1843,2024-01-08,email,1,0,0.0,0
1844,2024-01-08,email,1,0,0.0,0
1845,2024-01-08,email,1,0,0.0,0
1846,2024-01-08,email,0,0,0.0,0
1847,2024-01-08,email,1,0,0.0,1
1848,2024-01-08,email,1,0,0.0,0
1849,2024-01-08,email,1,0,0.0,0
1850,2024-01-08,email,0,0,0.0,0
1851,2024-01-08,email,1,0,0.0,0
1852,2024-01-08,email,1,0,0.0,0
1853,2024-01-08,email,1,0,0.0,0
1854,2024-01-08,email,0,0,0.0,1
1855,2024-01-08,email,1,0,0.0,0
1856,2024-01-08,email,0,0,0.0,1
1857,2024-01-08,email,0,0,0.0,1
1858,2024-01-08,email,1,0,0.0,1
1859,2024-01-08,email,1,0,0.0,0
1860,2024-01-08,email,0,0,0.0,1
1861,2024-01-08,email,0,0,0.0,1
1862,2024-01-08,email,0,0,0.0,1
1863,2024-01-08,email,0,0,0.0,1
1864,2024-01-08,email,0,0,0.0,0
1865,2024-01-08,email,1,0,0.0,0
1866,2024-01-08,email,1,0,0.0,0
1867,2024-01-08,email,1,0,0.0,0
1868,2024-01-08,email,1,0,0.0,0
1869,2024-01-08,email,0,0,0.0,1
1870,2024-01-08,email,1,0,0.0,0
1871,2024-01-08,email,0,0,0.0,1
1872,2024-01-08,email,0,0,0.0,1
1873,2024-01-08,email,0,0,0.0,1
1874,2024-01-08,email,1,0,0.0,0
1875,2024-01-08,email,1,0,0.0,0
1876,2024-01-08,email,1,0,0.0,0
1877,2024-01-08,email,1,1,47.95,0
1878,2024-01-08,email,1,0,0.0,0
1879,2024-01-08,email,1,0,0.0,0
1880,2024-01-08,email,0,0,0.0,1
1881,2024-01-08,email,0,0,0.0,1
1882,2024-01-08,email,1,0,0.0,0
1883,2024-01-08,email,0,0,0.0,1
1884,2024-01-08,email,1,0,0.0,0
1885,2024-01-08,email,1,0,0.0,0
1886,2024-01-08,email,1,0,0.0,0
1887,2024-01-08,email,0,0,0.0,0
1888,2024-01-08,email,0,0,0.0,0
1889,2024-01-08,email,0,0,0.0,1
1890,2024-01-08,email,0,0,0.0,1
1891,2024-01-08,email,0,0,0.0,0
1892,2024-01-08,email,1,0,0.0,0
1893,2024-01-08,email,1,0,0.0,0
1894,2024-01-08,email,1,0,0.0,0
1895,2024-01-08,email,1,1,36.51,0
1896,2024-01-08,email,0,0,0.0,1
1897,2024-01-08,email,0,0,0.0,1
1898,2024-01-08,email,1,1,53.09,0
1899,2024-01-08,email,0,0,0.0,1
1900,2024-01-08,email,0,0,0.0,1
1901,2024-01-08,email,1,1,85.73,1
1902,2024-01-08,email,0,0,0.0,0
1903,2024-01-08,email,1,0,0.0,0
1904,2024-01-08,email,1,0,0.0,1
1905,2024-01-08,email,1,0,0.0,0
1906,2024-01-08,email,1,0,0.0,0
1907,2024-01-08,email,0,0,0.0,0
1908,2024-01-08,email,0,0,0.0,1
1909,2024-01-08,email,1,0,0.0,0
1910,2024-01-08,email,0,0,0.0,1
1911,2024-01-08,email,0,0,0.0,1
1912,2024-01-08,email,0,0,0.0,0
1913,2024-01-08,email,0,0,0.0,1
1914,2024-01-08,email,1,0,0.0,0
1915,2024-01-08,email,0,0,0.0,1
1916,2024-01-08,email,1,0,0.0,0
1917,2024-01-08,email,1,0,0.0,0
1918,2024-01-08,email,0,0,0.0,1
1919,2024-01-08,email,0,1,62.87,1
1920,2024-01-08,email,1,1,95.05,1
1921,2024-01-08,email,0,0,0.0,0
1922,2024-01-08,email,1,0,0.0,0
1923,2024-01-08,email,1,0,0.0,0
1924,2024-01-08,email,0,1,27.38,1
1925,2024-01-08,email,1,0,0.0,0
1926,2024-01-08,email,1,0,0.0,1
1927,2024-01-08,email,1,1,54.85,0
1928,2024-01-08,email,1,1,103.65,0
1929,2024-01-08,email,1,0,0.0,0
1930,2024-01-08,email,1,0,0.0,0
1931,2024-01-08,email,1,0,0.0,0
1932,2024-01-08,email,1,0,0.0,1
1933,2024-01-08,email,1,0,0.0,0
1934,2024-01-08,email,1,0,0.0,0
1935,2024-01-08,email,0,0,0.0,1
1936,2024-01-08,email,1,0,0.0,1
1937,2024-01-08,email,1,0,0.0,1
1938,2024-01-08,email,1,0,0.0,0
1939,2024-01-08,email,1,0,0.0,1
1940,2024-01-08,email,0,0,0.0,0
1941,2024-01-08,email,1,0,0.0,1
1942,2024-01-08,email,0,0,0.0,1
1943,2024-01-08,email,1,0,0.0,0
1944,2024-01-08,email,1,0,0.0,0
1945,2024-01-08,email,1,0,0.0,0
1946,2024-01-08,email,1,0,0.0,0
1947,2024-01-08,email,1,0,0.0,0
1948,2024-01-08,email,1,0,0.0,0
1949,2024-01-08,email,1,0,0.0,0
1950,2024-01-08,email,1,1,75.36,0
1951,2024-01-08,email,0,0,0.0,1
1952,2024-01-08,email,0,0,0.0,1
1953,2024-01-08,email,1,0,0.0,0
1954,2024-01-08,email,0,0,0.0,0
1955,2024-01-08,email,1,0,0.0,1
1956,2024-01-08,email,1,0,0.0,0
1957,2024-01-08,email,0,0,0.0,0
1958,2024-01-08,email,1,0,0.0,0
1959,2024-01-08,email,1,0,0.0,0
1960,2024-01-08,email,0,0,0.0,1
1961,2024-01-08,email,0,0,0.0,1
1962,2024-01-08,email,1,0,0.0,0
1963,2024-01-08,email,0,1,27.64,1
1964,2024-01-08,email,0,0,0.0,1
1965,2024-01-08,email,1,1,37.36,0
1966,2024-01-08,email,1,0,0.0,0
1967,2024-01-08,email,1,0,0.0,0
1968,2024-01-08,email,1,0,0.0,0
1969,2024-01-08,email,0,0,0.0,1
1970,2024-01-08,email,0,0,0.0,0
1971,2024-01-08,email,0,0,0.0,1
1972,2024-01-08,email,1,0,0.0,0
1973,2024-01-08,email,0,0,0.0,1
1974,2024-01-08,email,1,0,0.0,0
1975,2024-01-08,email,0,0,0.0,1
1976,2024-01-08,email,1,0,0.0,1
1977,2024-01-08,email,0,0,0.0,1
1978,2024-01-08,email,1,0,0.0,1
1979,2024-01-08,email,1,0,0.0,0
1980,2024-01-08,email,1,0,0.0,0
1981,2024-01-08,email,0,0,0.0,0
1982,2024-01-08,email,1,0,0.0,0
1983,2024-01-08,email,1,0,0.0,0
1984,2024-01-08,email,0,0,0.0,1
1985,2024-01-08,email,0,0,0.0,0
1986,2024-01-08,email,0,0,0.0,0
1987,2024-01-08,email,1,0,0.0,0
1988,2024-01-08,email,0,0,0.0,1
1989,2024-01-08,email,0,0,0.0,1
1990,2024-01-08,email,1,0,0.0,0
1991,2024-01-08,email,1,0,0.0,0
1992,2024-01-08,email,0,0,0.0,1
1993,2024-01-08,email,0,0,0.0,0
1994,2024-01-08,email,1,0,0.0,0
1995,2024-01-08,email,0,0,0.0,0
1996,2024-01-08,email,0,0,0.0,0
1997,2024-01-08,email,0,0,0.0,0
1998,2024-01-08,email,0,0,0.0,1
1999,2024-01-08,email,0,0,0.0,1
2000,2024-01-08,email,0,0,0.0,1
2001,2024-01-08,email,1,0,0.0,0
2002,2024-01-08,email,1,0,0.0,0
2003,2024-01-08,email,0,0,0.0,1
2004,2024-01-08,email,1,0,0.0,0
2005,2024-01-08,email,0,0,0.0,1
2006,2024-01-08,email,0,0,0.0,1
2007,2024-01-08,email,1,0,0.0,0
2008,2024-01-08,email,0,0,0.0,1
2009,2024-01-08,email,1,0,0.0,0
2010,2024-01-08,email,0,0,0.0,1
2011,2024-01-08,email,1,0,0.0,0
2012,2024-01-08,email,0,0,0.0,0
2013,2024-01-08,email,0,0,0.0,1
2014,2024-01-08,email,1,0,0.0,0
2015,2024-01-08,email,1,0,0.0,0
2016,2024-01-08,email,1,0,0.0,0
2017,2024-01-08,email,0,0,0.0,1
2018,2024-01-08,email,0,0,0.0,1
2019,2024-01-08,email,0,0,0.0,0
2020,2024-01-08,email,1,0,0.0,0
2021,2024-01-08,email,1,0,0.0,0
2022,2024-01-08,email,1,0,0.0,0
2023,2024-01-08,email,0,0,0.0,1
2024,2024-01-08,email,0,0,0.0,1
2025,2024-01-08,email,1,0,0.0,0
2026,2024-01-08,email,0,0,0.0,1
2027,2024-01-08,email,1,0,0.0,0
2028,2024-01-08,email,0,0,0.0,1
2029,2024-01-08,email,1,0,0.0,0
2030,2024-01-08,email,1,0,0.0,0
2031,2024-01-08,email,0,0,0.0,1
2032,2024-01-08,email,0,0,0.0,0
2033,2024-01-08,email,1,0,0.0,0
2034,2024-01-08,email,1,0,0.0,0
2035,2024-01-08,email,0,0,0.0,1
2036,2024-01-08,email,0,0,0.0,1
2037,2024-01-08,email,1,0,0.0,0
2038,2024-01-08,email,1,1,77.19,1
2039,2024-01-08,email,1,0,0.0,0
2040,2024-01-08,email,1,0,0.0,0
2041,2024-01-08,email,1,0,0.0,0
2042,2024-01-08,email,1,0,0.0,0
2043,2024-01-08,email,1,0,0.0,1
2044,2024-01-08,email,1,1,30.65,0
2045,2024-01-08,email,1,0,0.0,0
2046,2024-01-08,email,0,0,0.0,1
2047,2024-01-08,email,0,0,0.0,1
2048,2024-01-08,email,0,0,0.0,1
2049,2024-01-08,email,0,0,0.0,1
2050,2024-01-08,email,0,0,0.0,0
2051,2024-01-08,email,1,0,0.0,0
2052,2024-01-08,email,0,0,0.0,1
2053,2024-01-08,email,1,0,0.0,0
2054,2024-01-08,email,1,0,0.0,0
2055,2024-01-08,email,0,0,0.0,1
2056,2024-01-08,email,1,0,0.0,0
2057,2024-01-08,email,1,0,0.0,0
2058,2024-01-08,email,0,0,0.0,0
2059,2024-01-08,email,1,0,0.0,0
2060,2024-01-08,email,0,0,0.0,1
2061,2024-01-08,email,0,0,0.0,0
2062,2024-01-08,email,0,0,0.0,1
2063,2024-01-08,email,0,0,0.0,0
2064,2024-01-08,email,1,0,0.0,0
2065,2024-01-08,email,1,0,0.0,0
2066,2024-01-08,email,1,0,0.0,0
2067,2024-01-08,email,1,0,0.0,0
2068,2024-01-08,email,0,0,0.0,1
2069,2024-01-08,email,0,0,0.0,1
2070,2024-01-08,email,0,0,0.0,1
2071,2024-01-08,email,1,0,0.0,0
2072,2024-01-08,email,1,0,0.0,0
2073,2024-01-08,email,0,0,0.0,1
2074,2024-01-08,email,1,1,36.35,0
2075,2024-01-08,email,1,0,0.0,0
2076,2024-01-08,email,1,0,0.0,0
2077,2024-01-08,email,0,1,35.43,0
2078,2024-01-08,email,1,0,0.0,0
2079,2024-01-08,email,0,0,0.0,1
2080,2024-01-08,email,0,0,0.0,0
2081,2024-01-08,email,0,0,0.0,1
2082,2024-01-08,email,1,0,0.0,0
2083,2024-01-08,email,0,0,0.0,1
2084,2024-01-08,email,0,0,0.0,1
2085,2024-01-08,email,0,0,0.0,1
2086,2024-01-08,email,1,0,0.0,0
2087,2024-01-08,email,0,0,0.0,1
2088,2024-01-08,email,1,0,0.0,0
2089,2024-01-08,email,0,0,0.0,0
2090,2024-01-08,email,1,0,0.0,0
2091,2024-01-08,email,1,1,49.66,0
2092,2024-01-08,email,1,0,0.0,1
2093,2024-01-08,email,0,0,0.0,1
2094,2024-01-08,email,1,0,0.0,0
2095,2024-01-08,email,0,0,0.0,0
2096,2024-01-08,email,0,0,0.0,1
2097,2024-01-08,email,1,0,0.0,0
2098,2024-01-08,email,0,0,0.0,1
2099,2024-01-08,email,1,0,0.0,0
2100,2024-01-08,email,1,0,0.0,0
2101,2024-01-08,email,0,0,0.0,1
2102,2024-01-08,email,1,0,0.0,0
2103,2024-01-08,email,1,0,0.0,0
2104,2024-01-08,email,0,0,0.0,1
2105,2024-01-08,email,1,0,0.0,0
2106,2024-01-08,email,0,0,0.0,1
2107,2024-01-08,email,1,1,52.1,0
2108,2024-01-08,email,1,0,0.0,0
2109,2024-01-08,email,1,0,0.0,1
2110,2024-01-08,email,1,0,0.0,0
2111,2024-01-08,email,1,0,0.0,1
2112,2024-01-08,email,1,0,0.0,0
2113,2024-01-08,email,0,1,41.42,1
2114,2024-01-08,email,1,0,0.0,0
2115,2024-01-08,email,0,0,0.0,1
2116,2024-01-08,email,1,0,0.0,1
2117,2024-01-08,email,0,0,0.0,0
2118,2024-01-08,email,1,0,0.0,0
2119,2024-01-08,email,1,0,0.0,1
2120,2024-01-08,email,1,0,0.0,0
2121,2024-01-08,email,1,0,0.0,0
2122,2024-01-08,email,0,0,0.0,1
2123,2024-01-08,email,1,0,0.0,0
2124,2024-01-08,email,0,0,0.0,1
2125,2024-01-08,email,1,0,0.0,0
2126,2024-01-08,email,1,0,0.0,0
2127,2024-01-08,email,0,0,0.0,1
2128,2024-01-08,email,0,0,0.0,1
2129,2024-01-08,email,1,0,0.0,0
2130,2024-01-08,email,1,0,0.0,0
2131,2024-01-08,email,0,0,0.0,0
2132,2024-01-08,email,1,0,0.0,1
2133,2024-01-08,email,0,0,0.0,1
2134,2024-01-08,email,0,0,0.0,1
2135,2024-01-08,email,0,0,0.0,0
2136,2024-01-08,email,1,0,0.0,0
2137,2024-01-08,email,1,0,0.0,0
2138,2024-01-08,email,1,0,0.0,0
2139,2024-01-08,email,0,1,67.04,0
2140,2024-01-08,email,1,0,0.0,0
2141,2024-01-08,email,0,0,0.0,1
2142,2024-01-08,email,1,0,0.0,0
2143,2024-01-08,email,1,0,0.0,0
2144,2024-01-08,email,0,0,0.0,0
2145,2024-01-08,email,0,0,0.0,0
2146,2024-01-08,email,0,0,0.0,1
2147,2024-01-08,email,1,0,0.0,0
2148,2024-01-08,email,0,0,0.0,1
2149,2024-01-08,email,1,0,0.0,0
2150,2024-01-08,email,0,0,0.0,1
2151,2024-01-08,email,1,0,0.0,0
2152,2024-01-08,email,1,0,0.0,0
2153,2024-01-08,email,1,0,0.0,0
2154,2024-01-08,email,0,0,0.0,1
2155,2024-01-08,email,0,0,0.0,1
2156,2024-01-08,email,1,0,0.0,0
2157,2024-01-08,email,1,0,0.0,0
2158,2024-01-08,email,0,0,0.0,1
2159,2024-01-08,email,0,0,0.0,1
2160,2024-01-08,email,1,0,0.0,0
2161,2024-01-08,email,1,0,0.0,0
2162,2024-01-08,email,1,0,0.0,1
2163,2024-01-08,email,1,0,0.0,0
2164,2024-01-08,email,1,0,0.0,0
2165,2024-01-08,email,0,0,0.0,1
2166,2024-01-08,email,0,0,0.0,1
2167,2024-01-08,email,0,0,0.0,1
2168,2024-01-08,email,0,0,0.0,1
2169,2024-01-08,email,1,0,0.0,1
2170,2024-01-08,email,1,0,0.0,0
2171,2024-01-08,email,0,0,0.0,1
2172,2024-01-08,email,0,0,0.0,1
2173,2024-01-08,email,0,0,0.0,1
2174,2024-01-08,email,0,0,0.0,0
2175,2024-01-08,email,1,0,0.0,0
2176,2024-01-08,email,1,0,0.0,0
2177,2024-01-08,email,1,0,0.0,0
2178,2024-01-08,email,1,0,0.0,0
2179,2024-01-08,email,1,0,0.0,0
2180,2024-01-08,email,0,0,0.0,1
2181,2024-01-08,email,0,0,0.0,0
2182,2024-01-08,email,0,0,0.0,1
2183,2024-01-08,email,1,0,0.0,0
2184,2024-01-08,email,0,0,0.0,0
2185,2024-01-08,email,1,0,0.0,0
2186,2024-01-08,email,1,0,0.0,0
2187,2024-01-08,email,1,0,0.0,0
2188,2024-01-08,email,0,0,0.0,1
2189,2024-01-08,email,1,0,0.0,0
2190,2024-01-08,email,1,0,0.0,0
2191,2024-01-08,email,0,0,0.0,1
2192,2024-01-08,email,0,0,0.0,1
2193,2024-01-08,email,1,0,0.0,0
2194,2024-01-08,email,0,0,0.0,1
2195,2024-01-08,email,0,0,0.0,0
2196,2024-01-08,email,0,0,0.0,1
2197,2024-01-08,email,1,0,0.0,0
2198,2024-01-08,email,1,0,0.0,1
2199,2024-01-08,email,1,0,0.0,0
2200,2024-01-08,email,0,0,0.0,0
2201,2024-01-08,email,1,0,0.0,0
2202,2024-01-08,email,1,0,0.0,0
2203,2024-01-08,email,1,0,0.0,0
2204,2024-01-08,email,1,0,0.0,0
2205,2024-01-08,email,1,0,0.0,0
2206,2024-01-08,email,1,0,0.0,0
2207,2024-01-08,email,0,0,0.0,1
2208,2024-01-08,email,1,0,0.0,0
2209,2024-01-08,email,1,0,0.0,0
2210,2024-01-08,email,1,0,0.0,0
2211,2024-01-08,email,0,0,0.0,0
2212,2024-01-08,email,1,0,0.0,0
2213,2024-01-08,email,0,0,0.0,1
2214,2024-01-08,email,1,0,0.0,0
2215,2024-01-08,email,1,0,0.0,0
2216,2024-01-08,email,0,0,0.0,0
2217,2024-01-08,email,0,0,0.0,1
2218,2024-01-08,email,0,0,0.0,0
2219,2024-01-08,email,1,0,0.0,0
2220,2024-01-08,email,1,0,0.0,0
2221,2024-01-08,email,0,0,0.0,1
2222,2024-01-08,email,1,0,0.0,1
2223,2024-01-08,email,1,0,0.0,0
2224,2024-01-08,email,0,0,0.0,0
2225,2024-01-08,email,0,0,0.0,1
2226,2024-01-08,email,1,0,0.0,0
2227,2024-01-08,email,0,0,0.0,1
2228,2024-01-08,email,0,0,0.0,1
2229,2024-01-08,email,1,0,0.0,0
2230,2024-01-08,email,1,0,0.0,0
2231,2024-01-08,email,1,0,0.0,1
2232,2024-01-08,email,1,0,0.0,0
2233,2024-01-08,email,1,0,0.0,0
2234,2024-01-08,email,0,0,0.0,1
2235,2024-01-08,email,0,0,0.0,1
2236,2024-01-08,email,0,0,0.0,0
2237,2024-01-08,email,0,0,0.0,0
2238,2024-01-08,email,1,0,0.0,0
2239,2024-01-08,email,1,0,0.0,0
2240,2024-01-08,email,1,1,66.98,0
2241,2024-01-08,email,1,1,29.24,0
2242,2024-01-08,email,1,0,0.0,0
2243,2024-01-08,email,0,0,0.0,1
2244,2024-01-08,email,1,0,0.0,1
2245,2024-01-08,email,0,0,0.0,1
2246,2024-01-08,email,1,0,0.0,0
2247,2024-01-08,email,0,0,0.0,1
2248,2024-01-08,email,1,0,0.0,0
2249,2024-01-08,email,1,0,0.0,0
2250,2024-01-08,email,0,0,0.0,1
2251,2024-01-08,email,1,1,48.5,0
2252,2024-01-08,email,1,0,0.0,0
2253,2024-01-08,email,1,0,0.0,0
2254,2024-01-08,email,0,0,0.0,1
2255,2024-01-08,email,0,0,0.0,1
2256,2024-01-08,email,0,0,0.0,1
2257,2024-01-08,email,0,0,0.0,0
2258,2024-01-08,email,1,0,0.0,1
2259,2024-01-08,email,0,0,0.0,1
2260,2024-01-08,email,0,0,0.0,1
2261,2024-01-08,email,1,0,0.0,0
2262,2024-01-08,email,0,0,0.0,1
2263,2024-01-08,email,1,0,0.0,0
2264,2024-01-08,email,0,0,0.0,1
2265,2024-01-08,email,1,0,0.0,0
2266,2024-01-08,email,1,0,0.0,0
2267,2024-01-08,email,1,0,0.0,0
2268,2024-01-08,email,1,0,0.0,0
2269,2024-01-08,email,1,0,0.0,0
2270,2024-01-08,email,0,0,0.0,0
2271,2024-01-08,email,1,0,0.0,0
2272,2024-01-08,email,1,0,0.0,1
2273,2024-01-08,email,1,0,0.0,0
2274,2024-01-08,email,0,0,0.0,0
2275,2024-01-08,email,1,0,0.0,0
2276,2024-01-08,email,1,0,0.0,0
2277,2024-01-08,email,1,0,0.0,0
2278,2024-01-08,email,1,0,0.0,0
2279,2024-01-08,email,1,0,0.0,0
2280,2024-01-08,email,1,0,0.0,0
2281,2024-01-08,email,1,0,0.0,0
2282,2024-01-08,email,0,1,40.98,0
2283,2024-01-08,email,1,0,0.0,0
2284,2024-01-08,email,0,0,0.0,0
2285,2024-01-08,email,1,0,0.0,0
2286,2024-01-08,email,0,0,0.0,0
2287,2024-01-08,email,0,0,0.0,0
2288,2024-01-08,email,0,0,0.0,1
2289,2024-01-08,email,0,0,0.0,1
2290,2024-01-08,email,1,0,0.0,0
2291,2024-01-08,email,0,0,0.0,1
2292,2024-01-08,email,1,0,0.0,0
2293,2024-01-08,email,0,0,0.0,1
2294,2024-01-08,email,0,0,0.0,1
2295,2024-01-08,email,1,0,0.0,0
2296,2024-01-08,email,1,0,0.0,0
2297,2024-01-08,email,0,0,0.0,0
2298,2024-01-08,email,1,0,0.0,0
2299,2024-01-08,email,1,0,0.0,0
2300,2024-01-08,email,0,1,59.91,1
2301,2024-01-08,email,1,0,0.0,0
2302,2024-01-08,email,0,0,0.0,1
2303,2024-01-08,email,1,0,0.0,1
2304,2024-01-08,email,0,0,0.0,0
2305,2024-01-08,email,1,0,0.0,1
2306,2024-01-08,email,0,0,0.0,1
2307,2024-01-08,email,1,0,0.0,1
2308,2024-01-08,email,0,0,0.0,1
2309,2024-01-08,email,1,0,0.0,0
2310,2024-01-08,email,1,0,0.0,1
2311,2024-01-08,email,0,0,0.0,1
2312,2024-01-08,email,0,0,0.0,1
2313,2024-01-08,email,0,0,0.0,0
2314,2024-01-08,email,0,0,0.0,1
2315,2024-01-08,email,1,0,0.0,1
2316,2024-01-08,email,1,0,0.0,0
2317,2024-01-08,email,0,0,0.0,1
2318,2024-01-08,email,1,0,0.0,0
2319,2024-01-08,email,0,0,0.0,1
2320,2024-01-08,email,0,0,0.0,1
2321,2024-01-08,email,0,1,31.26,1
2322,2024-01-08,email,0,0,0.0,1
2323,2024-01-08,email,1,1,63.68,0
2324,2024-01-08,email,1,0,0.0,0
2325,2024-01-08,email,1,0,0.0,0
2326,2024-01-08,email,0,0,0.0,1
2327,2024-01-08,email,0,1,52.84,0
2328,2024-01-08,email,0,0,0.0,0
2329,2024-01-08,email,1,0,0.0,0
2330,2024-01-08,email,0,0,0.0,1
2331,2024-01-08,email,0,0,0.0,0
2332,2024-01-08,email,1,0,0.0,1
2333,2024-01-08,email,0,0,0.0,1
2334,2024-01-08,email,1,0,0.0,0
2335,2024-01-08,email,0,0,0.0,1
2336,2024-01-08,email,0,0,0.0,1
2337,2024-01-08,email,1,0,0.0,0
2338,2024-01-08,email,0,0,0.0,1
2339,2024-01-08,email,0,0,0.0,1
2340,2024-01-08,email,1,0,0.0,0
2341,2024-01-08,email,1,0,0.0,1
2342,2024-01-08,email,1,0,0.0,0
2343,2024-01-08,email,1,0,0.0,0
2344,2024-01-08,email,0,0,0.0,1
2345,2024-01-08,email,0,0,0.0,1
2346,2024-01-08,email,0,0,0.0,0
2347,2024-01-08,email,0,0,0.0,0
2348,2024-01-08,email,1,0,0.0,0
2349,2024-01-08,email,0,0,0.0,1
2350,2024-01-08,email,0,0,0.0,0
2351,2024-01-08,email,1,0,0.0,0
2352,2024-01-08,email,1,0,0.0,0
2353,2024-01-08,email,0,0,0.0,1
2354,2024-01-08,email,1,0,0.0,0
2355,2024-01-08,email,0,0,0.0,1
2356,2024-01-08,email,1,0,0.0,0
2357,2024-01-08,email,1,0,0.0,0
2358,2024-01-08,email,0,0,0.0,1
2359,2024-01-08,email,0,0,0.0,1
2360,2024-01-08,email,1,0,0.0,0
2361,2024-01-08,email,1,0,0.0,0
2362,2024-01-08,email,1,0,0.0,0
2363,2024-01-08,email,0,0,0.0,0
2364,2024-01-08,email,1,1,34.75,0
2365,2024-01-08,email,1,0,0.0,0
2366,2024-01-08,email,1,1,63.57,0
2367,2024-01-08,email,0,0,0.0,0
2368,2024-01-08,email,1,0,0.0,0
2369,2024-01-08,email,1,0,0.0,0
2370,2024-01-08,email,0,0,0.0,1
2371,2024-01-08,email,0,0,0.0,1
2372,2024-01-08,email,0,0,0.0,1
2373,2024-01-08,email,1,0,0.0,0
2374,2024-01-08,email,1,0,0.0,1
2375,2024-01-08,email,1,0,0.0,0
2376,2024-01-08,email,1,0,0.0,0
2377,2024-01-08,email,1,0,0.0,0
2378,2024-01-08,email,0,0,0.0,1
2379,2024-01-08,email,0,0,0.0,0
2380,2024-01-08,email,1,0,0.0,0
2381,2024-01-08,email,0,0,0.0,0
2382,2024-01-08,email,1,0,0.0,0
2383,2024-01-08,email,1,0,0.0,0
2384,2024-01-08,email,1,0,0.0,0
2385,2024-01-08,email,1,0,0.0,0
2386,2024-01-08,email,1,0,0.0,0
2387,2024-01-08,email,1,0,0.0,0
2388,2024-01-08,email,0,0,0.0,0
2389,2024-01-08,email,0,0,0.0,1
2390,2024-01-08,email,1,0,0.0,0
2391,2024-01-08,email,0,0,0.0,1
2392,2024-01-08,email,1,0,0.0,0
2393,2024-01-08,email,1,0,0.0,0
2394,2024-01-08,email,0,1,29.06,1
2395,2024-01-08,email,1,0,0.0,0
2396,2024-01-08,email,0,0,0.0,1
2397,2024-01-08,email,1,0,0.0,0
2398,2024-01-08,email,1,0,0.0,0
2399,2024-01-08,email,1,0,0.0,0
2400,2024-01-08,email,0,0,0.0,0
2401,2024-01-08,email,0,0,0.0,1
2402,2024-01-08,email,0,0,0.0,0
2403,2024-01-08,email,1,0,0.0,0
2404,2024-01-08,email,0,0,0.0,0
2405,2024-01-08,email,0,0,0.0,1
2406,2024-01-08,email,0,0,0.0,1
2407,2024-01-08,email,1,0,0.0,0
2408,2024-01-08,email,0,0,0.0,1
2409,2024-01-08,email,1,0,0.0,0
2410,2024-01-08,email,1,0,0.0,0
2411,2024-01-08,email,0,0,0.0,1
2412,2024-01-08,email,1,0,0.0,0
2413,2024-01-08,email,1,0,0.0,0
2414,2024-01-08,email,0,0,0.0,1
2415,2024-01-08,email,0,0,0.0,1
2416,2024-01-08,email,0,0,0.0,1
2417,2024-01-08,email,0,0,0.0,1
2418,2024-01-08,email,0,0,0.0,0
2419,2024-01-08,email,1,0,0.0,0
2420,2024-01-08,email,0,0,0.0,0
2421,2024-01-08,email,1,0,0.0,0
2422,2024-01-08,email,1,0,0.0,0
2423,2024-01-08,email,1,0,0.0,0
2424,2024-01-08,email,0,0,0.0,1
2425,2024-01-08,email,1,0,0.0,0
2426,2024-01-08,email,0,0,0.0,1
2427,2024-01-08,email,0,0,0.0,1
2428,2024-01-08,email,1,0,0.0,0
2429,2024-01-08,email,0,0,0.0,0
2430,2024-01-08,email,1,0,0.0,0
2431,2024-01-08,email,1,0,0.0,0
2432,2024-01-08,email,0,0,0.0,1
2433,2024-01-08,email,1,0,0.0,0
2434,2024-01-08,email,1,0,0.0,1
2435,2024-01-08,email,0,0,0.0,0
2436,2024-01-08,email,0,0,0.0,1
2437,2024-01-08,email,1,0,0.0,0
2438,2024-01-08,email,0,0,0.0,1
2439,2024-01-08,email,1,0,0.0,1
2440,2024-01-08,email,0,0,0.0,1
2441,2024-01-08,email,1,0,0.0,0
2442,2024-01-08,email,0,0,0.0,0
2443,2024-01-08,email,0,0,0.0,1
2444,2024-01-08,email,1,0,0.0,0
2445,2024-01-08,email,1,0,0.0,0
2446,2024-01-08,email,0,0,0.0,0
2447,2024-01-08,email,1,0,0.0,0
2448,2024-01-08,email,1,0,0.0,0
2449,2024-01-08,email,1,0,0.0,0
2450,2024-01-08,email,1,0,0.0,0
2451,2024-01-08,email,0,0,0.0,1
2452,2024-01-08,email,0,0,0.0,0
2453,2024-01-08,email,1,0,0.0,0
2454,2024-01-08,email,1,0,0.0,0
2455,2024-01-08,email,1,0,0.0,0
2456,2024-01-08,email,1,0,0.0,0
2457,2024-01-08,email,1,0,0.0,0
2458,2024-01-08,email,0,0,0.0,0
2459,2024-01-08,email,1,1,51.22,0
2460,2024-01-08,email,0,0,0.0,0
2461,2024-01-08,email,1,0,0.0,0
2462,2024-01-08,email,1,0,0.0,0
2463,2024-01-08,email,0,0,0.0,1
2464,2024-01-08,email,1,1,39.27,0
2465,2024-01-08,email,1,0,0.0,0
2466,2024-01-08,email,1,0,0.0,0
2467,2024-01-08,email,0,0,0.0,1
2468,2024-01-08,email,0,0,0.0,0
2469,2024-01-08,email,0,0,0.0,1
2470,2024-01-08,email,1,0,0.0,0
2471,2024-01-08,email,0,0,0.0,0
2472,2024-01-08,email,0,0,0.0,1
2473,2024-01-08,email,0,0,0.0,0
2474,2024-01-08,email,0,0,0.0,0
2475,2024-01-08,email,0,0,0.0,0
2476,2024-01-08,email,1,0,0.0,0
2477,2024-01-08,email,0,0,0.0,1
2478,2024-01-08,email,1,0,0.0,0
2479,2024-01-08,email,0,0,0.0,0
2480,2024-01-08,email,0,0,0.0,1
2481,2024-01-08,email,1,0,0.0,0
2482,2024-01-08,email,0,0,0.0,1
2483,2024-01-08,email,1,0,0.0,0
2484,2024-01-08,email,1,0,0.0,0
2485,2024-01-08,email,0,0,0.0,1
2486,2024-01-08,email,0,0,0.0,1
2487,2024-01-08,email,0,0,0.0,0
2488,2024-01-08,email,0,0,0.0,0
2489,2024-01-08,email,0,0,0.0,1
2490,2024-01-08,email,0,1,44.44,1
2491,2024-01-08,email,0,0,0.0,1
2492,2024-01-08,email,0,0,0.0,1
2493,2024-01-08,email,1,0,0.0,0
2494,2024-01-08,email,0,0,0.0,1
2495,2024-01-08,email,0,0,0.0,0
2496,2024-01-08,email,1,0,0.0,0
2497,2024-01-08,email,1,0,0.0,0
2498,2024-01-08,email,0,0,0.0,1
2499,2024-01-08,email,1,0,0.0,0
2500,2024-01-08,email,1,0,0.0,0
2501,2024-01-08,email,0,0,0.0,1
2502,2024-01-08,email,0,0,0.0,1
2503,2024-01-08,email,1,0,0.0,0
2504,2024-01-08,email,1,0,0.0,0
2505,2024-01-08,email,0,0,0.0,1
2506,2024-01-08,email,0,0,0.0,1
2507,2024-01-08,email,0,0,0.0,0
2508,2024-01-08,email,0,0,0.0,1
2509,2024-01-08,email,0,0,0.0,1
2510,2024-01-08,email,1,0,0.0,0
2511,2024-01-08,email,0,0,0.0,1
2512,2024-01-08,email,1,0,0.0,0
2513,2024-01-08,email,0,0,0.0,1
2514,2024-01-08,email,1,0,0.0,1
2515,2024-01-08,email,0,0,0.0,1
2516,2024-01-08,email,0,0,0.0,1
2517,2024-01-08,email,1,0,0.0,0
2518,2024-01-08,email,1,0,0.0,0
2519,2024-01-08,email,0,0,0.0,1
2520,2024-01-08,email,1,0,0.0,0
2521,2024-01-08,email,1,0,0.0,0
2522,2024-01-08,email,0,0,0.0,1
2523,2024-01-08,email,0,0,0.0,1
2524,2024-01-08,email,1,0,0.0,0
2525,2024-01-08,email,0,0,0.0,0
2526,2024-01-08,email,1,0,0.0,0
2527,2024-01-08,email,0,0,0.0,1
2528,2024-01-08,email,1,0,0.0,0
2529,2024-01-08,email,0,0,0.0,0
2530,2024-01-08,email,1,0,0.0,0
2531,2024-01-08,email,1,0,0.0,0
2532,2024-01-08,email,0,0,0.0,1
2533,2024-01-08,email,1,0,0.0,0
2534,2024-01-08,email,0,0,0.0,0
2535,2024-01-08,email,1,0,0.0,0
2536,2024-01-08,email,0,0,0.0,0
2537,2024-01-08,email,0,0,0.0,1
2538,2024-01-08,email,1,0,0.0,0
2539,2024-01-08,email,1,0,0.0,0
2540,2024-01-08,email,1,0,0.0,0
2541,2024-01-08,email,0,0,0.0,1
2542,2024-01-08,email,1,0,0.0,0
2543,2024-01-08,email,0,0,0.0,1
2544,2024-01-08,email,0,0,0.0,1
2545,2024-01-08,email,0,0,0.0,1
2546,2024-01-08,email,0,0,0.0,1
2547,2024-01-08,email,1,0,0.0,0
2548,2024-01-08,email,1,0,0.0,0
2549,2024-01-08,email,1,0,0.0,0
2550,2024-01-08,email,1,0,0.0,0
2551,2024-01-08,email,1,0,0.0,0
2552,2024-01-08,email,0,0,0.0,1
2553,2024-01-08,email,1,0,0.0,0
2554,2024-01-08,email,1,0,0.0,0
2555,2024-01-08,email,0,0,0.0,1
2556,2024-01-08,email,1,0,0.0,0
2557,2024-01-08,email,1,0,0.0,0
2558,2024-01-08,email,1,0,0.0,0
2559,2024-01-08,email,0,0,0.0,0
2560,2024-01-08,email,0,0,0.0,1
2561,2024-01-08,email,1,0,0.0,0
2562,2024-01-08,email,0,0,0.0,1
2563,2024-01-08,email,1,0,0.0,0
2564,2024-01-08,email,0,0,0.0,0
2565,2024-01-08,email,1,0,0.0,0
2566,2024-01-08,email,0,0,0.0,0
2567,2024-01-08,email,0,0,0.0,1
2568,2024-01-08,email,1,0,0.0,0
2569,2024-01-08,email,0,0,0.0,0
2570,2024-01-08,email,0,0,0.0,0
2571,2024-01-08,email,0,0,0.0,1
2572,2024-01-08,email,1,0,0.0,0
2573,2024-01-08,email,0,0,0.0,1
2574,2024-01-08,email,1,0,0.0,0
2575,2024-01-08,email,1,0,0.0,0
2576,2024-01-08,email,0,0,0.0,1
2577,2024-01-08,email,1,0,0.0,1
2578,2024-01-08,email,0,0,0.0,1
2579,2024-01-08,email,1,0,0.0,0
2580,2024-01-08,email,1,0,0.0,0
2581,2024-01-08,email,1,0,0.0,0
2582,2024-01-08,email,0,0,0.0,0
2583,2024-01-08,email,0,1,36.59,1
2584,2024-01-08,email,0,0,0.0,0
2585,2024-01-08,email,1,0,0.0,0
2586,2024-01-08,email,1,0,0.0,1
2587,2024-01-08,email,1,0,0.0,0
2588,2024-01-08,email,1,0,0.0,0
2589,2024-01-08,email,0,0,0.0,1
2590,2024-01-08,email,0,0,0.0,1
2591,2024-01-08,email,0,0,0.0,1
2592,2024-01-08,email,1,0,0.0,0
2593,2024-01-08,email,0,0,0.0,1
2594,2024-01-08,email,1,0,0.0,0
2595,2024-01-08,email,0,0,0.0,1
2596,2024-01-08,email,1,0,0.0,0
2597,2024-01-08,email,1,0,0.0,0
2598,2024-01-08,email,0,0,0.0,0
2599,2024-01-08,email,0,0,0.0,1
2600,2024-01-08,email,1,0,0.0,0
2601,2024-01-08,email,1,0,0.0,0
2602,2024-01-08,email,1,0,0.0,0
2603,2024-01-08,email,0,0,0.0,1
2604,2024-01-08,email,1,0,0.0,0
2605,2024-01-08,email,1,0,0.0,0
2606,2024-01-08,email,1,0,0.0,0
2607,2024-01-08,email,1,0,0.0,0
2608,2024-01-08,email,1,0,0.0,1
2609,2024-01-08,email,0,0,0.0,1
2610,2024-01-08,email,1,0,0.0,1
2611,2024-01-08,email,1,0,0.0,0
2612,2024-01-08,email,0,0,0.0,1
2613,2024-01-08,email,0,0,0.0,0
2614,2024-01-08,email,0,0,0.0,1
2615,2024-01-08,email,0,0,0.0,0
2616,2024-01-08,email,0,0,0.0,0
2617,2024-01-08,email,1,0,0.0,0
2618,2024-01-08,email,1,0,0.0,0
2619,2024-01-08,email,1,0,0.0,0
2620,2024-01-08,email,0,1,92.49,0
2621,2024-01-08,email,1,0,0.0,0
2622,2024-01-08,email,1,0,0.0,0
2623,2024-01-08,email,1,0,0.0,0
2624,2024-01-08,email,0,0,0.0,1
2625,2024-01-08,email,1,0,0.0,0
2626,2024-01-08,email,0,1,60.77,1
2627,2024-01-08,email,0,0,0.0,1
2628,2024-01-08,email,1,0,0.0,0
2629,2024-01-08,email,1,1,69.79,0
2630,2024-01-08,email,0,0,0.0,0
2631,2024-01-08,email,0,0,0.0,1
2632,2024-01-08,email,1,0,0.0,0
2633,2024-01-08,email,0,0,0.0,1
2634,2024-01-08,email,1,0,0.0,1
2635,2024-01-08,email,0,0,0.0,1
2636,2024-01-08,email,0,0,0.0,0
2637,2024-01-08,email,0,0,0.0,1
2638,2024-01-08,email,1,0,0.0,0
2639,2024-01-08,email,1,1,25.67,0
2640,2024-01-08,email,1,0,0.0,1
2641,2024-01-08,email,1,0,0.0,0
2642,2024-01-08,email,0,0,0.0,0
2643,2024-01-08,email,1,0,0.0,0
2644,2024-01-08,email,0,0,0.0,1
2645,2024-01-08,email,1,0,0.0,0
2646,2024-01-08,email,1,0,0.0,1
2647,2024-01-08,email,0,0,0.0,0
2648,2024-01-08,email,1,0,0.0,0
2649,2024-01-08,email,1,0,0.0,0
2650,2024-01-08,email,1,0,0.0,0
2651,2024-01-08,email,1,0,0.0,0
2652,2024-01-08,email,0,1,54.53,1
2653,2024-01-08,email,1,0,0.0,0
2654,2024-01-08,email,1,0,0.0,0
2655,2024-01-08,email,0,0,0.0,0
2656,2024-01-08,email,0,0,0.0,1
2657,2024-01-08,email,1,0,0.0,0
2658,2024-01-08,email,1,0,0.0,0
2659,2024-01-08,email,1,0,0.0,0
2660,2024-01-08,email,0,0,0.0,1
2661,2024-01-08,email,0,0,0.0,0
2662,2024-01-08,email,1,0,0.0,0
2663,2024-01-08,email,1,0,0.0,0
2664,2024-01-08,email,1,0,0.0,0
2665,2024-01-08,email,0,0,0.0,1
2666,2024-01-08,email,0,0,0.0,0
2667,2024-01-08,email,0,0,0.0,1
2668,2024-01-08,email,0,0,0.0,1
2669,2024-01-08,email,0,0,0.0,1
2670,2024-01-08,email,0,0,0.0,1
2671,2024-01-08,email,0,0,0.0,0
2672,2024-01-08,email,1,0,0.0,1
2673,2024-01-08,email,1,0,0.0,0
2674,2024-01-08,email,1,0,0.0,0
2675,2024-01-08,email,1,0,0.0,0
2676,2024-01-08,email,1,0,0.0,0
2677,2024-01-08,email,0,0,0.0,0
2678,2024-01-08,email,0,1,59.88,1
2679,2024-01-08,email,1,1,35.16,0
2680,2024-01-08,email,1,0,0.0,0
2681,2024-01-08,email,1,0,0.0,0
2682,2024-01-08,email,1,0,0.0,0
2683,2024-01-08,email,0,0,0.0,0
2684,2024-01-08,email,0,0,0.0,1
2685,2024-01-08,email,0,0,0.0,1
2686,2024-01-08,email,0,0,0.0,1
2687,2024-01-08,email,0,0,0.0,0
2688,2024-01-08,email,0,0,0.0,1
2689,2024-01-08,email,1,0,0.0,0
2690,2024-01-08,email,1,0,0.0,0
2691,2024-01-08,email,1,0,0.0,0
2692,2024-01-08,email,1,0,0.0,0
2693,2024-01-08,email,0,0,0.0,1
2694,2024-01-08,email,1,0,0.0,0
2695,2024-01-08,email,0,0,0.0,1
2696,2024-01-08,email,0,0,0.0,1
2697,2024-01-08,email,1,0,0.0,0
2698,2024-01-08,email,1,0,0.0,1
2699,2024-01-08,email,1,0,0.0,0
2700,2024-01-08,email,0,0,0.0,1
2701,2024-01-08,email,1,0,0.0,0
2702,2024-01-08,email,0,0,0.0,0
2703,2024-01-08,email,1,0,0.0,0
2704,2024-01-08,email,1,0,0.0,0
2705,2024-01-08,email,1,0,0.0,0
2706,2024-01-08,email,1,0,0.0,1
2707,2024-01-08,email,1,0,0.0,0
2708,2024-01-08,email,0,0,0.0,1
2709,2024-01-08,email,0,0,0.0,1
2710,2024-01-08,email,0,0,0.0,0
2711,2024-01-08,email,1,0,0.0,0
2712,2024-01-08,email,1,0,0.0,0
2713,2024-01-08,email,0,0,0.0,1
2714,2024-01-08,email,1,0,0.0,0
2715,2024-01-08,email,0,0,0.0,1
2716,2024-01-08,email,0,1,26.7,1
2717,2024-01-08,email,0,0,0.0,1
2718,2024-01-08,email,0,0,0.0,1
2719,2024-01-08,email,0,0,0.0,1
2720,2024-01-08,email,0,0,0.0,1
2721,2024-01-08,email,1,0,0.0,0
2722,2024-01-08,email,1,0,0.0,0
2723,2024-01-08,email,0,0,0.0,1
2724,2024-01-08,email,1,0,0.0,0
2725,2024-01-08,email,0,0,0.0,1
2726,2024-01-08,email,1,0,0.0,0
2727,2024-01-08,email,0,1,27.98,1
2728,2024-01-08,email,0,0,0.0,1
2729,2024-01-08,email,1,0,0.0,0
2730,2024-01-08,email,0,0,0.0,1
2731,2024-01-08,email,0,0,0.0,0
2732,2024-01-08,email,1,0,0.0,0
2733,2024-01-08,email,0,0,0.0,1
2734,2024-01-08,email,0,0,0.0,1
2735,2024-01-08,email,0,0,0.0,0
2736,2024-01-08,email,0,0,0.0,0
2737,2024-01-08,email,1,0,0.0,0
2738,2024-01-08,email,1,1,46.14,0
2739,2024-01-08,email,1,0,0.0,0
2740,2024-01-08,email,1,0,0.0,0
2741,2024-01-08,email,1,1,31.66,1
2742,2024-01-08,email,1,0,0.0,0
2743,2024-01-08,email,0,0,0.0,0
2744,2024-01-08,email,1,0,0.0,0
2745,2024-01-08,email,0,0,0.0,1
2746,2024-01-08,email,0,0,0.0,1
2747,2024-01-08,email,0,0,0.0,1
2748,2024-01-08,email,0,0,0.0,1
2749,2024-01-08,email,1,0,0.0,0
2750,2024-01-08,email,0,0,0.0,1
2751,2024-01-08,email,1,0,0.0,0
2752,2024-01-08,email,0,0,0.0,1
2753,2024-01-08,email,0,0,0.0,1
2754,2024-01-08,email,1,0,0.0,1
2755,2024-01-08,email,0,0,0.0,1
2756,2024-01-08,email,1,0,0.0,0
2757,2024-01-08,email,1,0,0.0,0
2758,2024-01-08,email,1,0,0.0,0
2759,2024-01-08,email,0,0,0.0,1
2760,2024-01-08,email,0,0,0.0,1
2761,2024-01-08,email,0,0,0.0,1
2762,2024-01-08,email,0,0,0.0,1
2763,2024-01-08,email,1,0,0.0,0
2764,2024-01-08,email,0,0,0.0,0
2765,2024-01-08,email,0,0,0.0,1
2766,2024-01-08,email,1,0,0.0,1
2767,2024-01-08,email,0,0,0.0,0
2768,2024-01-08,email,1,0,0.0,0
2769,2024-01-08,email,1,0,0.0,0
2770,2024-01-08,email,0,0,0.0,1
2771,2024-01-08,email,0,0,0.0,1
2772,2024-01-08,email,0,0,0.0,1
2773,2024-01-08,email,0,0,0.0,1
2774,2024-01-08,email,0,0,0.0,0
2775,2024-01-08,email,1,0,0.0,0
2776,2024-01-08,email,1,0,0.0,0
2777,2024-01-08,email,0,0,0.0,0
2778,2024-01-08,email,1,0,0.0,0
2779,2024-01-08,email,0,0,0.0,1
2780,2024-01-08,email,1,0,0.0,0
2781,2024-01-08,email,1,0,0.0,0
2782,2024-01-08,email,0,0,0.0,0
2783,2024-01-08,email,0,0,0.0,1
2784,2024-01-08,email,0,0,0.0,0
2785,2024-01-08,email,1,0,0.0,0
2786,2024-01-08,email,0,0,0.0,1
2787,2024-01-08,email,1,0,0.0,0
2788,2024-01-08,email,1,1,57.38,1
2789,2024-01-08,email,1,0,0.0,0
2790,2024-01-08,email,1,0,0.0,0
2791,2024-01-08,email,0,0,0.0,1
2792,2024-01-08,email,1,0,0.0,1
2793,2024-01-08,email,0,0,0.0,1
2794,2024-01-08,email,1,0,0.0,0
2795,2024-01-08,email,1,0,0.0,0
2796,2024-01-08,email,0,0,0.0,0
2797,2024-01-08,email,1,0,0.0,0
2798,2024-01-08,email,1,0,0.0,0
2799,2024-01-08,email,0,0,0.0,1
2800,2024-01-08,email,1,0,0.0,0
2801,2024-01-08,email,0,0,0.0,0
2802,2024-01-08,email,0,0,0.0,1
2803,2024-01-08,email,1,0,0.0,0
2804,2024-01-08,email,0,0,0.0,1
2805,2024-01-08,email,1,0,0.0,0
2806,2024-01-08,email,0,0,0.0,1
2807,2024-01-08,email,0,0,0.0,1
2808,2024-01-08,email,1,0,0.0,0
2809,2024-01-08,email,1,0,0.0,0
2810,2024-01-08,email,1,0,0.0,0
2811,2024-01-08,email,1,0,0.0,0
2812,2024-01-08,email,1,0,0.0,0
2813,2024-01-08,email,1,0,0.0,1
2814,2024-01-08,email,0,1,42.54,1
2815,2024-01-08,email,0,0,0.0,1
2816,2024-01-08,email,0,0,0.0,1
2817,2024-01-08,email,1,1,59.96,0
2818,2024-01-08,email,1,0,0.0,0
2819,2024-01-08,email,1,0,0.0,0
2820,2024-01-08,email,0,0,0.0,0
2821,2024-01-08,email,1,0,0.0,0
2822,2024-01-08,email,1,0,0.0,0
2823,2024-01-08,email,0,0,0.0,1
2824,2024-01-08,email,0,0,0.0,1
2825,2024-01-08,email,1,0,0.0,0
2826,2024-01-08,email,1,0,0.0,0
2827,2024-01-08,email,0,0,0.0,1
2828,2024-01-08,email,1,0,0.0,0
2829,2024-01-08,email,0,0,0.0,1
2830,2024-01-08,email,1,0,0.0,0
2831,2024-01-08,email,1,0,0.0,1
2832,2024-01-08,email,0,0,0.0,1
2833,2024-01-08,email,0,1,64.04,1
2834,2024-01-08,email,0,0,0.0,1
2835,2024-01-08,email,1,1,39.04,1
2836,2024-01-08,email,1,0,0.0,0
2837,2024-01-08,email,0,0,0.0,0
2838,2024-01-08,email,1,0,0.0,1
2839,2024-01-08,email,0,0,0.0,1
2840,2024-01-08,email,0,0,0.0,1
2841,2024-01-08,email,1,0,0.0,0
2842,2024-01-08,email,1,0,0.0,0
2843,2024-01-08,email,1,1,34.71,0
2844,2024-01-08,email,1,0,0.0,0
2845,2024-01-08,email,1,0,0.0,0
2846,2024-01-08,email,0,0,0.0,1
2847,2024-01-08,email,0,0,0.0,0
2848,2024-01-08,email,0,0,0.0,1
2849,2024-01-08,email,0,0,0.0,1
2850,2024-01-08,email,1,0,0.0,0
2851,2024-01-08,email,1,1,35.72,0
2852,2024-01-08,email,1,0,0.0,0
2853,2024-01-08,email,0,0,0.0,0
2854,2024-01-08,email,1,0,0.0,0
2855,2024-01-08,email,0,0,0.0,1
2856,2024-01-08,email,0,0,0.0,0
2857,2024-01-08,email,1,0,0.0,0
2858,2024-01-08,email,1,0,0.0,0
2859,2024-01-08,email,1,0,0.0,0
2860,2024-01-08,email,0,0,0.0,1
2861,2024-01-08,email,1,0,0.0,0
2862,2024-01-08,email,0,0,0.0,0
2863,2024-01-08,email,0,0,0.0,0
2864,2024-01-08,email,0,0,0.0,0
2865,2024-01-08,email,0,0,0.0,1
2866,2024-01-08,email,0,0,0.0,1
2867,2024-01-08,email,1,0,0.0,0
2868,2024-01-08,email,1,0,0.0,0
2869,2024-01-08,email,1,0,0.0,0
2870,2024-01-08,email,1,0,0.0,0
2871,2024-01-08,email,0,1,63.59,1
2872,2024-01-08,email,0,0,0.0,0
2873,2024-01-08,email,0,0,0.0,1
2874,2024-01-08,email,0,0,0.0,1
2875,2024-01-08,email,1,0,0.0,0
2876,2024-01-08,email,0,0,0.0,1
2877,2024-01-08,email,0,0,0.0,1
2878,2024-01-08,email,1,0,0.0,0
2879,2024-01-08,email,1,0,0.0,0
2880,2024-01-08,email,1,0,0.0,0
2881,2024-01-08,email,1,0,0.0,0
2882,2024-01-08,email,0,0,0.0,0
2883,2024-01-08,email,0,0,0.0,1
2884,2024-01-08,email,1,0,0.0,0
2885,2024-01-08,email,1,0,0.0,0
2886,2024-01-08,email,0,0,0.0,1
2887,2024-01-08,email,0,0,0.0,1
2888,2024-01-08,email,0,0,0.0,0
2889,2024-01-08,email,1,0,0.0,0
2890,2024-01-08,email,1,0,0.0,0
2891,2024-01-08,email,1,0,0.0,0
2892,2024-01-08,email,0,0,0.0,1
2893,2024-01-08,email,1,0,0.0,1
2894,2024-01-08,email,1,0,0.0,0
2895,2024-01-08,email,0,0,0.0,0
2896,2024-01-08,email,0,0,0.0,0
2897,2024-01-08,email,0,0,0.0,1
2898,2024-01-08,email,0,0,0.0,1
2899,2024-01-08,email,1,0,0.0,0
2900,2024-01-08,email,0,1,33.17,1
2901,2024-01-08,email,1,0,0.0,0
2902,2024-01-08,email,1,0,0.0,0
2903,2024-01-08,email,1,0,0.0,0
2904,2024-01-08,email,1,0,0.0,0
2905,2024-01-08,email,0,0,0.0,1
2906,2024-01-08,email,0,0,0.0,1
2907,2024-01-08,email,0,0,0.0,1
2908,2024-01-08,email,0,0,0.0,1
2909,2024-01-08,email,0,0,0.0,0
2910,2024-01-08,email,0,0,0.0,0
2911,2024-01-08,email,1,0,0.0,0
2912,2024-01-08,email,1,0,0.0,0
2913,2024-01-08,email,1,0,0.0,0
2914,2024-01-08,email,1,0,0.0,0
2915,2024-01-08,email,0,0,0.0,1
2916,2024-01-08,email,0,0,0.0,1
2917,2024-01-08,email,1,0,0.0,0
2918,2024-01-08,email,1,0,0.0,0
2919,2024-01-08,email,0,0,0.0,1
2920,2024-01-08,email,0,1,34.05,1
2921,2024-01-08,email,0,0,0.0,0
2922,2024-01-08,email,1,1,24.74,0
2923,2024-01-08,email,1,0,0.0,0
2924,2024-01-08,email,1,0,0.0,0
2925,2024-01-08,email,1,0,0.0,0
2926,2024-01-08,email,0,0,0.0,1
2927,2024-01-08,email,1,0,0.0,0
2928,2024-01-08,email,0,0,0.0,0
2929,2024-01-08,email,0,0,0.0,1
2930,2024-01-08,email,0,0,0.0,1
2931,2024-01-08,email,1,0,0.0,0
2932,2024-01-08,email,0,0,0.0,1
2933,2024-01-08,email,0,0,0.0,1
2934,2024-01-08,email,1,0,0.0,0
2935,2024-01-08,email,0,0,0.0,1
2936,2024-01-08,email,1,0,0.0,0
2937,2024-01-08,email,1,0,0.0,0
2938,2024-01-08,email,0,0,0.0,0
2939,2024-01-08,email,1,0,0.0,0
2940,2024-01-08,email,0,0,0.0,0
2941,2024-01-08,email,1,0,0.0,0
2942,2024-01-08,email,0,0,0.0,1
2943,2024-01-08,email,1,0,0.0,0
2944,2024-01-08,email,1,0,0.0,0
2945,2024-01-08,email,1,0,0.0,0
2946,2024-01-08,email,0,0,0.0,0
2947,2024-01-08,email,1,0,0.0,0
2948,2024-01-08,email,1,0,0.0,0
2949,2024-01-08,email,1,0,0.0,1
2950,2024-01-08,email,1,0,0.0,1
2951,2024-01-08,email,1,0,0.0,0
2952,2024-01-08,email,0,0,0.0,0
2953,2024-01-08,email,1,0,0.0,0
2954,2024-01-08,email,1,0,0.0,0
2955,2024-01-08,email,0,0,0.0,1
2956,2024-01-08,email,1,1,45.42,0
2957,2024-01-08,email,1,0,0.0,0
2958,2024-01-08,email,0,0,0.0,1
2959,2024-01-08,email,1,0,0.0,1
2960,2024-01-08,email,0,0,0.0,1
2961,2024-01-08,email,1,0,0.0,0
2962,2024-01-08,email,0,0,0.0,1
2963,2024-01-08,email,0,0,0.0,1
2964,2024-01-08,email,1,0,0.0,0
2965,2024-01-08,email,1,0,0.0,0
2966,2024-01-08,email,1,0,0.0,0
2967,2024-01-08,email,1,0,0.0,1
2968,2024-01-08,email,0,1,47.85,0
2969,2024-01-08,email,0,0,0.0,1
2970,2024-01-08,email,0,0,0.0,1
2971,2024-01-08,email,0,1,34.81,0
2972,2024-01-08,email,0,0,0.0,1
2973,2024-01-08,email,1,0,0.0,0
2974,2024-01-08,email,0,0,0.0,1
2975,2024-01-08,email,0,0,0.0,0
2976,2024-01-08,email,1,1,46.41,0
2977,2024-01-08,email,0,0,0.0,1
2978,2024-01-08,email,1,1,43.91,0
2979,2024-01-08,email,1,0,0.0,0
2980,2024-01-08,email,0,0,0.0,0
2981,2024-01-08,email,0,0,0.0,1
2982,2024-01-08,email,1,0,0.0,0
2983,2024-01-08,email,0,0,0.0,1
2984,2024-01-08,email,0,0,0.0,0
2985,2024-01-08,email,0,0,0.0,1
2986,2024-01-08,email,1,0,0.0,0
2987,2024-01-08,email,1,0,0.0,1
2988,2024-01-08,email,1,0,0.0,0
2989,2024-01-08,email,1,0,0.0,0
2990,2024-01-08,email,0,0,0.0,0
2991,2024-01-08,email,0,0,0.0,1
2992,2024-01-08,email,0,0,0.0,0
2993,2024-01-08,email,1,0,0.0,0
2994,2024-01-08,email,0,0,0.0,0
2995,2024-01-08,email,1,0,0.0,0
2996,2024-01-08,email,0,0,0.0,1
2997,2024-01-08,email,1,0,0.0,0
2998,2024-01-08,email,0,0,0.0,1
2999,2024-01-08,email,1,0,0.0,0
3000,2024-01-08,email,1,0,0.0,0
3001,2024-01-15,email,0,0,0.0,0
3002,2024-01-15,email,1,0,0.0,0
3003,2024-01-15,email,1,0,0.0,0
3004,2024-01-15,email,1,0,0.0,1
3005,2024-01-15,email,1,0,0.0,0
3006,2024-01-15,email,0,0,0.0,1
3007,2024-01-15,email,1,0,0.0,0
3008,2024-01-15,email,1,0,0.0,0
3009,2024-01-15,email,0,0,0.0,1
3010,2024-01-15,email,0,0,0.0,1
3011,2024-01-15,email,1,0,0.0,0
3012,2024-01-15,email,0,0,0.0,0
3013,2024-01-15,email,1,0,0.0,0
3014,2024-01-15,email,0,0,0.0,0
3015,2024-01-15,email,1,1,54.54,1
3016,2024-01-15,email,1,0,0.0,0
3017,2024-01-15,email,0,0,0.0,1
3018,2024-01-15,email,0,0,0.0,0
3019,2024-01-15,email,0,0,0.0,1
3020,2024-01-15,email,0,0,0.0,0
3021,2024-01-15,email,0,0,0.0,1
3022,2024-01-15,email,1,0,0.0,0
3023,2024-01-15,email,1,0,0.0,0
3024,2024-01-15,email,0,0,0.0,1
3025,2024-01-15,email,0,0,0.0,1
3026,2024-01-15,email,1,0,0.0,0
3027,2024-01-15,email,0,0,0.0,0
3028,2024-01-15,email,0,0,0.0,0
3029,2024-01-15,email,1,0,0.0,0
3030,2024-01-15,email,0,0,0.0,0
3031,2024-01-15,email,1,0,0.0,0
3032,2024-01-15,email,0,0,0.0,1
3033,2024-01-15,email,0,0,0.0,1
3034,2024-01-15,email,0,0,0.0,1
3035,2024-01-15,email,1,0,0.0,0
3036,2024-01-15,email,1,0,0.0,0
3037,2024-01-15,email,1,0,0.0,1
3038,2024-01-15,email,0,0,0.0,1
3039,2024-01-15,email,0,0,0.0,1
3040,2024-01-15,email,0,0,0.0,1
3041,2024-01-15,email,0,0,0.0,0
3042,2024-01-15,email,1,0,0.0,0
3043,2024-01-15,email,1,0,0.0,1
3044,2024-01-15,email,1,0,0.0,0
3045,2024-01-15,email,0,0,0.0,1
3046,2024-01-15,email,0,0,0.0,1
3047,2024-01-15,email,0,0,0.0,1
3048,2024-01-15,email,1,0,0.0,1
3049,2024-01-15,email,1,1,81.33,0
3050,2024-01-15,email,1,0,0.0,0
3051,2024-01-15,email,0,0,0.0,0
3052,2024-01-15,email,0,0,0.0,0
3053,2024-01-15,email,1,0,0.0,0
3054,2024-01-15,email,1,0,0.0,0
3055,2024-01-15,email,1,0,0.0,0
3056,2024-01-15,email,1,0,0.0,0
3057,2024-01-15,email,0,0,0.0,1
3058,2024-01-15,email,0,0,0.0,1
3059,2024-01-15,email,0,0,0.0,1
3060,2024-01-15,email,1,0,0.0,0
3061,2024-01-15,email,1,0,0.0,0
3062,2024-01-15,email,0,0,0.0,1
3063,2024-01-15,email,1,0,0.0,0
3064,2024-01-15,email,0,0,0.0,0
3065,2024-01-15,email,0,0,0.0,1
3066,2024-01-15,email,1,0,0.0,0
3067,2024-01-15,email,1,0,0.0,0
3068,2024-01-15,email,1,0,0.0,1
3069,2024-01-15,email,1,1,105.36,0
3070,2024-01-15,email,0,0,0.0,1
3071,2024-01-15,email,1,1,46.07,0
3072,2024-01-15,email,0,0,0.0,0
3073,2024-01-15,email,1,0,0.0,1
3074,2024-01-15,email,1,0,0.0,0
3075,2024-01-15,email,1,0,0.0,0
3076,2024-01-15,email,1,0,0.0,0
3077,2024-01-15,email,1,0,0.0,0
3078,2024-01-15,email,0,0,0.0,1
3079,2024-01-15,email,1,0,0.0,1
3080,2024-01-15,email,1,0,0.0,0
3081,2024-01-15,email,1,0,0.0,0
3082,2024-01-15,email,1,0,0.0,1
3083,2024-01-15,email,0,0,0.0,1
3084,2024-01-15,email,1,0,0.0,0
3085,2024-01-15,email,0,0,0.0,0
3086,2024-01-15,email,1,0,0.0,0
3087,2024-01-15,email,0,0,0.0,1
3088,2024-01-15,email,1,0,0.0,0
3089,2024-01-15,email,0,0,0.0,1
3090,2024-01-15,email,1,0,0.0,0
3091,2024-01-15,email,0,0,0.0,1
3092,2024-01-15,email,1,0,0.0,0
3093,2024-01-15,email,0,0,0.0,1
3094,2024-01-15,email,0,0,0.0,1
3095,2024-01-15,email,1,0,0.0,0
3096,2024-01-15,email,1,0,0.0,0
3097,2024-01-15,email,0,0,0.0,0
3098,2024-01-15,email,0,0,0.0,0
3099,2024-01-15,email,0,0,0.0,0
3100,2024-01-15,email,1,0,0.0,0
3101,2024-01-15,email,1,0,0.0,0
3102,2024-01-15,email,1,0,0.0,1
3103,2024-01-15,email,1,0,0.0,0
3104,2024-01-15,email,0,0,0.0,1
3105,2024-01-15,email,0,0,0.0,1
3106,2024-01-15,email,1,0,0.0,0
3107,2024-01-15,email,1,0,0.0,0
3108,2024-01-15,email,0,0,0.0,1
3109,2024-01-15,email,1,1,21.69,1
3110,2024-01-15,email,0,0,0.0,0
3111,2024-01-15,email,1,0,0.0,0
3112,2024-01-15,email,1,0,0.0,0
3113,2024-01-15,email,1,0,0.0,0
3114,2024-01-15,email,0,0,0.0,1
3115,2024-01-15,email,0,0,0.0,1
3116,2024-01-15,email,0,0,0.0,1
3117,2024-01-15,email,0,0,0.0,0
3118,2024-01-15,email,1,0,0.0,0
3119,2024-01-15,email,1,0,0.0,0
3120,2024-01-15,email,0,0,0.0,1
3121,2024-01-15,email,0,0,0.0,1
3122,2024-01-15,email,1,0,0.0,0
3123,2024-01-15,email,0,0,0.0,1
3124,2024-01-15,email,1,0,0.0,0
3125,2024-01-15,email,1,1,41.56,0
3126,2024-01-15,email,0,0,0.0,0
3127,2024-01-15,email,1,0,0.0,0
3128,2024-01-15,email,1,0,0.0,0
3129,2024-01-15,email,1,0,0.0,1
3130,2024-01-15,email,0,0,0.0,1
3131,2024-01-15,email,1,1,50.67,1
3132,2024-01-15,email,0,0,0.0,1
3133,2024-01-15,email,1,0,0.0,0
3134,2024-01-15,email,1,0,0.0,0
3135,2024-01-15,email,0,0,0.0,1
3136,2024-01-15,email,1,0,0.0,0
3137,2024-01-15,email,0,0,0.0,0
3138,2024-01-15,email,1,0,0.0,0
3139,2024-01-15,email,0,0,0.0,1
3140,2024-01-15,email,0,0,0.0,0
3141,2024-01-15,email,0,0,0.0,0
3142,2024-01-15,email,0,0,0.0,0
3143,2024-01-15,email,0,0,0.0,1
3144,2024-01-15,email,1,0,0.0,0
3145,2024-01-15,email,1,0,0.0,0
3146,2024-01-15,email,1,0,0.0,0
3147,2024-01-15,email,1,0,0.0,0
3148,2024-01-15,email,0,0,0.0,1
3149,2024-01-15,email,0,0,0.0,0
3150,2024-01-15,email,0,0,0.0,0
3151,2024-01-15,email,0,0,0.0,1
3152,2024-01-15,email,1,0,0.0,0
3153,2024-01-15,email,0,1,25.72,1
3154,2024-01-15,email,1,0,0.0,0
3155,2024-01-15,email,1,0,0.0,0
3156,2024-01-15,email,0,0,0.0,1
3157,2024-01-15,email,0,0,0.0,1
3158,2024-01-15,email,0,0,0.0,0
3159,2024-01-15,email,1,0,0.0,0
3160,2024-01-15,email,0,1,71.67,1
3161,2024-01-15,email,1,0,0.0,0
3162,2024-01-15,email,1,0,0.0,0
3163,2024-01-15,email,1,0,0.0,0
3164,2024-01-15,email,1,0,0.0,0
3165,2024-01-15,email,1,0,0.0,0
3166,2024-01-15,email,0,0,0.0,1
3167,2024-01-15,email,1,0,0.0,0
3168,2024-01-15,email,0,0,0.0,1
3169,2024-01-15,email,1,0,0.0,0
3170,2024-01-15,email,1,0,0.0,0
3171,2024-01-15,email,0,0,0.0,0
3172,2024-01-15,email,1,0,0.0,0
3173,2024-01-15,email,1,1,60.36,0
3174,2024-01-15,email,0,0,0.0,1
3175,2024-01-15,email,1,0,0.0,0
3176,2024-01-15,email,1,0,0.0,0
3177,2024-01-15,email,0,1,29.38,1
3178,2024-01-15,email,1,0,0.0,0
3179,2024-01-15,email,0,0,0.0,0
3180,2024-01-15,email,1,0,0.0,0
3181,2024-01-15,email,1,0,0.0,0
3182,2024-01-15,email,1,0,0.0,1
3183,2024-01-15,email,0,0,0.0,0
3184,2024-01-15,email,0,0,0.0,1
3185,2024-01-15,email,1,0,0.0,1
3186,2024-01-15,email,0,0,0.0,1
3187,2024-01-15,email,1,0,0.0,0
3188,2024-01-15,email,0,0,0.0,1
3189,2024-01-15,email,1,0,0.0,0
3190,2024-01-15,email,1,0,0.0,0
3191,2024-01-15,email,0,0,0.0,1
3192,2024-01-15,email,1,0,0.0,0
3193,2024-01-15,email,0,0,0.0,1
3194,2024-01-15,email,0,0,0.0,0
3195,2024-01-15,email,1,0,0.0,0
3196,2024-01-15,email,0,0,0.0,1
3197,2024-01-15,email,1,0,0.0,0
3198,2024-01-15,email,1,0,0.0,0
3199,2024-01-15,email,0,0,0.0,1
3200,2024-01-15,email,1,0,0.0,0
3201,2024-01-15,email,1,0,0.0,0
3202,2024-01-15,email,1,0,0.0,0
3203,2024-01-15,email,0,0,0.0,1
3204,2024-01-15,email,1,0,0.0,1
3205,2024-01-15,email,0,0,0.0,1
3206,2024-01-15,email,0,0,0.0,1
3207,2024-01-15,email,0,0,0.0,0
3208,2024-01-15,email,1,0,0.0,0
3209,2024-01-15,email,0,0,0.0,1
3210,2024-01-15,email,0,0,0.0,0
3211,2024-01-15,email,1,0,0.0,0
3212,2024-01-15,email,1,0,0.0,0
3213,2024-01-15,email,0,0,0.0,0
3214,2024-01-15,email,1,0,0.0,0
3215,2024-01-15,email,1,0,0.0,0
3216,2024-01-15,email,0,0,0.0,1
3217,2024-01-15,email,1,0,0.0,0
3218,2024-01-15,email,0,0,0.0,1
3219,2024-01-15,email,1,0,0.0,0
3220,2024-01-15,email,1,0,0.0,1
3221,2024-01-15,email,0,0,0.0,1
3222,2024-01-15,email,0,0,0.0,1
3223,2024-01-15,email,1,0,0.0,1
3224,2024-01-15,email,0,0,0.0,0
3225,2024-01-15,email,0,0,0.0,1
3226,2024-01-15,email,1,0,0.0,0
3227,2024-01-15,email,1,0,0.0,0
3228,2024-01-15,email,0,0,0.0,1
3229,2024-01-15,email,1,0,0.0,0
3230,2024-01-15,email,1,0,0.0,0
3231,2024-01-15,email,1,1,35.62,0
3232,2024-01-15,email,0,0,0.0,1
3233,2024-01-15,email,0,0,0.0,1
3234,2024-01-15,email,0,0,0.0,1
3235,2024-01-15,email,0,0,0.0,0
3236,2024-01-15,email,0,0,0.0,1
3237,2024-01-15,email,1,0,0.0,0
3238,2024-01-15,email,1,0,0.0,0
3239,2024-01-15,email,0,0,0.0,1
3240,2024-01-15,email,0,0,0.0,1
3241,2024-01-15,email,1,0,0.0,0
3242,2024-01-15,email,0,1,35.16,0
3243,2024-01-15,email,0,0,0.0,1
3244,2024-01-15,email,0,0,0.0,1
3245,2024-01-15,email,1,0,0.0,0
3246,2024-01-15,email,1,0,0.0,1
3247,2024-01-15,email,1,0,0.0,0
3248,2024-01-15,email,0,0,0.0,1
3249,2024-01-15,email,1,0,0.0,0
3250,2024-01-15,email,1,0,0.0,0
3251,2024-01-15,email,0,0,0.0,1
3252,2024-01-15,email,0,0,0.0,1
3253,2024-01-15,email,1,0,0.0,0
3254,2024-01-15,email,0,0,0.0,1
3255,2024-01-15,email,0,0,0.0,1
3256,2024-01-15,email,0,0,0.0,1
3257,2024-01-15,email,1,0,0.0,0
3258,2024-01-15,email,1,0,0.0,0
3259,2024-01-15,email,0,0,0.0,1
3260,2024-01-15,email,1,0,0.0,0
3261,2024-01-15,email,1,0,0.0,0
3262,2024-01-15,email,1,1,64.0,0
3263,2024-01-15,email,0,0,0.0,1
3264,2024-01-15,email,1,0,0.0,0
3265,2024-01-15,email,1,0,0.0,0
3266,2024-01-15,email,1,0,0.0,0
3267,2024-01-15,email,0,0,0.0,0
3268,2024-01-15,email,1,0,0.0,0
3269,2024-01-15,email,1,0,0.0,0
3270,2024-01-15,email,1,0,0.0,0
3271,2024-01-15,email,0,0,0.0,1
3272,2024-01-15,email,0,0,0.0,0
3273,2024-01-15,email,0,0,0.0,1
3274,2024-01-15,email,0,0,0.0,1
3275,2024-01-15,email,1,0,0.0,0
3276,2024-01-15,email,0,0,0.0,0
3277,2024-01-15,email,1,0,0.0,0
3278,2024-01-15,email,1,0,0.0,0
3279,2024-01-15,email,0,1,51.52,0
3280,2024-01-15,email,0,0,0.0,1
3281,2024-01-15,email,1,0,0.0,0
3282,2024-01-15,email,1,0,0.0,0
3283,2024-01-15,email,0,0,0.0,1
3284,2024-01-15,email,0,0,0.0,0
3285,2024-01-15,email,1,0,0.0,0
3286,2024-01-15,email,1,0,0.0,0
3287,2024-01-15,email,1,1,62.62,1
3288,2024-01-15,email,1,0,0.0,0
3289,2024-01-15,email,0,0,0.0,1
3290,2024-01-15,email,0,0,0.0,1
3291,2024-01-15,email,1,0,0.0,0
3292,2024-01-15,email,1,0,0.0,0
3293,2024-01-15,email,1,0,0.0,0
3294,2024-01-15,email,1,0,0.0,0
3295,2024-01-15,email,1,0,0.0,0
3296,2024-01-15,email,1,0,0.0,0
3297,2024-01-15,email,1,0,0.0,0
3298,2024-01-15,email,1,0,0.0,0
3299,2024-01-15,email,1,0,0.0,0
3300,2024-01-15,email,1,1,51.19,0
3301,2024-01-15,email,1,0,0.0,0
3302,2024-01-15,email,0,0,0.0,1
3303,2024-01-15,email,1,0,0.0,1
3304,2024-01-15,email,1,0,0.0,0
3305,2024-01-15,email,1,0,0.0,0
3306,2024-01-15,email,1,0,0.0,0
3307,2024-01-15,email,1,0,0.0,0
3308,2024-01-15,email,1,0,0.0,0
3309,2024-01-15,email,0,0,0.0,1
3310,2024-01-15,email,1,0,0.0,0
3311,2024-01-15,email,1,0,0.0,0
3312,2024-01-15,email,0,0,0.0,1
3313,2024-01-15,email,0,0,0.0,1
3314,2024-01-15,email,1,0,0.0,0
3315,2024-01-15,email,1,0,0.0,0
3316,2024-01-15,email,0,0,0.0,0
3317,2024-01-15,email,0,0,0.0,1
3318,2024-01-15,email,0,0,0.0,1
3319,2024-01-15,email,1,1,52.52,0
3320,2024-01-15,email,1,0,0.0,0
3321,2024-01-15,email,0,0,0.0,1
3322,2024-01-15,email,0,0,0.0,1
3323,2024-01-15,email,1,0,0.0,0
3324,2024-01-15,email,1,1,53.03,0
3325,2024-01-15,email,1,0,0.0,0
3326,2024-01-15,email,1,0,0.0,0
3327,2024-01-15,email,0,0,0.0,1
3328,2024-01-15,email,1,0,0.0,0
3329,2024-01-15,email,0,0,0.0,1
3330,2024-01-15,email,0,0,0.0,1
3331,2024-01-15,email,0,0,0.0,0
3332,2024-01-15,email,1,0,0.0,0
3333,2024-01-15,email,0,0,0.0,1
3334,2024-01-15,email,0,0,0.0,1
3335,2024-01-15,email,1,0,0.0,1
3336,2024-01-15,email,0,0,0.0,1
3337,2024-01-15,email,0,0,0.0,1
3338,2024-01-15,email,0,0,0.0,1
3339,2024-01-15,email,0,0,0.0,1
3340,2024-01-15,email,0,0,0.0,0
3341,2024-01-15,email,1,0,0.0,0
3342,2024-01-15,email,0,0,0.0,1
3343,2024-01-15,email,1,0,0.0,0
3344,2024-01-15,email,1,0,0.0,0
3345,2024-01-15,email,0,0,0.0,0
3346,2024-01-15,email,0,0,0.0,1
3347,2024-01-15,email,0,0,0.0,0
3348,2024-01-15,email,0,0,0.0,0
3349,2024-01-15,email,1,0,0.0,0
3350,2024-01-15,email,1,0,0.0,0
3351,2024-01-15,email,0,0,0.0,0
3352,2024-01-15,email,1,0,0.0,0
3353,2024-01-15,email,1,0,0.0,0
3354,2024-01-15,email,0,0,0.0,1
3355,2024-01-15,email,0,0,0.0,0
3356,2024-01-15,email,1,0,0.0,0
3357,2024-01-15,email,1,0,0.0,0
3358,2024-01-15,email,1,0,0.0,0
3359,2024-01-15,email,1,0,0.0,0
3360,2024-01-15,email,1,0,0.0,0
3361,2024-01-15,email,0,0,0.0,1
3362,2024-01-15,email,1,0,0.0,0
3363,2024-01-15,email,0,0,0.0,0
3364,2024-01-15,email,0,0,0.0,1
3365,2024-01-15,email,1,0,0.0,1
3366,2024-01-15,email,1,0,0.0,1
3367,2024-01-15,email,0,0,0.0,1
3368,2024-01-15,email,1,0,0.0,0
3369,2024-01-15,email,1,0,0.0,0
3370,2024-01-15,email,1,0,0.0,0
3371,2024-01-15,email,0,1,48.77,1
3372,2024-01-15,email,0,0,0.0,1
3373,2024-01-15,email,0,0,0.0,0
3374,2024-01-15,email,0,0,0.0,1
3375,2024-01-15,email,1,0,0.0,1
3376,2024-01-15,email,1,0,0.0,0
3377,2024-01-15,email,0,0,0.0,1
3378,2024-01-15,email,0,0,0.0,1
3379,2024-01-15,email,1,0,0.0,1
3380,2024-01-15,email,0,0,0.0,1
3381,2024-01-15,email,0,0,0.0,1
3382,2024-01-15,email,1,0,0.0,0
3383,2024-01-15,email,1,0,0.0,0
3384,2024-01-15,email,1,0,0.0,0
3385,2024-01-15,email,1,1,67.63,1
3386,2024-01-15,email,1,0,0.0,1
3387,2024-01-15,email,1,0,0.0,0
3388,2024-01-15,email,1,0,0.0,0
3389,2024-01-15,email,0,0,0.0,0
3390,2024-01-15,email,1,0,0.0,0
3391,2024-01-15,email,1,0,0.0,0
3392,2024-01-15,email,1,0,0.0,0
3393,2024-01-15,email,1,0,0.0,0
3394,2024-01-15,email,1,0,0.0,1
3395,2024-01-15,email,1,0,0.0,0
3396,2024-01-15,email,1,0,0.0,0
3397,2024-01-15,email,1,0,0.0,0
3398,2024-01-15,email,0,0,0.0,1
3399,2024-01-15,email,1,0,0.0,0
3400,2024-01-15,email,0,0,0.0,1
3401,2024-01-15,email,0,0,0.0,1
3402,2024-01-15,email,1,0,0.0,1
3403,2024-01-15,email,0,0,0.0,0
3404,2024-01-15,email,1,1,39.0,0
3405,2024-01-15,email,0,0,0.0,0
3406,2024-01-15,email,1,0,0.0,0
3407,2024-01-15,email,1,0,0.0,0
3408,2024-01-15,email,1,0,0.0,0
3409,2024-01-15,email,1,0,0.0,1
3410,2024-01-15,email,1,0,0.0,0
3411,2024-01-15,email,0,0,0.0,1
3412,2024-01-15,email,0,0,0.0,0
3413,2024-01-15,email,1,0,0.0,0
3414,2024-01-15,email,1,0,0.0,1
3415,2024-01-15,email,1,0,0.0,1
3416,2024-01-15,email,1,0,0.0,0
3417,2024-01-15,email,1,1,63.07,0
3418,2024-01-15,email,1,0,0.0,1
3419,2024-01-15,email,1,0,0.0,0
3420,2024-01-15,email,0,0,0.0,1
3421,2024-01-15,email,1,0,0.0,0
3422,2024-01-15,email,1,0,0.0,0
3423,2024-01-15,email,1,0,0.0,0
3424,2024-01-15,email,0,0,0.0,1
3425,2024-01-15,email,1,0,0.0,0
3426,2024-01-15,email,0,0,0.0,1
3427,2024-01-15,email,0,0,0.0,1
3428,2024-01-15,email,1,0,0.0,0
3429,2024-01-15,email,0,0,0.0,1
3430,2024-01-15,email,0,0,0.0,1
3431,2024-01-15,email,0,0,0.0,0
3432,2024-01-15,email,0,0,0.0,0
3433,2024-01-15,email,1,0,0.0,0
3434,2024-01-15,email,1,0,0.0,0
3435,2024-01-15,email,1,0,0.0,0
3436,2024-01-15,email,1,0,0.0,0
3437,2024-01-15,email,1,0,0.0,0
3438,2024-01-15,email,0,0,0.0,1
3439,2024-01-15,email,1,0,0.0,0
3440,2024-01-15,email,1,1,35.1,0
3441,2024-01-15,email,1,0,0.0,0
3442,2024-01-15,email,1,0,0.0,0
3443,2024-01-15,email,0,0,0.0,0
3444,2024-01-15,email,1,0,0.0,0
3445,2024-01-15,email,1,0,0.0,0
3446,2024-01-15,email,1,0,0.0,0
3447,2024-01-15,email,0,0,0.0,1
3448,2024-01-15,email,1,0,0.0,0
3449,2024-01-15,email,0,0,0.0,1
3450,2024-01-15,email,1,0,0.0,0
3451,2024-01-15,email,1,0,0.0,0
3452,2024-01-15,email,0,0,0.0,0
3453,2024-01-15,email,1,0,0.0,1
3454,2024-01-15,email,0,0,0.0,0
3455,2024-01-15,email,1,0,0.0,0
3456,2024-01-15,email,1,0,0.0,0
3457,2024-01-15,email,1,0,0.0,1
3458,2024-01-15,email,1,0,0.0,0
3459,2024-01-15,email,0,0,0.0,0
3460,2024-01-15,email,1,0,0.0,0
3461,2024-01-15,email,0,0,0.0,0
3462,2024-01-15,email,0,0,0.0,1
3463,2024-01-15,email,0,0,0.0,1
3464,2024-01-15,email,0,0,0.0,1
3465,2024-01-15,email,1,0,0.0,0
3466,2024-01-15,email,0,0,0.0,1
3467,2024-01-15,email,1,1,54.44,0
3468,2024-01-15,email,0,0,0.0,1
3469,2024-01-15,email,0,1,100.07,0
3470,2024-01-15,email,1,0,0.0,0
3471,2024-01-15,email,1,0,0.0,0
3472,2024-01-15,email,1,0,0.0,0
3473,2024-01-15,email,1,1,47.4,0
3474,2024-01-15,email,0,0,0.0,1
3475,2024-01-15,email,1,0,0.0,0
3476,2024-01-15,email,1,0,0.0,1
3477,2024-01-15,email,1,0,0.0,0
3478,2024-01-15,email,0,0,0.0,1
3479,2024-01-15,email,0,0,0.0,1
3480,2024-01-15,email,1,0,0.0,0
3481,2024-01-15,email,0,0,0.0,1
3482,2024-01-15,email,1,0,0.0,0
3483,2024-01-15,email,1,0,0.0,0
3484,2024-01-15,email,0,0,0.0,1
3485,2024-01-15,email,1,0,0.0,0
3486,2024-01-15,email,0,0,0.0,1
3487,2024-01-15,email,1,0,0.0,0
3488,2024-01-15,email,1,0,0.0,0
3489,2024-01-15,email,1,0,0.0,1
3490,2024-01-15,email,0,0,0.0,1
3491,2024-01-15,email,1,0,0.0,0
3492,2024-01-15,email,0,0,0.0,1
3493,2024-01-15,email,1,0,0.0,1
3494,2024-01-15,email,0,0,0.0,1
3495,2024-01-15,email,1,0,0.0,0
3496,2024-01-15,email,0,0,0.0,1
3497,2024-01-15,email,0,0,0.0,0
3498,2024-01-15,email,0,0,0.0,1
3499,2024-01-15,email,0,0,0.0,1
3500,2024-01-15,email,1,0,0.0,0
3501,2024-01-15,email,1,0,0.0,0
3502,2024-01-15,email,0,0,0.0,0
3503,2024-01-15,email,1,0,0.0,0
3504,2024-01-15,email,0,0,0.0,0
3505,2024-01-15,email,0,0,0.0,0
3506,2024-01-15,email,0,0,0.0,1
3507,2024-01-15,email,1,1,51.14,0
3508,2024-01-15,email,0,0,0.0,1
3509,2024-01-15,email,0,0,0.0,1
3510,2024-01-15,email,1,0,0.0,0
3511,2024-01-15,email,0,0,0.0,1
3512,2024-01-15,email,0,0,0.0,0
3513,2024-01-15,email,0,0,0.0,1
3514,2024-01-15,email,1,0,0.0,0
3515,2024-01-15,email,1,0,0.0,0
3516,2024-01-15,email,1,0,0.0,0
3517,2024-01-15,email,0,0,0.0,1
3518,2024-01-15,email,1,0,0.0,0
3519,2024-01-15,email,0,0,0.0,1
3520,2024-01-15,email,0,0,0.0,1
3521,2024-01-15,email,0,0,0.0,1
3522,2024-01-15,email,0,0,0.0,0
3523,2024-01-15,email,1,0,0.0,0
3524,2024-01-15,email,0,0,0.0,1
3525,2024-01-15,email,0,0,0.0,1
3526,2024-01-15,email,0,0,0.0,0
3527,2024-01-15,email,0,0,0.0,1
3528,2024-01-15,email,1,0,0.0,1
3529,2024-01-15,email,1,0,0.0,0
3530,2024-01-15,email,0,0,0.0,1
3531,2024-01-15,email,0,0,0.0,0
3532,2024-01-15,email,0,0,0.0,1
3533,2024-01-15,email,1,0,0.0,0
3534,2024-01-15,email,1,0,0.0,0
3535,2024-01-15,email,0,0,0.0,0
3536,2024-01-15,email,0,0,0.0,1
3537,2024-01-15,email,1,0,0.0,0
3538,2024-01-15,email,0,0,0.0,1
3539,2024-01-15,email,1,0,0.0,0
3540,2024-01-15,email,1,0,0.0,1
3541,2024-01-15,email,1,0,0.0,0
3542,2024-01-15,email,1,0,0.0,0
3543,2024-01-15,email,1,0,0.0,0
3544,2024-01-15,email,1,0,0.0,0
3545,2024-01-15,email,1,0,0.0,0
3546,2024-01-15,email,1,0,0.0,1
3547,2024-01-15,email,1,0,0.0,0
3548,2024-01-15,email,1,0,0.0,0
3549,2024-01-15,email,0,0,0.0,0
3550,2024-01-15,email,1,0,0.0,1
3551,2024-01-15,email,1,0,0.0,0
3552,2024-01-15,email,0,0,0.0,0
3553,2024-01-15,email,1,0,0.0,0
3554,2024-01-15,email,0,0,0.0,0
3555,2024-01-15,email,1,1,23.77,0
3556,2024-01-15,email,1,0,0.0,0
3557,2024-01-15,email,1,0,0.0,0
3558,2024-01-15,email,0,0,0.0,1
3559,2024-01-15,email,0,0,0.0,0
3560,2024-01-15,email,1,0,0.0,0
3561,2024-01-15,email,0,0,0.0,1
3562,2024-01-15,email,0,0,0.0,0
3563,2024-01-15,email,1,0,0.0,0
3564,2024-01-15,email,0,0,0.0,0
3565,2024-01-15,email,1,0,0.0,0
3566,2024-01-15,email,0,0,0.0,1
3567,2024-01-15,email,0,0,0.0,1
3568,2024-01-15,email,1,0,0.0,0
3569,2024-01-15,email,1,0,0.0,0
3570,2024-01-15,email,0,0,0.0,0
3571,2024-01-15,email,1,0,0.0,0
3572,2024-01-15,email,0,0,0.0,0
3573,2024-01-15,email,0,0,0.0,0
3574,2024-01-15,email,0,0,0.0,1
3575,2024-01-15,email,1,0,0.0,0
3576,2024-01-15,email,1,0,0.0,0
3577,2024-01-15,email,0,0,0.0,1
3578,2024-01-15,email,1,0,0.0,0
3579,2024-01-15,email,1,0,0.0,0
3580,2024-01-15,email,1,1,42.31,0
3581,2024-01-15,email,1,0,0.0,0
3582,2024-01-15,email,0,0,0.0,1
3583,2024-01-15,email,1,0,0.0,0
3584,2024-01-15,email,1,0,0.0,0
3585,2024-01-15,email,1,0,0.0,0
3586,2024-01-15,email,1,0,0.0,0
3587,2024-01-15,email,0,0,0.0,0
3588,2024-01-15,email,0,0,0.0,1
3589,2024-01-15,email,0,0,0.0,1
3590,2024-01-15,email,0,0,0.0,0
3591,2024-01-15,email,1,0,0.0,0
3592,2024-01-15,email,0,0,0.0,1
3593,2024-01-15,email,1,0,0.0,0
3594,2024-01-15,email,1,0,0.0,0
3595,2024-01-15,email,0,0,0.0,0
3596,2024-01-15,email,1,0,0.0,0
3597,2024-01-15,email,0,0,0.0,1
3598,2024-01-15,email,1,0,0.0,0
3599,2024-01-15,email,1,0,0.0,0
3600,2024-01-15,email,1,0,0.0,0
3601,2024-01-15,email,0,0,0.0,1
3602,2024-01-15,email,0,0,0.0,1
3603,2024-01-15,email,1,0,0.0,0
3604,2024-01-15,email,1,0,0.0,0
3605,2024-01-15,email,1,0,0.0,0
3606,2024-01-15,email,1,0,0.0,1
3607,2024-01-15,email,1,0,0.0,0
3608,2024-01-15,email,0,0,0.0,1
3609,2024-01-15,email,1,0,0.0,0
3610,2024-01-15,email,1,0,0.0,0
3611,2024-01-15,email,1,0,0.0,1
3612,2024-01-15,email,1,0,0.0,0
3613,2024-01-15,email,0,0,0.0,1
3614,2024-01-15,email,1,0,0.0,0
3615,2024-01-15,email,1,0,0.0,1
3616,2024-01-15,email,0,0,0.0,0
3617,2024-01-15,email,1,0,0.0,0
3618,2024-01-15,email,0,0,0.0,1
3619,2024-01-15,email,1,0,0.0,0
3620,2024-01-15,email,1,0,0.0,0
3621,2024-01-15,email,0,0,0.0,0
3622,2024-01-15,email,1,0,0.0,0
3623,2024-01-15,email,0,0,0.0,1
3624,2024-01-15,email,0,0,0.0,1
3625,2024-01-15,email,0,0,0.0,1
3626,2024-01-15,email,1,0,0.0,0
3627,2024-01-15,email,0,0,0.0,1
3628,2024-01-15,email,1,0,0.0,0
3629,2024-01-15,email,0,0,0.0,1
3630,2024-01-15,email,0,0,0.0,1
3631,2024-01-15,email,1,0,0.0,0
3632,2024-01-15,email,0,0,0.0,1
3633,2024-01-15,email,0,0,0.0,0
3634,2024-01-15,email,0,0,0.0,1
3635,2024-01-15,email,0,0,0.0,1
3636,2024-01-15,email,1,0,0.0,0
3637,2024-01-15,email,0,0,0.0,0
3638,2024-01-15,email,0,0,0.0,1
3639,2024-01-15,email,1,0,0.0,0
3640,2024-01-15,email,1,0,0.0,0
3641,2024-01-15,email,1,0,0.0,1
3642,2024-01-15,email,0,0,0.0,0
3643,2024-01-15,email,1,0,0.0,1
3644,2024-01-15,email,0,0,0.0,1
3645,2024-01-15,email,0,0,0.0,1
3646,2024-01-15,email,1,0,0.0,0
3647,2024-01-15,email,1,0,0.0,0
3648,2024-01-15,email,1,0,0.0,0
3649,2024-01-15,email,1,0,0.0,0
3650,2024-01-15,email,1,0,0.0,1
3651,2024-01-15,email,0,0,0.0,1
3652,2024-01-15,email,0,0,0.0,1
3653,2024-01-15,email,1,1,57.04,0
3654,2024-01-15,email,0,0,0.0,0
3655,2024-01-15,email,1,1,47.68,0
3656,2024-01-15,email,0,0,0.0,1
3657,2024-01-15,email,1,0,0.0,0
3658,2024-01-15,email,0,0,0.0,0
3659,2024-01-15,email,1,0,0.0,1
3660,2024-01-15,email,0,0,0.0,1
3661,2024-01-15,email,1,0,0.0,0
3662,2024-01-15,email,1,0,0.0,0
3663,2024-01-15,email,1,0,0.0,0
3664,2024-01-15,email,1,0,0.0,0
3665,2024-01-15,email,0,0,0.0,0
3666,2024-01-15,email,1,0,0.0,0
3667,2024-01-15,email,1,0,0.0,0
3668,2024-01-15,email,0,0,0.0,0
3669,2024-01-15,email,1,0,0.0,0
3670,2024-01-15,email,1,0,0.0,0
3671,2024-01-15,email,0,0,0.0,1
3672,2024-01-15,email,1,1,113.05,0
3673,2024-01-15,email,1,0,0.0,0
3674,2024-01-15,email,0,0,0.0,1
3675,2024-01-15,email,1,0,0.0,0
3676,2024-01-15,email,1,0,0.0,0
3677,2024-01-15,email,1,0,0.0,0
3678,2024-01-15,email,1,0,0.0,0
3679,2024-01-15,email,0,0,0.0,1
3680,2024-01-15,email,0,0,0.0,1
3681,2024-01-15,email,0,0,0.0,0
3682,2024-01-15,email,1,0,0.0,0
3683,2024-01-15,email,0,0,0.0,1
3684,2024-01-15,email,0,1,46.07,0
3685,2024-01-15,email,1,0,0.0,0
3686,2024-01-15,email,1,0,0.0,0
3687,2024-01-15,email,1,0,0.0,0
3688,2024-01-15,email,1,0,0.0,0
3689,2024-01-15,email,0,0,0.0,0
3690,2024-01-15,email,1,0,0.0,0
3691,2024-01-15,email,1,0,0.0,0
3692,2024-01-15,email,0,0,0.0,0
3693,2024-01-15,email,0,0,0.0,1
3694,2024-01-15,email,0,0,0.0,1
3695,2024-01-15,email,1,1,47.32,0
3696,2024-01-15,email,0,0,0.0,1
3697,2024-01-15,email,0,0,0.0,1
3698,2024-01-15,email,1,0,0.0,0
3699,2024-01-15,email,0,0,0.0,1
3700,2024-01-15,email,1,0,0.0,0
3701,2024-01-15,email,1,0,0.0,0
3702,2024-01-15,email,0,0,0.0,1
3703,2024-01-15,email,0,0,0.0,0
3704,2024-01-15,email,0,0,0.0,1
3705,2024-01-15,email,0,0,0.0,1
3706,2024-01-15,email,1,0,0.0,0
3707,2024-01-15,email,0,0,0.0,1
3708,2024-01-15,email,1,0,0.0,0
3709,2024-01-15,email,1,0,0.0,0
3710,2024-01-15,email,0,0,0.0,0
3711,2024-01-15,email,0,0,0.0,1
3712,2024-01-15,email,0,0,0.0,0
3713,2024-01-15,email,1,0,0.0,1
3714,2024-01-15,email,1,0,0.0,0
3715,2024-01-15,email,0,0,0.0,1
3716,2024-01-15,email,1,0,0.0,0
3717,2024-01-15,email,0,0,0.0,0
3718,2024-01-15,email,1,0,0.0,0
3719,2024-01-15,email,0,0,0.0,0
3720,2024-01-15,email,1,0,0.0,0
3721,2024-01-15,email,0,0,0.0,1
3722,2024-01-15,email,0,0,0.0,0
3723,2024-01-15,email,1,0,0.0,0
3724,2024-01-15,email,0,0,0.0,1
3725,2024-01-15,email,0,0,0.0,0
3726,2024-01-15,email,0,0,0.0,1
3727,2024-01-15,email,0,0,0.0,1
3728,2024-01-15,email,1,0,0.0,0
3729,2024-01-15,email,0,0,0.0,1
3730,2024-01-15,email,1,0,0.0,1
3731,2024-01-15,email,1,0,0.0,0
3732,2024-01-15,email,1,0,0.0,0
3733,2024-01-15,email,0,0,0.0,0
3734,2024-01-15,email,0,0,0.0,1
3735,2024-01-15,email,0,0,0.0,1
3736,2024-01-15,email,1,0,0.0,0
3737,2024-01-15,email,1,0,0.0,0
3738,2024-01-15,email,0,0,0.0,0
3739,2024-01-15,email,1,0,0.0,1
3740,2024-01-15,email,0,0,0.0,0
3741,2024-01-15,email,0,0,0.0,0
3742,2024-01-15,email,1,1,51.73,0
3743,2024-01-15,email,1,0,0.0,0
3744,2024-01-15,email,0,0,0.0,0
3745,2024-01-15,email,1,0,0.0,0
3746,2024-01-15,email,0,0,0.0,1
3747,2024-01-15,email,1,0,0.0,0
3748,2024-01-15,email,1,0,0.0,0
3749,2024-01-15,email,0,0,0.0,1
3750,2024-01-15,email,1,0,0.0,0
3751,2024-01-15,email,0,0,0.0,1
3752,2024-01-15,email,1,0,0.0,0
3753,2024-01-15,email,1,0,0.0,0
3754,2024-01-15,email,0,0,0.0,1
3755,2024-01-15,email,0,0,0.0,1
3756,2024-01-15,email,1,0,0.0,0
3757,2024-01-15,email,0,0,0.0,1
3758,2024-01-15,email,1,0,0.0,0
3759,2024-01-15,email,0,0,0.0,1
3760,2024-01-15,email,1,0,0.0,0
3761,2024-01-15,email,1,0,0.0,0
3762,2024-01-15,email,1,0,0.0,0
3763,2024-01-15,email,1,0,0.0,0
3764,2024-01-15,email,0,0,0.0,0
3765,2024-01-15,email,0,0,0.0,1
3766,2024-01-15,email,1,0,0.0,0
3767,2024-01-15,email,1,0,0.0,0
3768,2024-01-15,email,1,0,0.0,0
3769,2024-01-15,email,0,0,0.0,0
3770,2024-01-15,email,0,0,0.0,1
3771,2024-01-15,email,0,0,0.0,0
3772,2024-01-15,email,1,1,49.12,0
3773,2024-01-15,email,0,0,0.0,1
3774,2024-01-15,email,0,0,0.0,1
3775,2024-01-15,email,0,0,0.0,0
3776,2024-01-15,email,0,0,0.0,0
3777,2024-01-15,email,1,0,0.0,0
3778,2024-01-15,email,1,0,0.0,1
3779,2024-01-15,email,1,0,0.0,0
3780,2024-01-15,email,1,0,0.0,0
3781,2024-01-15,email,1,0,0.0,0
3782,2024-01-15,email,0,0,0.0,1
3783,2024-01-15,email,0,0,0.0,1
3784,2024-01-15,email,0,0,0.0,0
3785,2024-01-15,email,0,0,0.0,0
3786,2024-01-15,email,0,0,0.0,1
3787,2024-01-15,email,0,0,0.0,1
3788,2024-01-15,email,1,0,0.0,0
3789,2024-01-15,email,1,0,0.0,0
3790,2024-01-15,email,0,0,0.0,0
3791,2024-01-15,email,1,0,0.0,0
3792,2024-01-15,email,0,0,0.0,0
3793,2024-01-15,email,0,0,0.0,1
3794,2024-01-15,email,1,0,0.0,0
3795,2024-01-15,email,1,0,0.0,0
3796,2024-01-15,email,1,0,0.0,1
3797,2024-01-15,email,0,0,0.0,1
3798,2024-01-15,email,0,0,0.0,1
3799,2024-01-15,email,1,0,0.0,0
3800,2024-01-15,email,1,0,0.0,0
3801,2024-01-15,email,1,0,0.0,0
3802,2024-01-15,email,0,1,76.65,1
3803,2024-01-15,email,1,0,0.0,0
3804,2024-01-15,email,0,0,0.0,1
3805,2024-01-15,email,0,0,0.0,1
3806,2024-01-15,email,0,0,0.0,1
3807,2024-01-15,email,0,0,0.0,0
3808,2024-01-15,email,0,0,0.0,1
3809,2024-01-15,email,1,0,0.0,0
3810,2024-01-15,email,1,0,0.0,0
3811,2024-01-15,email,0,0,0.0,1
3812,2024-01-15,email,1,0,0.0,0
3813,2024-01-15,email,0,0,0.0,1
3814,2024-01-15,email,1,0,0.0,0
3815,2024-01-15,email,1,0,0.0,1
3816,2024-01-15,email,1,0,0.0,1
3817,2024-01-15,email,0,0,0.0,1
3818,2024-01-15,email,0,1,39.25,1
3819,2024-01-15,email,0,0,0.0,0
3820,2024-01-15,email,0,0,0.0,1
3821,2024-01-15,email,0,0,0.0,1
3822,2024-01-15,email,0,0,0.0,1
3823,2024-01-15,email,0,0,0.0,0
3824,2024-01-15,email,0,0,0.0,0
3825,2024-01-15,email,0,0,0.0,1
3826,2024-01-15,email,0,0,0.0,1
3827,2024-01-15,email,1,0,0.0,0
3828,2024-01-15,email,1,0,0.0,1
3829,2024-01-15,email,1,1,42.02,0
3830,2024-01-15,email,0,0,0.0,1
3831,2024-01-15,email,0,0,0.0,0
3832,2024-01-15,email,0,0,0.0,1
3833,2024-01-15,email,1,0,0.0,0
3834,2024-01-15,email,1,0,0.0,0
3835,2024-01-15,email,1,0,0.0,0
3836,2024-01-15,email,1,0,0.0,0
3837,2024-01-15,email,1,0,0.0,0
3838,2024-01-15,email,0,0,0.0,1
3839,2024-01-15,email,0,0,0.0,1
3840,2024-01-15,email,1,0,0.0,0
3841,2024-01-15,email,0,0,0.0,1
3842,2024-01-15,email,1,0,0.0,0
3843,2024-01-15,email,1,0,0.0,0
3844,2024-01-15,email,0,0,0.0,1
3845,2024-01-15,email,1,0,0.0,0
3846,2024-01-15,email,1,0,0.0,0
3847,2024-01-15,email,1,0,0.0,0
3848,2024-01-15,email,0,0,0.0,0
3849,2024-01-15,email,0,0,0.0,1
3850,2024-01-15,email,1,0,0.0,0
3851,2024-01-15,email,1,0,0.0,0
3852,2024-01-15,email,0,0,0.0,1
3853,2024-01-15,email,0,0,0.0,1
3854,2024-01-15,email,0,0,0.0,0
3855,2024-01-15,email,1,0,0.0,0
3856,2024-01-15,email,1,0,0.0,1
3857,2024-01-15,email,1,0,0.0,0
3858,2024-01-15,email,1,0,0.0,0
3859,2024-01-15,email,1,0,0.0,0
3860,2024-01-15,email,1,0,0.0,0
3861,2024-01-15,email,1,0,0.0,0
3862,2024-01-15,email,0,0,0.0,0
3863,2024-01-15,email,0,0,0.0,1
3864,2024-01-15,email,0,0,0.0,1
3865,2024-01-15,email,1,0,0.0,0
3866,2024-01-15,email,1,0,0.0,1
3867,2024-01-15,email,1,0,0.0,0
3868,2024-01-15,email,1,0,0.0,1
3869,2024-01-15,email,0,0,0.0,1
3870,2024-01-15,email,0,0,0.0,1
3871,2024-01-15,email,0,0,0.0,1
3872,2024-01-15,email,1,0,0.0,0
3873,2024-01-15,email,0,0,0.0,0
3874,2024-01-15,email,1,0,0.0,0
3875,2024-01-15,email,0,0,0.0,1
3876,2024-01-15,email,0,0,0.0,1
3877,2024-01-15,email,0,0,0.0,1
3878,2024-01-15,email,0,0,0.0,1
3879,2024-01-15,email,1,0,0.0,0
3880,2024-01-15,email,1,0,0.0,0
3881,2024-01-15,email,1,0,0.0,0
3882,2024-01-15,email,0,0,0.0,0
3883,2024-01-15,email,0,0,0.0,1
3884,2024-01-15,email,1,1,48.17,0
3885,2024-01-15,email,0,0,0.0,0
3886,2024-01-15,email,0,0,0.0,1
3887,2024-01-15,email,1,0,0.0,0
3888,2024-01-15,email,0,0,0.0,1
3889,2024-01-15,email,0,0,0.0,0
3890,2024-01-15,email,1,0,0.0,0
3891,2024-01-15,email,0,0,0.0,0
3892,2024-01-15,email,1,0,0.0,0
3893,2024-01-15,email,0,0,0.0,1
3894,2024-01-15,email,0,0,0.0,1
3895,2024-01-15,email,0,0,0.0,1
3896,2024-01-15,email,0,0,0.0,1
3897,2024-01-15,email,0,0,0.0,1
3898,2024-01-15,email,1,0,0.0,0
3899,2024-01-15,email,1,0,0.0,0
3900,2024-01-15,email,0,0,0.0,0
3901,2024-01-15,email,0,0,0.0,1
3902,2024-01-15,email,1,0,0.0,0
3903,2024-01-15,email,1,0,0.0,0
3904,2024-01-15,email,0,0,0.0,1
3905,2024-01-15,email,0,0,0.0,1
3906,2024-01-15,email,0,0,0.0,0
3907,2024-01-15,email,1,0,0.0,0
3908,2024-01-15,email,0,0,0.0,1
3909,2024-01-15,email,1,0,0.0,0
3910,2024-01-15,email,0,0,0.0,1
3911,2024-01-15,email,1,0,0.0,0
3912,2024-01-15,email,1,0,0.0,0
3913,2024-01-15,email,1,0,0.0,1
3914,2024-01-15,email,1,1,30.28,0
3915,2024-01-15,email,0,0,0.0,1
3916,2024-01-15,email,0,0,0.0,1
3917,2024-01-15,email,1,0,0.0,0
3918,2024-01-15,email,1,0,0.0,0
3919,2024-01-15,email,1,0,0.0,0
3920,2024-01-15,email,0,0,0.0,0
3921,2024-01-15,email,0,0,0.0,1
3922,2024-01-15,email,0,0,0.0,1
3923,2024-01-15,email,1,0,0.0,0
3924,2024-01-15,email,1,0,0.0,1
3925,2024-01-15,email,0,0,0.0,1
3926,2024-01-15,email,0,0,0.0,1
3927,2024-01-15,email,0,0,0.0,1
3928,2024-01-15,email,1,1,12.0,0
3929,2024-01-15,email,1,0,0.0,0
3930,2024-01-15,email,1,0,0.0,0
3931,2024-01-15,email,1,1,31.64,0
3932,2024-01-15,email,0,0,0.0,0
3933,2024-01-15,email,0,0,0.0,0
3934,2024-01-15,email,0,0,0.0,0
3935,2024-01-15,email,0,0,0.0,0
3936,2024-01-15,email,1,0,0.0,0
3937,2024-01-15,email,1,0,0.0,1
3938,2024-01-15,email,1,1,45.23,0
3939,2024-01-15,email,0,0,0.0,1
3940,2024-01-15,email,1,0,0.0,0
3941,2024-01-15,email,1,0,0.0,0
3942,2024-01-15,email,1,0,0.0,0
3943,2024-01-15,email,0,0,0.0,1
3944,2024-01-15,email,1,0,0.0,0
3945,2024-01-15,email,1,0,0.0,0
3946,2024-01-15,email,0,0,0.0,1
3947,2024-01-15,email,1,0,0.0,0
3948,2024-01-15,email,1,0,0.0,0
3949,2024-01-15,email,0,0,0.0,0
3950,2024-01-15,email,1,0,0.0,0
3951,2024-01-15,email,0,0,0.0,1
3952,2024-01-15,email,1,1,59.19,1
3953,2024-01-15,email,0,0,0.0,1
3954,2024-01-15,email,1,0,0.0,1
3955,2024-01-15,email,1,0,0.0,0
3956,2024-01-15,email,1,0,0.0,0
3957,2024-01-15,email,1,0,0.0,1
3958,2024-01-15,email,1,0,0.0,0
3959,2024-01-15,email,1,0,0.0,0
3960,2024-01-15,email,1,0,0.0,0
3961,2024-01-15,email,1,0,0.0,0
3962,2024-01-15,email,0,0,0.0,1
3963,2024-01-15,email,0,0,0.0,1
3964,2024-01-15,email,1,0,0.0,0
3965,2024-01-15,email,1,0,0.0,0
3966,2024-01-15,email,1,0,0.0,0
3967,2024-01-15,email,0,0,0.0,1
3968,2024-01-15,email,0,0,0.0,1
3969,2024-01-15,email,0,0,0.0,1
3970,2024-01-15,email,0,0,0.0,1
3971,2024-01-15,email,0,0,0.0,0
3972,2024-01-15,email,0,0,0.0,0
3973,2024-01-15,email,1,0,0.0,0
3974,2024-01-15,email,1,0,0.0,0
3975,2024-01-15,email,0,0,0.0,0
3976,2024-01-15,email,1,0,0.0,0
3977,2024-01-15,email,1,0,0.0,0
3978,2024-01-15,email,1,0,0.0,0
3979,2024-01-15,email,0,0,0.0,0
3980,2024-01-15,email,0,0,0.0,1
3981,2024-01-15,email,1,0,0.0,0
3982,2024-01-15,email,0,0,0.0,1
3983,2024-01-15,email,0,0,0.0,1
3984,2024-01-15,email,1,1,66.95,0
3985,2024-01-15,email,1,0,0.0,0
3986,2024-01-15,email,0,0,0.0,1
3987,2024-01-15,email,1,0,0.0,0
3988,2024-01-15,email,0,0,0.0,1
3989,2024-01-15,email,0,0,0.0,1
3990,2024-01-15,email,0,0,0.0,1
3991,2024-01-15,email,0,0,0.0,0
3992,2024-01-15,email,0,0,0.0,1
3993,2024-01-15,email,1,0,0.0,0
3994,2024-01-15,email,1,0,0.0,0
3995,2024-01-15,email,1,0,0.0,0
3996,2024-01-15,email,0,0,0.0,1
3997,2024-01-15,email,1,0,0.0,0
3998,2024-01-15,email,1,0,0.0,0
3999,2024-01-15,email,1,0,0.0,0
4000,2024-01-15,email,0,0,0.0,1
4001,2024-01-15,email,0,1,33.8,0
4002,2024-01-15,email,0,0,0.0,1
4003,2024-01-15,email,1,0,0.0,0
4004,2024-01-15,email,0,0,0.0,1
4005,2024-01-15,email,1,0,0.0,0
4006,2024-01-15,email,0,0,0.0,1
4007,2024-01-15,email,1,0,0.0,0
4008,2024-01-15,email,1,0,0.0,0
4009,2024-01-15,email,0,0,0.0,1
4010,2024-01-15,email,0,0,0.0,1
4011,2024-01-15,email,0,0,0.0,0
4012,2024-01-15,email,1,1,41.06,0
4013,2024-01-15,email,1,0,0.0,0
4014,2024-01-15,email,1,0,0.0,0
4015,2024-01-15,email,0,0,0.0,1
4016,2024-01-15,email,1,0,0.0,0
4017,2024-01-15,email,1,0,0.0,0
4018,2024-01-15,email,0,0,0.0,1
4019,2024-01-15,email,0,0,0.0,1
4020,2024-01-15,email,1,0,0.0,1
4021,2024-01-15,email,0,0,0.0,1
4022,2024-01-15,email,1,0,0.0,0
4023,2024-01-15,email,0,0,0.0,1
4024,2024-01-15,email,0,0,0.0,1
4025,2024-01-15,email,0,0,0.0,1
4026,2024-01-15,email,1,0,0.0,0
4027,2024-01-15,email,1,0,0.0,0
4028,2024-01-15,email,1,0,0.0,0
4029,2024-01-15,email,1,0,0.0,0
4030,2024-01-15,email,0,0,0.0,1
4031,2024-01-15,email,1,0,0.0,0
4032,2024-01-15,email,0,0,0.0,1
4033,2024-01-15,email,1,0,0.0,0
4034,2024-01-15,email,1,0,0.0,0
4035,2024-01-15,email,0,0,0.0,1
4036,2024-01-15,email,0,0,0.0,1
4037,2024-01-15,email,1,0,0.0,0
4038,2024-01-15,email,1,0,0.0,0
4039,2024-01-15,email,1,0,0.0,0
4040,2024-01-15,email,1,0,0.0,0
4041,2024-01-15,email,0,0,0.0,0
4042,2024-01-15,email,0,0,0.0,1
4043,2024-01-15,email,1,0,0.0,0
4044,2024-01-15,email,0,0,0.0,1
4045,2024-01-15,email,0,0,0.0,0
4046,2024-01-15,email,0,0,0.0,0
4047,2024-01-15,email,0,0,0.0,1
4048,2024-01-15,email,1,0,0.0,0
4049,2024-01-15,email,0,0,0.0,0
4050,2024-01-15,email,1,0,0.0,1
4051,2024-01-15,email,1,0,0.0,0
4052,2024-01-15,email,1,0,0.0,1
4053,2024-01-15,email,1,0,0.0,1
4054,2024-01-15,email,0,0,0.0,0
4055,2024-01-15,email,0,0,0.0,0
4056,2024-01-15,email,0,0,0.0,1
4057,2024-01-15,email,1,0,0.0,1
4058,2024-01-15,email,0,0,0.0,0
4059,2024-01-15,email,1,0,0.0,0
4060,2024-01-15,email,0,0,0.0,0
4061,2024-01-15,email,0,0,0.0,0
4062,2024-01-15,email,0,0,0.0,1
4063,2024-01-15,email,1,0,0.0,0
4064,2024-01-15,email,0,0,0.0,1
4065,2024-01-15,email,1,0,0.0,0
4066,2024-01-15,email,0,0,0.0,1
4067,2024-01-15,email,0,0,0.0,1
4068,2024-01-15,email,0,1,68.21,1
4069,2024-01-15,email,1,0,0.0,0
4070,2024-01-15,email,1,0,0.0,0
4071,2024-01-15,email,0,0,0.0,0
4072,2024-01-15,email,0,0,0.0,1
4073,2024-01-15,email,1,0,0.0,0
4074,2024-01-15,email,1,0,0.0,0
4075,2024-01-15,email,0,0,0.0,1
4076,2024-01-15,email,1,0,0.0,0
4077,2024-01-15,email,0,0,0.0,1
4078,2024-01-15,email,1,0,0.0,0
4079,2024-01-15,email,0,0,0.0,1
4080,2024-01-15,email,0,1,51.44,1
4081,2024-01-15,email,1,0,0.0,0
4082,2024-01-15,email,0,0,0.0,0
4083,2024-01-15,email,0,0,0.0,1
4084,2024-01-15,email,0,0,0.0,1
4085,2024-01-15,email,1,0,0.0,0
4086,2024-01-15,email,1,0,0.0,0
4087,2024-01-15,email,0,0,0.0,1
4088,2024-01-15,email,0,0,0.0,1
4089,2024-01-15,email,1,0,0.0,0
4090,2024-01-15,email,0,0,0.0,1
4091,2024-01-15,email,0,0,0.0,1
4092,2024-01-15,email,1,0,0.0,0
4093,2024-01-15,email,0,0,0.0,0
4094,2024-01-15,email,0,1,99.36,0
4095,2024-01-15,email,1,0,0.0,0
4096,2024-01-15,email,0,1,56.05,1
4097,2024-01-15,email,1,0,0.0,0
4098,2024-01-15,email,1,0,0.0,0
4099,2024-01-15,email,0,0,0.0,0
4100,2024-01-15,email,1,0,0.0,0
4101,2024-01-15,email,0,0,0.0,0
4102,2024-01-15,email,0,0,0.0,1
4103,2024-01-15,email,0,0,0.0,1
4104,2024-01-15,email,0,0,0.0,0
4105,2024-01-15,email,1,0,0.0,0
4106,2024-01-15,email,1,0,0.0,0
4107,2024-01-15,email,1,0,0.0,0
4108,2024-01-15,email,0,0,0.0,1
4109,2024-01-15,email,1,0,0.0,0
4110,2024-01-15,email,0,0,0.0,0
4111,2024-01-15,email,1,0,0.0,0
4112,2024-01-15,email,1,0,0.0,1
4113,2024-01-15,email,0,0,0.0,1
4114,2024-01-15,email,1,0,0.0,1
4115,2024-01-15,email,1,0,0.0,0
4116,2024-01-15,email,0,0,0.0,1
4117,2024-01-15,email,0,0,0.0,1
4118,2024-01-15,email,0,0,0.0,0
4119,2024-01-15,email,1,0,0.0,1
4120,2024-01-15,email,0,0,0.0,1
4121,2024-01-15,email,0,0,0.0,1
4122,2024-01-15,email,1,0,0.0,0
4123,2024-01-15,email,0,0,0.0,1
4124,2024-01-15,email,1,0,0.0,0
4125,2024-01-15,email,1,0,0.0,0
4126,2024-01-15,email,1,0,0.0,0
4127,2024-01-15,email,1,0,0.0,0
4128,2024-01-15,email,0,0,0.0,1
4129,2024-01-15,email,0,0,0.0,1
4130,2024-01-15,email,1,0,0.0,0
4131,2024-01-15,email,1,0,0.0,0
4132,2024-01-15,email,1,0,0.0,0
4133,2024-01-15,email,1,0,0.0,0
4134,2024-01-15,email,0,0,0.0,1
4135,2024-01-15,email,1,0,0.0,0
4136,2024-01-15,email,0,0,0.0,0
4137,2024-01-15,email,1,0,0.0,1
4138,2024-01-15,email,1,0,0.0,0
4139,2024-01-15,email,1,0,0.0,0
4140,2024-01-15,email,1,0,0.0,0
4141,2024-01-15,email,1,0,0.0,0
4142,2024-01-15,email,1,0,0.0,0
4143,2024-01-15,email,0,0,0.0,1
4144,2024-01-15,email,0,0,0.0,1
4145,2024-01-15,email,0,0,0.0,1
4146,2024-01-15,email,1,0,0.0,0
4147,2024-01-15,email,1,0,0.0,1
4148,2024-01-15,email,0,0,0.0,1
4149,2024-01-15,email,0,0,0.0,0
4150,2024-01-15,email,0,1,34.53,1
4151,2024-01-15,email,0,0,0.0,1
4152,2024-01-15,email,0,0,0.0,1
4153,2024-01-15,email,1,0,0.0,0
4154,2024-01-15,email,1,0,0.0,0
4155,2024-01-15,email,1,0,0.0,0
4156,2024-01-15,email,0,1,42.78,1
4157,2024-01-15,email,1,0,0.0,0
4158,2024-01-15,email,1,0,0.0,0
4159,2024-01-15,email,1,0,0.0,0
4160,2024-01-15,email,1,0,0.0,0
4161,2024-01-15,email,1,0,0.0,0
4162,2024-01-15,email,0,0,0.0,0
4163,2024-01-15,email,1,0,0.0,0
4164,2024-01-15,email,0,0,0.0,1
4165,2024-01-15,email,1,0,0.0,0
4166,2024-01-15,email,1,0,0.0,1
4167,2024-01-15,email,0,0,0.0,1
4168,2024-01-15,email,0,0,0.0,0
4169,2024-01-15,email,0,0,0.0,1
4170,2024-01-15,email,1,0,0.0,0
4171,2024-01-15,email,1,0,0.0,0
4172,2024-01-15,email,1,0,0.0,0
4173,2024-01-15,email,1,0,0.0,0
4174,2024-01-15,email,0,0,0.0,1
4175,2024-01-15,email,1,1,34.94,0
4176,2024-01-15,email,0,0,0.0,1
4177,2024-01-15,email,0,0,0.0,1
4178,2024-01-15,email,1,0,0.0,0
4179,2024-01-15,email,1,0,0.0,0
4180,2024-01-15,email,1,0,0.0,0
4181,2024-01-15,email,0,0,0.0,1
4182,2024-01-15,email,0,0,0.0,1
4183,2024-01-15,email,1,0,0.0,0
4184,2024-01-15,email,1,0,0.0,1
4185,2024-01-15,email,0,0,0.0,1
4186,2024-01-15,email,0,0,0.0,1
4187,2024-01-15,email,0,0,0.0,0
4188,2024-01-15,email,1,1,52.37,0
4189,2024-01-15,email,1,0,0.0,0
4190,2024-01-15,email,1,1,38.25,0
4191,2024-01-15,email,1,0,0.0,0
4192,2024-01-15,email,0,0,0.0,0
4193,2024-01-15,email,1,0,0.0,0
4194,2024-01-15,email,0,0,0.0,0
4195,2024-01-15,email,0,0,0.0,1
4196,2024-01-15,email,1,0,0.0,0
4197,2024-01-15,email,1,0,0.0,0
4198,2024-01-15,email,0,0,0.0,1
4199,2024-01-15,email,1,0,0.0,1
4200,2024-01-15,email,1,0,0.0,0
4201,2024-01-15,email,1,0,0.0,0
4202,2024-01-15,email,1,0,0.0,0
4203,2024-01-15,email,0,0,0.0,1
4204,2024-01-15,email,0,0,0.0,0
4205,2024-01-15,email,1,0,0.0,0
4206,2024-01-15,email,0,0,0.0,0
4207,2024-01-15,email,0,0,0.0,1
4208,2024-01-15,email,1,0,0.0,1
4209,2024-01-15,email,1,0,0.0,0
4210,2024-01-15,email,0,0,0.0,1
4211,2024-01-15,email,1,0,0.0,0
4212,2024-01-15,email,1,0,0.0,0
4213,2024-01-15,email,1,0,0.0,0
4214,2024-01-15,email,1,0,0.0,0
4215,2024-01-15,email,0,0,0.0,0
4216,2024-01-15,email,1,0,0.0,0
4217,2024-01-15,email,1,0,0.0,0
4218,2024-01-15,email,1,0,0.0,0
4219,2024-01-15,email,1,0,0.0,0
4220,2024-01-15,email,0,0,0.0,1
4221,2024-01-15,email,0,0,0.0,1
4222,2024-01-15,email,1,0,0.0,0
4223,2024-01-15,email,1,0,0.0,0
4224,2024-01-15,email,1,0,0.0,0
4225,2024-01-15,email,1,0,0.0,0
4226,2024-01-15,email,0,0,0.0,1
4227,2024-01-15,email,0,0,0.0,1
4228,2024-01-15,email,1,0,0.0,0
4229,2024-01-15,email,1,0,0.0,0
4230,2024-01-15,email,0,0,0.0,1
4231,2024-01-15,email,0,0,0.0,0
4232,2024-01-15,email,0,0,0.0,1
4233,2024-01-15,email,1,1,35.05,1
4234,2024-01-15,email,1,0,0.0,0
4235,2024-01-15,email,1,0,0.0,0
4236,2024-01-15,email,0,0,0.0,0
4237,2024-01-15,email,1,0,0.0,0
4238,2024-01-15,email,0,0,0.0,1
4239,2024-01-15,email,0,0,0.0,0
4240,2024-01-15,email,0,0,0.0,1
4241,2024-01-15,email,1,0,0.0,1
4242,2024-01-15,email,0,0,0.0,0
4243,2024-01-15,email,0,0,0.0,1
4244,2024-01-15,email,0,0,0.0,1
4245,2024-01-15,email,0,0,0.0,1
4246,2024-01-15,email,1,0,0.0,0
4247,2024-01-15,email,1,0,0.0,0
4248,2024-01-15,email,0,0,0.0,1
4249,2024-01-15,email,1,0,0.0,0
4250,2024-01-15,email,0,0,0.0,1
4251,2024-01-15,email,0,0,0.0,1
4252,2024-01-15,email,1,0,0.0,0
4253,2024-01-15,email,0,1,34.68,1
4254,2024-01-15,email,0,0,0.0,1
4255,2024-01-15,email,0,0,0.0,1
4256,2024-01-15,email,1,0,0.0,0
4257,2024-01-15,email,1,0,0.0,0
4258,2024-01-15,email,1,0,0.0,0
4259,2024-01-15,email,0,0,0.0,1
4260,2024-01-15,email,1,0,0.0,1
4261,2024-01-15,email,1,0,0.0,0
4262,2024-01-15,email,1,0,0.0,0
4263,2024-01-15,email,0,0,0.0,0
4264,2024-01-15,email,1,0,0.0,0
4265,2024-01-15,email,0,0,0.0,0
4266,2024-01-15,email,1,1,51.04,0
4267,2024-01-15,email,0,0,0.0,1
4268,2024-01-15,email,0,0,0.0,1
4269,2024-01-15,email,1,0,0.0,0
4270,2024-01-15,email,1,0,0.0,0
4271,2024-01-15,email,0,0,0.0,1
4272,2024-01-15,email,1,0,0.0,0
4273,2024-01-15,email,1,0,0.0,0
4274,2024-01-15,email,0,0,0.0,0
4275,2024-01-15,email,0,0,0.0,1
4276,2024-01-15,email,0,0,0.0,1
4277,2024-01-15,email,1,0,0.0,0
4278,2024-01-15,email,1,0,0.0,0
4279,2024-01-15,email,0,0,0.0,1
4280,2024-01-15,email,0,0,0.0,1
4281,2024-01-15,email,1,1,73.27,0
4282,2024-01-15,email,1,0,0.0,0
4283,2024-01-15,email,1,0,0.0,0
4284,2024-01-15,email,1,0,0.0,0
4285,2024-01-15,email,0,0,0.0,1
4286,2024-01-15,email,0,0,0.0,1
4287,2024-01-15,email,1,0,0.0,0
4288,2024-01-15,email,0,0,0.0,1
4289,2024-01-15,email,1,0,0.0,0
4290,2024-01-15,email,1,0,0.0,0
4291,2024-01-15,email,0,0,0.0,1
4292,2024-01-15,email,0,0,0.0,1
4293,2024-01-15,email,1,0,0.0,0
4294,2024-01-15,email,0,0,0.0,0
4295,2024-01-15,email,0,0,0.0,1
4296,2024-01-15,email,1,0,0.0,0
4297,2024-01-15,email,1,0,0.0,0
4298,2024-01-15,email,0,0,0.0,0
4299,2024-01-15,email,1,0,0.0,0
4300,2024-01-15,email,1,0,0.0,0
4301,2024-01-15,email,0,0,0.0,1
4302,2024-01-15,email,0,0,0.0,1
4303,2024-01-15,email,1,0,0.0,0
4304,2024-01-15,email,1,0,0.0,0
4305,2024-01-15,email,1,0,0.0,0
4306,2024-01-15,email,0,0,0.0,1
4307,2024-01-15,email,0,0,0.0,1
4308,2024-01-15,email,1,0,0.0,0
4309,2024-01-15,email,0,0,0.0,1
4310,2024-01-15,email,0,0,0.0,0
4311,2024-01-15,email,0,0,0.0,1
4312,2024-01-15,email,0,0,0.0,1
4313,2024-01-15,email,1,0,0.0,0
4314,2024-01-15,email,0,0,0.0,0
4315,2024-01-15,email,0,0,0.0,1
4316,2024-01-15,email,1,0,0.0,1
4317,2024-01-15,email,1,0,0.0,1
4318,2024-01-15,email,0,0,0.0,0
4319,2024-01-15,email,0,0,0.0,1
4320,2024-01-15,email,1,0,0.0,0
4321,2024-01-15,email,1,0,0.0,0
4322,2024-01-15,email,0,0,0.0,1
4323,2024-01-15,email,0,0,0.0,1
4324,2024-01-15,email,0,0,0.0,1
4325,2024-01-15,email,1,0,0.0,1
4326,2024-01-15,email,0,0,0.0,1
4327,2024-01-15,email,1,0,0.0,0
4328,2024-01-15,email,0,0,0.0,0
4329,2024-01-15,email,1,0,0.0,0
4330,2024-01-15,email,0,0,0.0,1
4331,2024-01-15,email,1,0,0.0,0
4332,2024-01-15,email,0,1,66.83,1
4333,2024-01-15,email,1,0,0.0,0
4334,2024-01-15,email,1,0,0.0,0
4335,2024-01-15,email,0,0,0.0,1
4336,2024-01-15,email,0,0,0.0,1
4337,2024-01-15,email,1,0,0.0,0
4338,2024-01-15,email,1,0,0.0,0
4339,2024-01-15,email,1,0,0.0,0
4340,2024-01-15,email,0,0,0.0,1
4341,2024-01-15,email,1,1,85.8,0
4342,2024-01-15,email,0,0,0.0,0
4343,2024-01-15,email,1,0,0.0,0
4344,2024-01-15,email,1,1,54.75,0
4345,2024-01-15,email,0,0,0.0,0
4346,2024-01-15,email,0,0,0.0,1
4347,2024-01-15,email,1,0,0.0,0
4348,2024-01-15,email,1,0,0.0,0
4349,2024-01-15,email,0,0,0.0,1
4350,2024-01-15,email,0,0,0.0,1
4351,2024-01-15,email,0,0,0.0,1
4352,2024-01-15,email,1,0,0.0,0
4353,2024-01-15,email,1,0,0.0,0
4354,2024-01-15,email,1,0,0.0,0
4355,2024-01-15,email,0,0,0.0,0
4356,2024-01-15,email,1,0,0.0,0
4357,2024-01-15,email,0,0,0.0,1
4358,2024-01-15,email,0,0,0.0,1
4359,2024-01-15,email,0,1,44.8,1
4360,2024-01-15,email,0,0,0.0,1
4361,2024-01-15,email,0,0,0.0,1
4362,2024-01-15,email,1,0,0.0,0
4363,2024-01-15,email,0,0,0.0,0
4364,2024-01-15,email,1,0,0.0,0
4365,2024-01-15,email,0,0,0.0,1
4366,2024-01-15,email,0,0,0.0,0
4367,2024-01-15,email,1,0,0.0,0
4368,2024-01-15,email,0,0,0.0,1
4369,2024-01-15,email,0,0,0.0,0
4370,2024-01-15,email,0,0,0.0,0
4371,2024-01-15,email,1,1,54.04,0
4372,2024-01-15,email,1,0,0.0,0
4373,2024-01-15,email,1,0,0.0,0
4374,2024-01-15,email,0,0,0.0,1
4375,2024-01-15,email,0,0,0.0,0
4376,2024-01-15,email,0,0,0.0,1
4377,2024-01-15,email,1,0,0.0,0
4378,2024-01-15,email,1,1,33.47,0
4379,2024-01-15,email,0,0,0.0,0
4380,2024-01-15,email,0,0,0.0,1
4381,2024-01-15,email,0,0,0.0,0
4382,2024-01-15,email,1,0,0.0,0
4383,2024-01-15,email,0,0,0.0,1
4384,2024-01-15,email,0,0,0.0,0
4385,2024-01-15,email,0,0,0.0,1
4386,2024-01-15,email,1,0,0.0,0
4387,2024-01-15,email,0,0,0.0,1
4388,2024-01-15,email,1,0,0.0,0
4389,2024-01-15,email,0,0,0.0,1
4390,2024-01-15,email,1,0,0.0,0
4391,2024-01-15,email,1,0,0.0,1
4392,2024-01-15,email,1,0,0.0,0
4393,2024-01-15,email,1,0,0.0,0
4394,2024-01-15,email,0,0,0.0,0
4395,2024-01-15,email,0,0,0.0,1
4396,2024-01-15,email,1,0,0.0,0
4397,2024-01-15,email,1,0,0.0,0
4398,2024-01-15,email,0,0,0.0,0
4399,2024-01-15,email,0,0,0.0,0
4400,2024-01-15,email,0,0,0.0,1
4401,2024-01-15,email,0,0,0.0,0
4402,2024-01-15,email,0,0,0.0,1
4403,2024-01-15,email,1,0,0.0,0
4404,2024-01-15,email,1,0,0.0,0
4405,2024-01-15,email,1,0,0.0,0
4406,2024-01-15,email,1,0,0.0,0
4407,2024-01-15,email,0,0,0.0,1
4408,2024-01-15,email,1,0,0.0,0
4409,2024-01-15,email,0,0,0.0,1
4410,2024-01-15,email,1,0,0.0,1
4411,2024-01-15,email,1,0,0.0,1
4412,2024-01-15,email,1,0,0.0,0
4413,2024-01-15,email,1,0,0.0,1
4414,2024-01-15,email,0,0,0.0,1
4415,2024-01-15,email,1,0,0.0,0
4416,2024-01-15,email,0,0,0.0,0
4417,2024-01-15,email,0,0,0.0,1
4418,2024-01-15,email,0,0,0.0,0
4419,2024-01-15,email,0,0,0.0,1
4420,2024-01-15,email,1,0,0.0,0
4421,2024-01-15,email,1,0,0.0,0
4422,2024-01-15,email,1,0,0.0,0
4423,2024-01-15,email,0,0,0.0,0
4424,2024-01-15,email,1,0,0.0,0
4425,2024-01-15,email,1,0,0.0,1
4426,2024-01-15,email,0,0,0.0,1
4427,2024-01-15,email,1,0,0.0,0
4428,2024-01-15,email,1,0,0.0,0
4429,2024-01-15,email,0,0,0.0,1
4430,2024-01-15,email,0,0,0.0,1
4431,2024-01-15,email,1,0,0.0,0
4432,2024-01-15,email,1,0,0.0,0
4433,2024-01-15,email,0,0,0.0,1
4434,2024-01-15,email,0,0,0.0,1
4435,2024-01-15,email,0,0,0.0,1
4436,2024-01-15,email,1,0,0.0,0
4437,2024-01-15,email,0,0,0.0,1
4438,2024-01-15,email,1,0,0.0,1
4439,2024-01-15,email,1,0,0.0,0
4440,2024-01-15,email,1,0,0.0,0
4441,2024-01-15,email,0,0,0.0,1
4442,2024-01-15,email,0,0,0.0,1
4443,2024-01-15,email,0,0,0.0,0
4444,2024-01-15,email,1,0,0.0,0
4445,2024-01-15,email,0,0,0.0,1
4446,2024-01-15,email,1,0,0.0,0
4447,2024-01-15,email,0,0,0.0,1
4448,2024-01-15,email,1,0,0.0,0
4449,2024-01-15,email,1,0,0.0,0
4450,2024-01-15,email,1,0,0.0,0
4451,2024-01-15,email,0,0,0.0,1
4452,2024-01-15,email,1,0,0.0,0
4453,2024-01-15,email,1,0,0.0,0
4454,2024-01-15,email,1,0,0.0,0
4455,2024-01-15,email,1,0,0.0,0
4456,2024-01-15,email,1,0,0.0,1
4457,2024-01-15,email,1,0,0.0,0
4458,2024-01-15,email,0,0,0.0,1
4459,2024-01-15,email,1,0,0.0,0
4460,2024-01-15,email,1,0,0.0,1
4461,2024-01-15,email,1,0,0.0,0
4462,2024-01-15,email,0,0,0.0,0
4463,2024-01-15,email,1,0,0.0,0
4464,2024-01-15,email,1,0,0.0,0
4465,2024-01-15,email,0,0,0.0,0
4466,2024-01-15,email,1,0,0.0,0
4467,2024-01-15,email,0,0,0.0,1
4468,2024-01-15,email,0,0,0.0,1
4469,2024-01-15,email,0,0,0.0,1
4470,2024-01-15,email,1,1,31.74,1
4471,2024-01-15,email,1,0,0.0,0
4472,2024-01-15,email,0,0,0.0,0
4473,2024-01-15,email,0,0,0.0,1
4474,2024-01-15,email,0,0,0.0,1
4475,2024-01-15,email,1,0,0.0,1
4476,2024-01-15,email,1,0,0.0,0
4477,2024-01-15,email,0,0,0.0,1
4478,2024-01-15,email,1,0,0.0,0
4479,2024-01-15,email,1,0,0.0,0
4480,2024-01-15,email,0,0,0.0,1
4481,2024-01-15,email,1,0,0.0,1
4482,2024-01-15,email,0,0,0.0,1
4483,2024-01-15,email,1,0,0.0,0
4484,2024-01-15,email,1,0,0.0,0
4485,2024-01-15,email,0,0,0.0,1
4486,2024-01-15,email,1,0,0.0,1
4487,2024-01-15,email,1,1,41.66,0
4488,2024-01-15,email,1,0,0.0,1
4489,2024-01-15,email,1,0,0.0,0
4490,2024-01-15,email,0,0,0.0,1
4491,2024-01-15,email,1,0,0.0,1
4492,2024-01-15,email,0,0,0.0,1
4493,2024-01-15,email,1,0,0.0,0
4494,2024-01-15,email,1,0,0.0,0
4495,2024-01-15,email,1,0,0.0,0
4496,2024-01-15,email,0,0,0.0,1
4497,2024-01-15,email,1,0,0.0,0
4498,2024-01-15,email,0,0,0.0,1
4499,2024-01-15,email,1,0,0.0,0
4500,2024-01-15,email,1,0,0.0,0
4501,2024-01-22,email,1,0,0.0,0
4502,2024-01-22,email,1,0,0.0,0
4503,2024-01-22,email,0,0,0.0,0
4504,2024-01-22,email,1,0,0.0,0
4505,2024-01-22,email,1,0,0.0,0
4506,2024-01-22,email,1,0,0.0,0
4507,2024-01-22,email,1,1,51.98,0
4508,2024-01-22,email,1,0,0.0,1
4509,2024-01-22,email,1,0,0.0,0
4510,2024-01-22,email,0,0,0.0,0
4511,2024-01-22,email,1,0,0.0,1
4512,2024-01-22,email,1,0,0.0,0
4513,2024-01-22,email,1,0,0.0,0
4514,2024-01-22,email,1,0,0.0,0
4515,2024-01-22,email,0,0,0.0,0
4516,2024-01-22,email,1,0,0.0,0
4517,2024-01-22,email,1,0,0.0,0
4518,2024-01-22,email,0,0,0.0,1
4519,2024-01-22,email,0,0,0.0,0
4520,2024-01-22,email,0,0,0.0,1
4521,2024-01-22,email,1,0,0.0,0
4522,2024-01-22,email,0,0,0.0,0
4523,2024-01-22,email,0,0,0.0,1
4524,2024-01-22,email,1,0,0.0,0
4525,2024-01-22,email,1,0,0.0,1
4526,2024-01-22,email,1,0,0.0,0
4527,2024-01-22,email,1,0,0.0,0
4528,2024-01-22,email,1,0,0.0,1
4529,2024-01-22,email,0,0,0.0,1
4530,2024-01-22,email,1,0,0.0,0
4531,2024-01-22,email,0,0,0.0,0
4532,2024-01-22,email,0,0,0.0,1
4533,2024-01-22,email,0,0,0.0,1
4534,2024-01-22,email,0,0,0.0,0
4535,2024-01-22,email,1,0,0.0,0
4536,2024-01-22,email,1,0,0.0,0
4537,2024-01-22,email,1,0,0.0,0
4538,2024-01-22,email,0,0,0.0,1
4539,2024-01-22,email,1,0,0.0,1
4540,2024-01-22,email,0,0,0.0,1
4541,2024-01-22,email,0,0,0.0,1
4542,2024-01-22,email,1,1,46.24,0
4543,2024-01-22,email,1,0,0.0,0
4544,2024-01-22,email,1,0,0.0,0
4545,2024-01-22,email,1,0,0.0,0
4546,2024-01-22,email,1,0,0.0,0
4547,2024-01-22,email,1,0,0.0,0
4548,2024-01-22,email,0,0,0.0,1
4549,2024-01-22,email,1,0,0.0,0
4550,2024-01-22,email,1,0,0.0,0
4551,2024-01-22,email,0,0,0.0,1
4552,2024-01-22,email,0,0,0.0,1
4553,2024-01-22,email,0,0,0.0,1
4554,2024-01-22,email,0,0,0.0,1
4555,2024-01-22,email,0,0,0.0,0
4556,2024-01-22,email,1,0,0.0,0
4557,2024-01-22,email,1,0,0.0,0
4558,2024-01-22,email,1,0,0.0,0
4559,2024-01-22,email,1,0,0.0,0
4560,2024-01-22,email,1,0,0.0,0
4561,2024-01-22,email,0,0,0.0,0
4562,2024-01-22,email,1,0,0.0,0
4563,2024-01-22,email,1,0,0.0,0
4564,2024-01-22,email,1,0,0.0,0
4565,2024-01-22,email,0,0,0.0,1
4566,2024-01-22,email,1,0,0.0,0
4567,2024-01-22,email,0,0,0.0,0
4568,2024-01-22,email,0,0,0.0,0
4569,2024-01-22,email,0,0,0.0,1
4570,2024-01-22,email,0,0,0.0,1
4571,2024-01-22,email,0,0,0.0,0
4572,2024-01-22,email,1,0,0.0,0
4573,2024-01-22,email,0,0,0.0,1
4574,2024-01-22,email,1,0,0.0,0
4575,2024-01-22,email,0,0,0.0,1
4576,2024-01-22,email,1,0,0.0,0
4577,2024-01-22,email,0,0,0.0,1
4578,2024-01-22,email,0,0,0.0,0
4579,2024-01-22,email,1,0,0.0,0
4580,2024-01-22,email,0,0,0.0,1
4581,2024-01-22,email,0,0,0.0,1
4582,2024-01-22,email,1,0,0.0,0
4583,2024-01-22,email,0,0,0.0,0
4584,2024-01-22,email,0,0,0.0,1
4585,2024-01-22,email,0,0,0.0,1
4586,2024-01-22,email,0,0,0.0,1
4587,2024-01-22,email,0,0,0.0,1
4588,2024-01-22,email,0,0,0.0,0
4589,2024-01-22,email,0,0,0.0,1
4590,2024-01-22,email,0,0,0.0,1
4591,2024-01-22,email,0,0,0.0,1
4592,2024-01-22,email,0,0,0.0,1
4593,2024-01-22,email,0,0,0.0,1
4594,2024-01-22,email,0,0,0.0,1
4595,2024-01-22,email,1,0,0.0,0
4596,2024-01-22,email,1,1,40.09,0
4597,2024-01-22,email,1,0,0.0,0
4598,2024-01-22,email,1,0,0.0,0
4599,2024-01-22,email,1,0,0.0,0
4600,2024-01-22,email,1,0,0.0,0
4601,2024-01-22,email,0,0,0.0,1
4602,2024-01-22,email,0,0,0.0,1
4603,2024-01-22,email,1,0,0.0,0
4604,2024-01-22,email,0,0,0.0,1
4605,2024-01-22,email,1,0,0.0,0
4606,2024-01-22,email,0,0,0.0,0
4607,2024-01-22,email,0,0,0.0,1
4608,2024-01-22,email,0,0,0.0,1
4609,2024-01-22,email,1,0,0.0,0
4610,2024-01-22,email,1,0,0.0,0
4611,2024-01-22,email,1,0,0.0,1
4612,2024-01-22,email,0,0,0.0,0
4613,2024-01-22,email,0,0,0.0,0
4614,2024-01-22,email,1,0,0.0,0
4615,2024-01-22,email,1,0,0.0,0
4616,2024-01-22,email,1,0,0.0,0
4617,2024-01-22,email,1,0,0.0,0
4618,2024-01-22,email,0,0,0.0,1
4619,2024-01-22,email,1,0,0.0,0
4620,2024-01-22,email,1,0,0.0,0
4621,2024-01-22,email,0,0,0.0,1
4622,2024-01-22,email,0,0,0.0,1
4623,2024-01-22,email,1,0,0.0,0
4624,2024-01-22,email,0,0,0.0,0
4625,2024-01-22,email,0,0,0.0,1
4626,2024-01-22,email,0,0,0.0,0
4627,2024-01-22,email,1,0,0.0,0
4628,2024-01-22,email,0,0,0.0,1
4629,2024-01-22,email,1,0,0.0,0
4630,2024-01-22,email,1,0,0.0,0
4631,2024-01-22,email,0,0,0.0,0
4632,2024-01-22,email,0,0,0.0,0
4633,2024-01-22,email,0,0,0.0,1
4634,2024-01-22,email,1,0,0.0,0
4635,2024-01-22,email,1,1,74.63,0
4636,2024-01-22,email,1,0,0.0,0
4637,2024-01-22,email,0,0,0.0,1
4638,2024-01-22,email,1,0,0.0,0
4639,2024-01-22,email,0,0,0.0,0
4640,2024-01-22,email,1,0,0.0,0
4641,2024-01-22,email,0,1,39.81,1
4642,2024-01-22,email,0,0,0.0,1
4643,2024-01-22,email,0,0,0.0,1
4644,2024-01-22,email,0,0,0.0,1
4645,2024-01-22,email,0,0,0.0,1
4646,2024-01-22,email,1,0,0.0,0
4647,2024-01-22,email,1,0,0.0,0
4648,2024-01-22,email,1,0,0.0,0
4649,2024-01-22,email,0,0,0.0,1
4650,2024-01-22,email,0,0,0.0,0
4651,2024-01-22,email,0,0,0.0,0
4652,2024-01-22,email,0,0,0.0,0
4653,2024-01-22,email,1,0,0.0,0
4654,2024-01-22,email,1,0,0.0,0
4655,2024-01-22,email,1,1,34.95,0
4656,2024-01-22,email,0,0,0.0,1
4657,2024-01-22,email,1,0,0.0,0
4658,2024-01-22,email,0,0,0.0,1
4659,2024-01-22,email,0,0,0.0,1
4660,2024-01-22,email,1,0,0.0,0
4661,2024-01-22,email,0,0,0.0,1
4662,2024-01-22,email,1,0,0.0,1
4663,2024-01-22,email,0,0,0.0,1
4664,2024-01-22,email,0,0,0.0,1
4665,2024-01-22,email,1,0,0.0,1
4666,2024-01-22,email,0,0,0.0,1
4667,2024-01-22,email,0,0,0.0,1
4668,2024-01-22,email,1,0,0.0,1
4669,2024-01-22,email,1,0,0.0,1
4670,2024-01-22,email,0,0,0.0,1
4671,2024-01-22,email,0,1,39.06,1
4672,2024-01-22,email,0,0,0.0,0
4673,2024-01-22,email,1,0,0.0,0
4674,2024-01-22,email,0,0,0.0,0
4675,2024-01-22,email,0,0,0.0,1
4676,2024-01-22,email,1,0,0.0,0
4677,2024-01-22,email,1,0,0.0,0
4678,2024-01-22,email,0,0,0.0,1
4679,2024-01-22,email,0,0,0.0,0
4680,2024-01-22,email,0,0,0.0,1
4681,2024-01-22,email,1,0,0.0,1
4682,2024-01-22,email,1,0,0.0,0
4683,2024-01-22,email,0,0,0.0,1
4684,2024-01-22,email,1,0,0.0,0
4685,2024-01-22,email,0,0,0.0,0
4686,2024-01-22,email,1,0,0.0,0
4687,2024-01-22,email,0,0,0.0,1
4688,2024-01-22,email,0,0,0.0,1
4689,2024-01-22,email,0,1,76.31,0
4690,2024-01-22,email,0,0,0.0,1
4691,2024-01-22,email,1,0,0.0,1
4692,2024-01-22,email,0,0,0.0,0
4693,2024-01-22,email,0,0,0.0,1
4694,2024-01-22,email,0,0,0.0,1
4695,2024-01-22,email,0,0,0.0,0
4696,2024-01-22,email,1,0,0.0,0
4697,2024-01-22,email,1,0,0.0,0
4698,2024-01-22,email,0,0,0.0,1
4699,2024-01-22,email,1,0,0.0,1
4700,2024-01-22,email,0,1,57.05,0
4701,2024-01-22,email,1,0,0.0,0
4702,2024-01-22,email,1,0,0.0,0
4703,2024-01-22,email,0,0,0.0,1
4704,2024-01-22,email,1,0,0.0,0
4705,2024-01-22,email,1,0,0.0,0
4706,2024-01-22,email,0,0,0.0,1
4707,2024-01-22,email,0,0,0.0,1
4708,2024-01-22,email,0,0,0.0,0
4709,2024-01-22,email,0,0,0.0,1
4710,2024-01-22,email,0,0,0.0,1
4711,2024-01-22,email,1,0,0.0,0
4712,2024-01-22,email,1,0,0.0,0
4713,2024-01-22,email,0,0,0.0,1
4714,2024-01-22,email,1,0,0.0,0
4715,2024-01-22,email,1,0,0.0,1
4716,2024-01-22,email,0,0,0.0,0
4717,2024-01-22,email,1,0,0.0,0
4718,2024-01-22,email,1,0,0.0,0
4719,2024-01-22,email,0,0,0.0,0
4720,2024-01-22,email,1,0,0.0,0
4721,2024-01-22,email,1,0,0.0,1
4722,2024-01-22,email,0,0,0.0,1
4723,2024-01-22,email,1,0,0.0,0
4724,2024-01-22,email,0,0,0.0,0
4725,2024-01-22,email,0,0,0.0,1
4726,2024-01-22,email,0,0,0.0,0
4727,2024-01-22,email,0,0,0.0,1
4728,2024-01-22,email,0,0,0.0,1
4729,2024-01-22,email,1,0,0.0,1
4730,2024-01-22,email,0,0,0.0,1
4731,2024-01-22,email,0,0,0.0,1
4732,2024-01-22,email,0,0,0.0,0
4733,2024-01-22,email,1,0,0.0,0
4734,2024-01-22,email,1,0,0.0,0
4735,2024-01-22,email,1,0,0.0,0
4736,2024-01-22,email,1,0,0.0,0
4737,2024-01-22,email,0,0,0.0,1
4738,2024-01-22,email,1,0,0.0,0
4739,2024-01-22,email,1,0,0.0,0
4740,2024-01-22,email,0,0,0.0,1
4741,2024-01-22,email,1,0,0.0,0
4742,2024-01-22,email,0,0,0.0,1
4743,2024-01-22,email,1,0,0.0,0
4744,2024-01-22,email,0,0,0.0,0
4745,2024-01-22,email,1,0,0.0,0
4746,2024-01-22,email,0,0,0.0,1
4747,2024-01-22,email,1,0,0.0,0
4748,2024-01-22,email,0,0,0.0,1
4749,2024-01-22,email,1,0,0.0,0
4750,2024-01-22,email,1,0,0.0,0
4751,2024-01-22,email,1,0,0.0,0
4752,2024-01-22,email,0,0,0.0,1
4753,2024-01-22,email,1,0,0.0,1
4754,2024-01-22,email,0,0,0.0,1
4755,2024-01-22,email,1,0,0.0,0
4756,2024-01-22,email,0,0,0.0,1
4757,2024-01-22,email,0,0,0.0,1
4758,2024-01-22,email,1,0,0.0,0
4759,2024-01-22,email,0,0,0.0,0
4760,2024-01-22,email,1,0,0.0,0
4761,2024-01-22,email,0,0,0.0,1
4762,2024-01-22,email,1,0,0.0,0
4763,2024-01-22,email,0,0,0.0,0
4764,2024-01-22,email,1,0,0.0,0
4765,2024-01-22,email,1,0,0.0,0
4766,2024-01-22,email,1,0,0.0,0
4767,2024-01-22,email,0,0,0.0,1
4768,2024-01-22,email,1,0,0.0,0
4769,2024-01-22,email,1,0,0.0,0
4770,2024-01-22,email,0,0,0.0,1
4771,2024-01-22,email,1,0,0.0,0
4772,2024-01-22,email,1,0,0.0,0
4773,2024-01-22,email,0,0,0.0,0
4774,2024-01-22,email,0,0,0.0,1
4775,2024-01-22,email,1,0,0.0,0
4776,2024-01-22,email,1,0,0.0,0
4777,2024-01-22,email,1,0,0.0,0
4778,2024-01-22,email,0,0,0.0,1
4779,2024-01-22,email,1,0,0.0,0
4780,2024-01-22,email,0,0,0.0,1
4781,2024-01-22,email,0,0,0.0,1
4782,2024-01-22,email,1,0,0.0,0
4783,2024-01-22,email,1,0,0.0,0
4784,2024-01-22,email,0,0,0.0,1
4785,2024-01-22,email,0,0,0.0,1
4786,2024-01-22,email,1,0,0.0,1
4787,2024-01-22,email,0,0,0.0,1
4788,2024-01-22,email,1,0,0.0,0
4789,2024-01-22,email,1,0,0.0,0
4790,2024-01-22,email,0,0,0.0,1
4791,2024-01-22,email,1,0,0.0,0
4792,2024-01-22,email,0,0,0.0,1
4793,2024-01-22,email,1,0,0.0,0
4794,2024-01-22,email,0,0,0.0,1
4795,2024-01-22,email,1,0,0.0,0
4796,2024-01-22,email,1,1,47.49,0
4797,2024-01-22,email,1,0,0.0,1
4798,2024-01-22,email,0,0,0.0,1
4799,2024-01-22,email,1,0,0.0,1
4800,2024-01-22,email,0,0,0.0,1
4801,2024-01-22,email,0,0,0.0,1
4802,2024-01-22,email,1,0,0.0,0
4803,2024-01-22,email,1,0,0.0,0
4804,2024-01-22,email,0,0,0.0,0
4805,2024-01-22,email,0,0,0.0,1
4806,2024-01-22,email,1,0,0.0,0
4807,2024-01-22,email,1,0,0.0,0
4808,2024-01-22,email,1,0,0.0,0
4809,2024-01-22,email,0,0,0.0,0
4810,2024-01-22,email,1,0,0.0,0
4811,2024-01-22,email,1,0,0.0,0
4812,2024-01-22,email,0,0,0.0,0
4813,2024-01-22,email,1,0,0.0,0
4814,2024-01-22,email,1,0,0.0,0
4815,2024-01-22,email,0,0,0.0,1
4816,2024-01-22,email,0,1,40.4,1
4817,2024-01-22,email,1,0,0.0,0
4818,2024-01-22,email,1,0,0.0,0
4819,2024-01-22,email,0,1,30.95,1
4820,2024-01-22,email,1,0,0.0,1
4821,2024-01-22,email,0,0,0.0,1
4822,2024-01-22,email,0,0,0.0,1
4823,2024-01-22,email,0,1,41.86,0
4824,2024-01-22,email,0,0,0.0,1
4825,2024-01-22,email,0,0,0.0,1
4826,2024-01-22,email,0,0,0.0,1
4827,2024-01-22,email,0,0,0.0,1
4828,2024-01-22,email,0,0,0.0,0
4829,2024-01-22,email,1,0,0.0,0
4830,2024-01-22,email,1,0,0.0,0
4831,2024-01-22,email,1,0,0.0,0
4832,2024-01-22,email,1,0,0.0,0
4833,2024-01-22,email,1,0,0.0,0
4834,2024-01-22,email,1,0,0.0,0
4835,2024-01-22,email,0,0,0.0,1
4836,2024-01-22,email,1,0,0.0,0
4837,2024-01-22,email,1,1,45.1,0
4838,2024-01-22,email,1,0,0.0,0
4839,2024-01-22,email,1,0,0.0,0
4840,2024-01-22,email,0,0,0.0,1
4841,2024-01-22,email,0,0,0.0,1
4842,2024-01-22,email,1,0,0.0,0
4843,2024-01-22,email,1,0,0.0,0
4844,2024-01-22,email,1,0,0.0,0
4845,2024-01-22,email,0,0,0.0,1
4846,2024-01-22,email,1,0,0.0,0
4847,2024-01-22,email,1,0,0.0,0
4848,2024-01-22,email,1,0,0.0,0
4849,2024-01-22,email,1,0,0.0,0
4850,2024-01-22,email,1,0,0.0,0
4851,2024-01-22,email,0,0,0.0,1
4852,2024-01-22,email,1,0,0.0,0
4853,2024-01-22,email,0,0,0.0,0
4854,2024-01-22,email,1,0,0.0,0
4855,2024-01-22,email,1,0,0.0,0
4856,2024-01-22,email,0,0,0.0,1
4857,2024-01-22,email,1,0,0.0,0
4858,2024-01-22,email,1,0,0.0,0
4859,2024-01-22,email,1,0,0.0,0
4860,2024-01-22,email,1,0,0.0,0
4861,2024-01-22,email,1,0,0.0,0
4862,2024-01-22,email,0,0,0.0,1
4863,2024-01-22,email,1,0,0.0,0
4864,2024-01-22,email,0,0,0.0,1
4865,2024-01-22,email,0,0,0.0,0
4866,2024-01-22,email,1,0,0.0,0
4867,2024-01-22,email,1,1,41.8,0
4868,2024-01-22,email,1,0,0.0,0
4869,2024-01-22,email,0,0,0.0,1
4870,2024-01-22,email,1,0,0.0,0
4871,2024-01-22,email,0,0,0.0,0
4872,2024-01-22,email,0,0,0.0,1
4873,2024-01-22,email,1,1,51.44,0
4874,2024-01-22,email,0,0,0.0,1
4875,2024-01-22,email,1,0,0.0,0
4876,2024-01-22,email,1,0,0.0,0
4877,2024-01-22,email,1,0,0.0,0
4878,2024-01-22,email,0,0,0.0,0
4879,2024-01-22,email,0,0,0.0,1
4880,2024-01-22,email,1,0,0.0,0
4881,2024-01-22,email,0,0,0.0,1
4882,2024-01-22,email,1,0,0.0,0
4883,2024-01-22,email,1,0,0.0,0
4884,2024-01-22,email,1,0,0.0,0
4885,2024-01-22,email,1,0,0.0,0
4886,2024-01-22,email,0,0,0.0,0
4887,2024-01-22,email,1,0,0.0,1
4888,2024-01-22,email,1,0,0.0,0
4889,2024-01-22,email,0,0,0.0,1
4890,2024-01-22,email,0,0,0.0,1
4891,2024-01-22,email,1,0,0.0,0
4892,2024-01-22,email,1,0,0.0,0
4893,2024-01-22,email,0,0,0.0,1
4894,2024-01-22,email,0,0,0.0,1
4895,2024-01-22,email,0,0,0.0,1
4896,2024-01-22,email,1,0,0.0,0
4897,2024-01-22,email,1,0,0.0,0
4898,2024-01-22,email,1,0,0.0,0
4899,2024-01-22,email,1,0,0.0,0
4900,2024-01-22,email,0,0,0.0,1
4901,2024-01-22,email,1,0,0.0,0
4902,2024-01-22,email,0,0,0.0,0
4903,2024-01-22,email,1,0,0.0,0
4904,2024-01-22,email,1,0,0.0,0
4905,2024-01-22,email,0,0,0.0,1
4906,2024-01-22,email,0,0,0.0,1
4907,2024-01-22,email,1,0,0.0,0
4908,2024-01-22,email,1,1,39.43,0
4909,2024-01-22,email,1,1,33.63,0
4910,2024-01-22,email,1,0,0.0,0
4911,2024-01-22,email,1,0,0.0,0
4912,2024-01-22,email,0,0,0.0,0
4913,2024-01-22,email,1,0,0.0,0
4914,2024-01-22,email,0,0,0.0,0
4915,2024-01-22,email,1,0,0.0,0
4916,2024-01-22,email,0,0,0.0,0
4917,2024-01-22,email,1,0,0.0,0
4918,2024-01-22,email,0,0,0.0,0
4919,2024-01-22,email,0,0,0.0,1
4920,2024-01-22,email,1,0,0.0,0
4921,2024-01-22,email,1,0,0.0,0
4922,2024-01-22,email,1,0,0.0,0
4923,2024-01-22,email,1,1,47.89,1
4924,2024-01-22,email,1,0,0.0,0
4925,2024-01-22,email,1,0,0.0,0
4926,2024-01-22,email,1,0,0.0,0
4927,2024-01-22,email,0,0,0.0,0
4928,2024-01-22,email,0,0,0.0,1
4929,2024-01-22,email,1,0,0.0,0
4930,2024-01-22,email,0,0,0.0,1
4931,2024-01-22,email,1,0,0.0,0
4932,2024-01-22,email,0,0,0.0,1
4933,2024-01-22,email,0,0,0.0,0
4934,2024-01-22,email,1,0,0.0,0
4935,2024-01-22,email,0,0,0.0,1
4936,2024-01-22,email,0,0,0.0,1
4937,2024-01-22,email,1,0,0.0,1
4938,2024-01-22,email,0,0,0.0,1
4939,2024-01-22,email,0,0,0.0,1
4940,2024-01-22,email,1,0,0.0,0
4941,2024-01-22,email,0,0,0.0,1
4942,2024-01-22,email,1,0,0.0,1
4943,2024-01-22,email,1,0,0.0,0
4944,2024-01-22,email,1,0,0.0,0
4945,2024-01-22,email,0,0,0.0,1
4946,2024-01-22,email,0,0,0.0,1
4947,2024-01-22,email,1,0,0.0,0
4948,2024-01-22,email,0,0,0.0,1
4949,2024-01-22,email,1,0,0.0,0
4950,2024-01-22,email,0,0,0.0,1
4951,2024-01-22,email,0,0,0.0,1
4952,2024-01-22,email,0,0,0.0,1
4953,2024-01-22,email,0,0,0.0,1
4954,2024-01-22,email,1,0,0.0,0
4955,2024-01-22,email,1,0,0.0,0
4956,2024-01-22,email,0,0,0.0,1
4957,2024-01-22,email,1,0,0.0,0
4958,2024-01-22,email,0,0,0.0,1
4959,2024-01-22,email,0,0,0.0,1
4960,2024-01-22,email,0,0,0.0,1
4961,2024-01-22,email,0,0,0.0,1
4962,2024-01-22,email,1,0,0.0,1
4963,2024-01-22,email,0,0,0.0,1
4964,2024-01-22,email,0,0,0.0,1
4965,2024-01-22,email,1,0,0.0,0
4966,2024-01-22,email,0,0,0.0,1
4967,2024-01-22,email,0,0,0.0,1
4968,2024-01-22,email,0,0,0.0,1
4969,2024-01-22,email,0,0,0.0,1
4970,2024-01-22,email,1,0,0.0,0
4971,2024-01-22,email,1,0,0.0,1
4972,2024-01-22,email,0,0,0.0,1
4973,2024-01-22,email,1,0,0.0,0
4974,2024-01-22,email,1,0,0.0,0
4975,2024-01-22,email,1,0,0.0,0
4976,2024-01-22,email,1,0,0.0,0
4977,2024-01-22,email,1,0,0.0,0
4978,2024-01-22,email,1,0,0.0,0
4979,2024-01-22,email,0,0,0.0,1
4980,2024-01-22,email,0,0,0.0,1
4981,2024-01-22,email,1,0,0.0,0
4982,2024-01-22,email,0,0,0.0,1
4983,2024-01-22,email,1,0,0.0,1
4984,2024-01-22,email,1,0,0.0,1
4985,2024-01-22,email,0,0,0.0,1
4986,2024-01-22,email,0,0,0.0,1
4987,2024-01-22,email,1,0,0.0,0
4988,2024-01-22,email,0,0,0.0,1
4989,2024-01-22,email,1,0,0.0,1
4990,2024-01-22,email,1,0,0.0,0
4991,2024-01-22,email,0,0,0.0,1
4992,2024-01-22,email,1,0,0.0,0
4993,2024-01-22,email,1,0,0.0,0
4994,2024-01-22,email,1,0,0.0,0
4995,2024-01-22,email,1,0,0.0,0
4996,2024-01-22,email,1,0,0.0,0
4997,2024-01-22,email,1,0,0.0,1
4998,2024-01-22,email,0,0,0.0,1
4999,2024-01-22,email,1,0,0.0,1
5000,2024-01-22,email,1,0,0.0,0
5001,2024-01-22,email,0,0,0.0,1
5002,2024-01-22,email,0,0,0.0,0
5003,2024-01-22,email,0,0,0.0,0
5004,2024-01-22,email,1,0,0.0,1
5005,2024-01-22,email,1,0,0.0,0
5006,2024-01-22,email,1,0,0.0,0
5007,2024-01-22,email,1,0,0.0,0
5008,2024-01-22,email,1,0,0.0,1
5009,2024-01-22,email,0,0,0.0,1
5010,2024-01-22,email,1,0,0.0,0
5011,2024-01-22,email,1,0,0.0,0
5012,2024-01-22,email,1,0,0.0,1
5013,2024-01-22,email,1,0,0.0,0
5014,2024-01-22,email,0,0,0.0,1
5015,2024-01-22,email,1,0,0.0,0
5016,2024-01-22,email,1,0,0.0,0
5017,2024-01-22,email,0,0,0.0,1
5018,2024-01-22,email,0,0,0.0,1
5019,2024-01-22,email,1,0,0.0,0
5020,2024-01-22,email,1,0,0.0,0
5021,2024-01-22,email,1,0,0.0,0
5022,2024-01-22,email,1,0,0.0,0
5023,2024-01-22,email,1,0,0.0,0
5024,2024-01-22,email,1,0,0.0,1
5025,2024-01-22,email,1,0,0.0,0
5026,2024-01-22,email,0,0,0.0,0
5027,2024-01-22,email,0,0,0.0,1
5028,2024-01-22,email,0,0,0.0,1
5029,2024-01-22,email,0,1,53.52,1
5030,2024-01-22,email,0,0,0.0,1
5031,2024-01-22,email,0,0,0.0,0
5032,2024-01-22,email,0,0,0.0,0
5033,2024-01-22,email,1,0,0.0,0
5034,2024-01-22,email,0,0,0.0,1
5035,2024-01-22,email,1,0,0.0,0
5036,2024-01-22,email,1,0,0.0,0
5037,2024-01-22,email,1,0,0.0,1
5038,2024-01-22,email,0,0,0.0,1
5039,2024-01-22,email,0,0,0.0,1
5040,2024-01-22,email,0,0,0.0,0
5041,2024-01-22,email,0,0,0.0,0
5042,2024-01-22,email,0,0,0.0,1
5043,2024-01-22,email,0,0,0.0,1
5044,2024-01-22,email,1,0,0.0,0
5045,2024-01-22,email,0,0,0.0,1
5046,2024-01-22,email,0,0,0.0,0
5047,2024-01-22,email,0,0,0.0,1
5048,2024-01-22,email,0,0,0.0,1
5049,2024-01-22,email,0,0,0.0,1
5050,2024-01-22,email,0,0,0.0,0
5051,2024-01-22,email,1,0,0.0,0
5052,2024-01-22,email,1,0,0.0,0
5053,2024-01-22,email,1,0,0.0,1
5054,2024-01-22,email,0,0,0.0,0
5055,2024-01-22,email,1,0,0.0,1
5056,2024-01-22,email,1,0,0.0,0
5057,2024-01-22,email,1,0,0.0,0
5058,2024-01-22,email,1,1,58.57,0
5059,2024-01-22,email,0,0,0.0,0
5060,2024-01-22,email,1,0,0.0,0
5061,2024-01-22,email,1,0,0.0,0
5062,2024-01-22,email,1,0,0.0,0
5063,2024-01-22,email,1,0,0.0,1
5064,2024-01-22,email,1,0,0.0,0
5065,2024-01-22,email,0,0,0.0,1
5066,2024-01-22,email,1,0,0.0,0
5067,2024-01-22,email,1,0,0.0,0
5068,2024-01-22,email,1,1,27.98,0
5069,2024-01-22,email,1,0,0.0,0
5070,2024-01-22,email,1,0,0.0,0
5071,2024-01-22,email,1,1,49.21,1
5072,2024-01-22,email,1,0,0.0,0
5073,2024-01-22,email,1,0,0.0,0
5074,2024-01-22,email,1,0,0.0,0
5075,2024-01-22,email,0,0,0.0,0
5076,2024-01-22,email,1,0,0.0,0
5077,2024-01-22,email,0,0,0.0,1
5078,2024-01-22,email,1,0,0.0,0
5079,2024-01-22,email,1,0,0.0,0
5080,2024-01-22,email,0,0,0.0,1
5081,2024-01-22,email,0,0,0.0,1
5082,2024-01-22,email,0,0,0.0,1
5083,2024-01-22,email,1,0,0.0,0
5084,2024-01-22,email,0,0,0.0,1
5085,2024-01-22,email,1,0,0.0,0
5086,2024-01-22,email,0,0,0.0,0
5087,2024-01-22,email,1,0,0.0,0
5088,2024-01-22,email,1,0,0.0,0
5089,2024-01-22,email,1,0,0.0,0
5090,2024-01-22,email,0,0,0.0,1
5091,2024-01-22,email,0,0,0.0,1
5092,2024-01-22,email,1,0,0.0,0
5093,2024-01-22,email,1,0,0.0,1
5094,2024-01-22,email,1,0,0.0,0
5095,2024-01-22,email,1,0,0.0,0
5096,2024-01-22,email,0,0,0.0,1
5097,2024-01-22,email,0,0,0.0,0
5098,2024-01-22,email,0,0,0.0,1
5099,2024-01-22,email,1,0,0.0,0
5100,2024-01-22,email,1,1,45.74,0
5101,2024-01-22,email,0,0,0.0,1
5102,2024-01-22,email,1,0,0.0,0
5103,2024-01-22,email,0,0,0.0,1
5104,2024-01-22,email,0,1,40.4,0
5105,2024-01-22,email,0,1,25.28,1
5106,2024-01-22,email,0,0,0.0,0
5107,2024-01-22,email,1,0,0.0,0
5108,2024-01-22,email,0,0,0.0,0
5109,2024-01-22,email,0,0,0.0,1
5110,2024-01-22,email,1,0,0.0,0
5111,2024-01-22,email,0,0,0.0,0
5112,2024-01-22,email,0,0,0.0,0
5113,2024-01-22,email,0,0,0.0,0
5114,2024-01-22,email,1,1,32.83,1
5115,2024-01-22,email,0,0,0.0,1
5116,2024-01-22,email,1,0,0.0,0
5117,2024-01-22,email,0,0,0.0,1
5118,2024-01-22,email,0,0,0.0,1
5119,2024-01-22,email,1,0,0.0,0
5120,2024-01-22,email,0,0,0.0,1
5121,2024-01-22,email,0,0,0.0,1
5122,2024-01-22,email,0,0,0.0,1
5123,2024-01-22,email,1,0,0.0,0
5124,2024-01-22,email,1,0,0.0,0
5125,2024-01-22,email,0,0,0.0,1
5126,2024-01-22,email,1,0,0.0,0
5127,2024-01-22,email,0,0,0.0,0
5128,2024-01-22,email,1,0,0.0,0
5129,2024-01-22,email,0,0,0.0,1
5130,2024-01-22,email,0,0,0.0,1
5131,2024-01-22,email,1,0,0.0,1
5132,2024-01-22,email,0,0,0.0,1
5133,2024-01-22,email,0,0,0.0,1
5134,2024-01-22,email,1,0,0.0,0
5135,2024-01-22,email,0,0,0.0,1
5136,2024-01-22,email,1,0,0.0,0
5137,2024-01-22,email,1,1,26.72,0
5138,2024-01-22,email,0,0,0.0,1
5139,2024-01-22,email,1,0,0.0,0
5140,2024-01-22,email,1,0,0.0,0
5141,2024-01-22,email,1,0,0.0,0
5142,2024-01-22,email,0,0,0.0,1
5143,2024-01-22,email,0,0,0.0,0
5144,2024-01-22,email,0,0,0.0,0
5145,2024-01-22,email,1,0,0.0,0
5146,2024-01-22,email,1,0,0.0,0
5147,2024-01-22,email,1,0,0.0,0
5148,2024-01-22,email,0,0,0.0,1
5149,2024-01-22,email,1,0,0.0,0
5150,2024-01-22,email,0,0,0.0,1
5151,2024-01-22,email,1,0,0.0,0
5152,2024-01-22,email,1,0,0.0,0
5153,2024-01-22,email,1,0,0.0,0
5154,2024-01-22,email,0,0,0.0,0
5155,2024-01-22,email,0,0,0.0,1
5156,2024-01-22,email,1,1,53.43,0
5157,2024-01-22,email,1,0,0.0,0
5158,2024-01-22,email,1,0,0.0,0
5159,2024-01-22,email,1,0,0.0,0
5160,2024-01-22,email,0,0,0.0,1
5161,2024-01-22,email,1,0,0.0,1
5162,2024-01-22,email,1,0,0.0,0
5163,2024-01-22,email,1,0,0.0,0
5164,2024-01-22,email,1,0,0.0,0
5165,2024-01-22,email,1,0,0.0,0
5166,2024-01-22,email,1,0,0.0,0
5167,2024-01-22,email,0,0,0.0,1
5168,2024-01-22,email,0,0,0.0,0
5169,2024-01-22,email,0,0,0.0,0
5170,2024-01-22,email,0,0,0.0,0
5171,2024-01-22,email,0,0,0.0,1
5172,2024-01-22,email,1,1,44.94,0
5173,2024-01-22,email,1,0,0.0,0
5174,2024-01-22,email,0,0,0.0,1
5175,2024-01-22,email,1,0,0.0,0
5176,2024-01-22,email,1,0,0.0,0
5177,2024-01-22,email,1,0,0.0,0
5178,2024-01-22,email,0,0,0.0,0
5179,2024-01-22,email,1,0,0.0,0
5180,2024-01-22,email,0,0,0.0,1
5181,2024-01-22,email,1,0,0.0,0
5182,2024-01-22,email,1,0,0.0,0
5183,2024-01-22,email,0,0,0.0,1
5184,2024-01-22,email,0,0,0.0,1
5185,2024-01-22,email,0,0,0.0,0
5186,2024-01-22,email,1,0,0.0,0
5187,2024-01-22,email,1,0,0.0,0
5188,2024-01-22,email,0,0,0.0,0
5189,2024-01-22,email,0,0,0.0,1
5190,2024-01-22,email,1,0,0.0,1
5191,2024-01-22,email,1,0,0.0,0
5192,2024-01-22,email,1,0,0.0,0
5193,2024-01-22,email,1,1,49.14,0
5194,2024-01-22,email,1,0,0.0,0
5195,2024-01-22,email,0,0,0.0,1
5196,2024-01-22,email,1,0,0.0,0
5197,2024-01-22,email,1,0,0.0,0
5198,2024-01-22,email,1,0,0.0,0
5199,2024-01-22,email,0,0,0.0,0
5200,2024-01-22,email,1,0,0.0,0
5201,2024-01-22,email,1,0,0.0,0
5202,2024-01-22,email,0,0,0.0,0
5203,2024-01-22,email,1,0,0.0,0
5204,2024-01-22,email,1,0,0.0,0
5205,2024-01-22,email,0,0,0.0,1
5206,2024-01-22,email,0,0,0.0,1
5207,2024-01-22,email,0,0,0.0,1
5208,2024-01-22,email,0,0,0.0,1
5209,2024-01-22,email,0,0,0.0,0
5210,2024-01-22,email,1,0,0.0,0
5211,2024-01-22,email,0,0,0.0,1
5212,2024-01-22,email,1,0,0.0,1
5213,2024-01-22,email,0,0,0.0,1
5214,2024-01-22,email,0,0,0.0,1
5215,2024-01-22,email,0,0,0.0,1
5216,2024-01-22,email,1,0,0.0,0
5217,2024-01-22,email,1,0,0.0,1
5218,2024-01-22,email,1,0,0.0,0
5219,2024-01-22,email,1,0,0.0,0
5220,2024-01-22,email,1,0,0.0,1
5221,2024-01-22,email,1,0,0.0,0
5222,2024-01-22,email,0,0,0.0,1
5223,2024-01-22,email,1,0,0.0,0
5224,2024-01-22,email,1,0,0.0,0
5225,2024-01-22,email,1,0,0.0,0
5226,2024-01-22,email,0,0,0.0,1
5227,2024-01-22,email,0,0,0.0,1
5228,2024-01-22,email,0,0,0.0,0
5229,2024-01-22,email,1,0,0.0,0
5230,2024-01-22,email,1,0,0.0,0
5231,2024-01-22,email,0,0,0.0,0
5232,2024-01-22,email,1,0,0.0,0
5233,2024-01-22,email,1,0,0.0,0
5234,2024-01-22,email,1,0,0.0,0
5235,2024-01-22,email,0,0,0.0,0
5236,2024-01-22,email,1,0,0.0,0
5237,2024-01-22,email,1,0,0.0,0
5238,2024-01-22,email,0,0,0.0,0
5239,2024-01-22,email,0,0,0.0,1
5240,2024-01-22,email,0,0,0.0,1
5241,2024-01-22,email,1,0,0.0,0
5242,2024-01-22,email,0,1,17.73,1
5243,2024-01-22,email,0,0,0.0,1
5244,2024-01-22,email,0,0,0.0,1
5245,2024-01-22,email,0,0,0.0,1
5246,2024-01-22,email,0,0,0.0,0
5247,2024-01-22,email,0,0,0.0,0
5248,2024-01-22,email,1,0,0.0,0
5249,2024-01-22,email,0,0,0.0,1
5250,2024-01-22,email,1,0,0.0,0
5251,2024-01-22,email,0,0,0.0,1
5252,2024-01-22,email,1,0,0.0,1
5253,2024-01-22,email,0,0,0.0,1
5254,2024-01-22,email,0,0,0.0,1
5255,2024-01-22,email,1,1,61.1,0
5256,2024-01-22,email,1,0,0.0,0
5257,2024-01-22,email,1,0,0.0,1
5258,2024-01-22,email,1,0,0.0,0
5259,2024-01-22,email,0,0,0.0,0
5260,2024-01-22,email,0,0,0.0,1
5261,2024-01-22,email,0,0,0.0,0
5262,2024-01-22,email,1,0,0.0,0
5263,2024-01-22,email,0,0,0.0,1
5264,2024-01-22,email,1,0,0.0,0
5265,2024-01-22,email,1,0,0.0,0
5266,2024-01-22,email,0,0,0.0,0
5267,2024-01-22,email,1,1,78.16,0
5268,2024-01-22,email,1,0,0.0,0
5269,2024-01-22,email,0,0,0.0,1
5270,2024-01-22,email,0,0,0.0,0
5271,2024-01-22,email,0,0,0.0,1
5272,2024-01-22,email,1,0,0.0,0
5273,2024-01-22,email,1,0,0.0,1
5274,2024-01-22,email,1,0,0.0,1
5275,2024-01-22,email,0,0,0.0,1
5276,2024-01-22,email,1,0,0.0,0
5277,2024-01-22,email,0,0,0.0,0
5278,2024-01-22,email,1,0,0.0,1
5279,2024-01-22,email,0,0,0.0,1
5280,2024-01-22,email,1,0,0.0,0
5281,2024-01-22,email,1,0,0.0,1
5282,2024-01-22,email,1,0,0.0,0
5283,2024-01-22,email,0,0,0.0,1
5284,2024-01-22,email,1,0,0.0,0
5285,2024-01-22,email,1,1,85.13,0
5286,2024-01-22,email,1,0,0.0,0
5287,2024-01-22,email,1,0,0.0,0
5288,2024-01-22,email,0,1,37.83,1
5289,2024-01-22,email,0,0,0.0,1
5290,2024-01-22,email,1,0,0.0,0
5291,2024-01-22,email,1,0,0.0,0
5292,2024-01-22,email,0,0,0.0,0
5293,2024-01-22,email,0,0,0.0,0
5294,2024-01-22,email,0,0,0.0,1
5295,2024-01-22,email,1,0,0.0,1
5296,2024-01-22,email,0,0,0.0,1
5297,2024-01-22,email,0,0,0.0,1
5298,2024-01-22,email,1,1,59.55,0
5299,2024-01-22,email,1,0,0.0,0
5300,2024-01-22,email,0,0,0.0,1
5301,2024-01-22,email,1,0,0.0,0
5302,2024-01-22,email,0,0,0.0,1
5303,2024-01-22,email,1,0,0.0,0
5304,2024-01-22,email,0,0,0.0,0
5305,2024-01-22,email,0,0,0.0,1
5306,2024-01-22,email,1,0,0.0,0
5307,2024-01-22,email,1,0,0.0,0
5308,2024-01-22,email,0,0,0.0,1
5309,2024-01-22,email,0,0,0.0,1
5310,2024-01-22,email,0,0,0.0,1
5311,2024-01-22,email,1,0,0.0,0
5312,2024-01-22,email,1,0,0.0,0
5313,2024-01-22,email,1,0,0.0,0
5314,2024-01-22,email,1,0,0.0,1
5315,2024-01-22,email,1,0,0.0,0
5316,2024-01-22,email,0,0,0.0,1
5317,2024-01-22,email,1,1,68.78,0
5318,2024-01-22,email,0,0,0.0,1
5319,2024-01-22,email,0,0,0.0,1
5320,2024-01-22,email,0,0,0.0,1
5321,2024-01-22,email,1,0,0.0,0
5322,2024-01-22,email,0,0,0.0,1
5323,2024-01-22,email,0,0,0.0,1
5324,2024-01-22,email,1,0,0.0,0
5325,2024-01-22,email,1,0,0.0,0
5326,2024-01-22,email,0,0,0.0,1
5327,2024-01-22,email,1,0,0.0,0
5328,2024-01-22,email,1,0,0.0,0
5329,2024-01-22,email,0,0,0.0,1
5330,2024-01-22,email,0,0,0.0,0
5331,2024-01-22,email,1,0,0.0,0
5332,2024-01-22,email,1,0,0.0,0
5333,2024-01-22,email,0,0,0.0,0
5334,2024-01-22,email,0,0,0.0,0
5335,2024-01-22,email,1,0,0.0,0
5336,2024-01-22,email,1,0,0.0,0
5337,2024-01-22,email,0,0,0.0,1
5338,2024-01-22,email,1,0,0.0,0
5339,2024-01-22,email,0,0,0.0,0
5340,2024-01-22,email,1,0,0.0,0
5341,2024-01-22,email,0,0,0.0,1
5342,2024-01-22,email,1,0,0.0,0
5343,2024-01-22,email,1,0,0.0,0
5344,2024-01-22,email,0,1,42.84,1
5345,2024-01-22,email,1,0,0.0,0
5346,2024-01-22,email,1,0,0.0,0
5347,2024-01-22,email,0,0,0.0,1
5348,2024-01-22,email,1,0,0.0,0
5349,2024-01-22,email,1,0,0.0,0
5350,2024-01-22,email,1,0,0.0,0
5351,2024-01-22,email,0,0,0.0,1
5352,2024-01-22,email,0,0,0.0,0
5353,2024-01-22,email,1,0,0.0,0
5354,2024-01-22,email,1,0,0.0,0
5355,2024-01-22,email,1,0,0.0,0
5356,2024-01-22,email,0,0,0.0,1
5357,2024-01-22,email,1,0,0.0,0
5358,2024-01-22,email,1,0,0.0,0
5359,2024-01-22,email,0,0,0.0,1
5360,2024-01-22,email,0,0,0.0,1
5361,2024-01-22,email,0,0,0.0,1
5362,2024-01-22,email,1,0,0.0,0
5363,2024-01-22,email,0,0,0.0,0
5364,2024-01-22,email,1,0,0.0,0
5365,2024-01-22,email,1,0,0.0,0
5366,2024-01-22,email,0,0,0.0,1
5367,2024-01-22,email,1,0,0.0,0
5368,2024-01-22,email,1,0,0.0,0
5369,2024-01-22,email,1,1,54.48,0
5370,2024-01-22,email,0,0,0.0,1
5371,2024-01-22,email,1,0,0.0,0
5372,2024-01-22,email,1,0,0.0,0
5373,2024-01-22,email,0,0,0.0,1
5374,2024-01-22,email,1,0,0.0,0
5375,2024-01-22,email,1,0,0.0,0
5376,2024-01-22,email,1,0,0.0,0
5377,2024-01-22,email,1,0,0.0,1
5378,2024-01-22,email,1,0,0.0,0
5379,2024-01-22,email,0,0,0.0,0
5380,2024-01-22,email,1,0,0.0,0
5381,2024-01-22,email,0,0,0.0,1
5382,2024-01-22,email,0,0,0.0,0
5383,2024-01-22,email,0,0,0.0,1
5384,2024-01-22,email,1,0,0.0,0
5385,2024-01-22,email,0,0,0.0,1
5386,2024-01-22,email,1,0,0.0,1
5387,2024-01-22,email,0,0,0.0,1
5388,2024-01-22,email,0,0,0.0,1
5389,2024-01-22,email,1,0,0.0,1
5390,2024-01-22,email,0,0,0.0,1
5391,2024-01-22,email,0,0,0.0,1
5392,2024-01-22,email,0,0,0.0,1
5393,2024-01-22,email,0,0,0.0,0
5394,2024-01-22,email,1,0,0.0,0
5395,2024-01-22,email,0,0,0.0,1
5396,2024-01-22,email,1,0,0.0,1
5397,2024-01-22,email,1,0,0.0,0
5398,2024-01-22,email,1,0,0.0,0
5399,2024-01-22,email,1,0,0.0,0
5400,2024-01-22,email,1,0,0.0,0
5401,2024-01-22,email,0,0,0.0,1
5402,2024-01-22,email,0,0,0.0,1
5403,2024-01-22,email,1,0,0.0,1
5404,2024-01-22,email,0,0,0.0,1
5405,2024-01-22,email,0,0,0.0,1
5406,2024-01-22,email,0,0,0.0,1
5407,2024-01-22,email,1,0,0.0,0
5408,2024-01-22,email,0,0,0.0,1
5409,2024-01-22,email,0,0,0.0,1
5410,2024-01-22,email,0,0,0.0,1
5411,2024-01-22,email,1,0,0.0,0
5412,2024-01-22,email,1,0,0.0,0
5413,2024-01-22,email,0,0,0.0,1
5414,2024-01-22,email,0,0,0.0,0
5415,2024-01-22,email,1,0,0.0,0
5416,2024-01-22,email,1,0,0.0,0
5417,2024-01-22,email,1,1,111.53,0
5418,2024-01-22,email,0,0,0.0,0
5419,2024-01-22,email,0,0,0.0,1
5420,2024-01-22,email,1,0,0.0,1
5421,2024-01-22,email,0,0,0.0,1
5422,2024-01-22,email,1,0,0.0,0
5423,2024-01-22,email,0,0,0.0,1
5424,2024-01-22,email,1,0,0.0,1
5425,2024-01-22,email,1,0,0.0,0
5426,2024-01-22,email,1,0,0.0,0
5427,2024-01-22,email,0,0,0.0,1
5428,2024-01-22,email,1,0,0.0,0
5429,2024-01-22,email,1,0,0.0,0
5430,2024-01-22,email,1,0,0.0,0
5431,2024-01-22,email,1,0,0.0,0
5432,2024-01-22,email,1,0,0.0,0
5433,2024-01-22,email,0,0,0.0,0
5434,2024-01-22,email,1,0,0.0,0
5435,2024-01-22,email,1,0,0.0,0
5436,2024-01-22,email,1,0,0.0,0
5437,2024-01-22,email,0,0,0.0,0
5438,2024-01-22,email,0,0,0.0,1
5439,2024-01-22,email,0,0,0.0,1
5440,2024-01-22,email,0,0,0.0,1
5441,2024-01-22,email,1,1,51.33,0
5442,2024-01-22,email,1,0,0.0,0
5443,2024-01-22,email,0,0,0.0,1
5444,2024-01-22,email,0,0,0.0,1
5445,2024-01-22,email,1,0,0.0,1
5446,2024-01-22,email,1,0,0.0,0
5447,2024-01-22,email,1,0,0.0,0
5448,2024-01-22,email,0,0,0.0,1
5449,2024-01-22,email,0,0,0.0,1
5450,2024-01-22,email,1,1,56.86,0
5451,2024-01-22,email,1,0,0.0,0
5452,2024-01-22,email,0,0,0.0,1
5453,2024-01-22,email,1,0,0.0,0
5454,2024-01-22,email,0,0,0.0,1
5455,2024-01-22,email,0,0,0.0,0
5456,2024-01-22,email,1,0,0.0,0
5457,2024-01-22,email,1,0,0.0,0
5458,2024-01-22,email,0,0,0.0,1
5459,2024-01-22,email,1,0,0.0,0
5460,2024-01-22,email,1,0,0.0,0
5461,2024-01-22,email,0,0,0.0,1
5462,2024-01-22,email,1,0,0.0,0
5463,2024-01-22,email,0,0,0.0,1
5464,2024-01-22,email,1,0,0.0,0
5465,2024-01-22,email,1,0,0.0,0
5466,2024-01-22,email,1,0,0.0,0
5467,2024-01-22,email,1,0,0.0,0
5468,2024-01-22,email,0,0,0.0,0
5469,2024-01-22,email,1,0,0.0,0
5470,2024-01-22,email,0,0,0.0,1
5471,2024-01-22,email,1,0,0.0,0
5472,2024-01-22,email,0,0,0.0,0
5473,2024-01-22,email,1,0,0.0,0
5474,2024-01-22,email,0,0,0.0,1
5475,2024-01-22,email,1,0,0.0,0
5476,2024-01-22,email,0,0,0.0,1
5477,2024-01-22,email,0,0,0.0,1
5478,2024-01-22,email,1,0,0.0,0
5479,2024-01-22,email,0,0,0.0,1
5480,2024-01-22,email,0,0,0.0,1
5481,2024-01-22,email,0,0,0.0,1
5482,2024-01-22,email,0,1,51.87,1
5483,2024-01-22,email,0,0,0.0,1
5484,2024-01-22,email,1,0,0.0,0
5485,2024-01-22,email,0,0,0.0,0
5486,2024-01-22,email,0,0,0.0,1
5487,2024-01-22,email,0,0,0.0,1
5488,2024-01-22,email,0,0,0.0,1
5489,2024-01-22,email,0,0,0.0,1
5490,2024-01-22,email,0,0,0.0,1
5491,2024-01-22,email,0,0,0.0,0
5492,2024-01-22,email,0,0,0.0,0
5493,2024-01-22,email,0,0,0.0,1
5494,2024-01-22,email,1,0,0.0,0
5495,2024-01-22,email,0,0,0.0,1
5496,2024-01-22,email,1,0,0.0,0
5497,2024-01-22,email,0,0,0.0,1
5498,2024-01-22,email,1,0,0.0,0
5499,2024-01-22,email,0,0,0.0,1
5500,2024-01-22,email,0,0,0.0,1
5501,2024-01-22,email,1,0,0.0,0
5502,2024-01-22,email,0,0,0.0,1
5503,2024-01-22,email,0,0,0.0,0
5504,2024-01-22,email,0,0,0.0,1
5505,2024-01-22,email,1,0,0.0,1
5506,2024-01-22,email,0,0,0.0,1
5507,2024-01-22,email,1,0,0.0,0
5508,2024-01-22,email,1,0,0.0,0
5509,2024-01-22,email,1,0,0.0,0
5510,2024-01-22,email,1,0,0.0,0
5511,2024-01-22,email,0,0,0.0,1
5512,2024-01-22,email,1,0,0.0,0
5513,2024-01-22,email,1,0,0.0,0
5514,2024-01-22,email,0,0,0.0,1
5515,2024-01-22,email,1,0,0.0,1
5516,2024-01-22,email,0,0,0.0,1
5517,2024-01-22,email,0,0,0.0,1
5518,2024-01-22,email,1,0,0.0,0
5519,2024-01-22,email,1,1,17.15,0
5520,2024-01-22,email,0,0,0.0,1
5521,2024-01-22,email,1,0,0.0,0
5522,2024-01-22,email,0,0,0.0,1
5523,2024-01-22,email,0,0,0.0,0
5524,2024-01-22,email,0,0,0.0,1
5525,2024-01-22,email,1,1,45.89,0
5526,2024-01-22,email,0,0,0.0,1
5527,2024-01-22,email,0,0,0.0,1
5528,2024-01-22,email,0,0,0.0,0
5529,2024-01-22,email,1,0,0.0,0
5530,2024-01-22,email,0,0,0.0,1
5531,2024-01-22,email,1,0,0.0,0
5532,2024-01-22,email,1,0,0.0,1
5533,2024-01-22,email,1,0,0.0,0
5534,2024-01-22,email,1,0,0.0,0
5535,2024-01-22,email,0,0,0.0,1
5536,2024-01-22,email,0,0,0.0,1
5537,2024-01-22,email,1,0,0.0,0
5538,2024-01-22,email,0,0,0.0,1
5539,2024-01-22,email,1,0,0.0,0
5540,2024-01-22,email,0,0,0.0,1
5541,2024-01-22,email,1,0,0.0,1
5542,2024-01-22,email,1,0,0.0,0
5543,2024-01-22,email,1,0,0.0,0
5544,2024-01-22,email,1,0,0.0,0
5545,2024-01-22,email,0,0,0.0,1
5546,2024-01-22,email,1,1,29.87,0
5547,2024-01-22,email,0,0,0.0,0
5548,2024-01-22,email,1,0,0.0,0
5549,2024-01-22,email,1,0,0.0,0
5550,2024-01-22,email,1,0,0.0,0
5551,2024-01-22,email,0,0,0.0,0
5552,2024-01-22,email,0,0,0.0,0
5553,2024-01-22,email,1,0,0.0,0
5554,2024-01-22,email,1,0,0.0,0
5555,2024-01-22,email,1,0,0.0,0
5556,2024-01-22,email,0,0,0.0,1
5557,2024-01-22,email,1,0,0.0,0
5558,2024-01-22,email,0,0,0.0,1
5559,2024-01-22,email,1,0,0.0,0
5560,2024-01-22,email,0,0,0.0,1
5561,2024-01-22,email,0,0,0.0,1
5562,2024-01-22,email,0,0,0.0,0
5563,2024-01-22,email,1,0,0.0,1
5564,2024-01-22,email,1,0,0.0,0
5565,2024-01-22,email,1,0,0.0,1
5566,2024-01-22,email,0,0,0.0,1
5567,2024-01-22,email,0,0,0.0,1
5568,2024-01-22,email,1,1,85.22,0
5569,2024-01-22,email,1,0,0.0,1
5570,2024-01-22,email,1,0,0.0,0
5571,2024-01-22,email,0,0,0.0,1
5572,2024-01-22,email,1,0,0.0,0
5573,2024-01-22,email,1,0,0.0,0
5574,2024-01-22,email,1,0,0.0,0
5575,2024-01-22,email,0,0,0.0,0
5576,2024-01-22,email,1,0,0.0,0
5577,2024-01-22,email,1,0,0.0,0
5578,2024-01-22,email,0,0,0.0,1
5579,2024-01-22,email,1,0,0.0,0
5580,2024-01-22,email,1,0,0.0,0
5581,2024-01-22,email,0,0,0.0,1
5582,2024-01-22,email,1,0,0.0,0
5583,2024-01-22,email,1,1,55.05,0
5584,2024-01-22,email,1,0,0.0,0
5585,2024-01-22,email,0,0,0.0,1
5586,2024-01-22,email,0,0,0.0,1
5587,2024-01-22,email,0,0,0.0,0
5588,2024-01-22,email,1,0,0.0,0
5589,2024-01-22,email,0,0,0.0,1
5590,2024-01-22,email,0,0,0.0,0
5591,2024-01-22,email,0,0,0.0,0
5592,2024-01-22,email,1,0,0.0,0
5593,2024-01-22,email,0,0,0.0,0
5594,2024-01-22,email,0,0,0.0,1
5595,2024-01-22,email,0,0,0.0,1
5596,2024-01-22,email,0,0,0.0,1
5597,2024-01-22,email,0,0,0.0,0
5598,2024-01-22,email,1,0,0.0,0
5599,2024-01-22,email,0,0,0.0,1
5600,2024-01-22,email,1,0,0.0,0
5601,2024-01-22,email,1,0,0.0,1
5602,2024-01-22,email,0,0,0.0,1
5603,2024-01-22,email,1,0,0.0,1
5604,2024-01-22,email,1,0,0.0,0
5605,2024-01-22,email,1,0,0.0,0
5606,2024-01-22,email,1,0,0.0,0
5607,2024-01-22,email,1,0,0.0,0
5608,2024-01-22,email,1,0,0.0,0
5609,2024-01-22,email,1,0,0.0,0
5610,2024-01-22,email,0,0,0.0,1
5611,2024-01-22,email,1,0,0.0,0
5612,2024-01-22,email,0,0,0.0,1
5613,2024-01-22,email,0,0,0.0,1
5614,2024-01-22,email,1,0,0.0,0
5615,2024-01-22,email,1,0,0.0,1
5616,2024-01-22,email,0,0,0.0,1
5617,2024-01-22,email,1,0,0.0,0
5618,2024-01-22,email,0,1,71.08,1
5619,2024-01-22,email,0,0,0.0,1
5620,2024-01-22,email,0,0,0.0,1
5621,2024-01-22,email,0,0,0.0,1
5622,2024-01-22,email,1,0,0.0,0
5623,2024-01-22,email,0,0,0.0,1
5624,2024-01-22,email,1,0,0.0,0
5625,2024-01-22,email,0,0,0.0,0
5626,2024-01-22,email,1,0,0.0,0
5627,2024-01-22,email,0,0,0.0,1
5628,2024-01-22,email,0,0,0.0,1
5629,2024-01-22,email,0,0,0.0,1
5630,2024-01-22,email,1,0,0.0,0
5631,2024-01-22,email,0,0,0.0,1
5632,2024-01-22,email,0,0,0.0,1
5633,2024-01-22,email,1,0,0.0,1
5634,2024-01-22,email,1,0,0.0,0
5635,2024-01-22,email,1,0,0.0,0
5636,2024-01-22,email,1,0,0.0,0
5637,2024-01-22,email,1,0,0.0,0
5638,2024-01-22,email,0,0,0.0,0
5639,2024-01-22,email,0,0,0.0,1
5640,2024-01-22,email,1,0,0.0,0
5641,2024-01-22,email,1,0,0.0,0
5642,2024-01-22,email,0,0,0.0,1
5643,2024-01-22,email,1,0,0.0,0
5644,2024-01-22,email,1,0,0.0,0
5645,2024-01-22,email,1,0,0.0,0
5646,2024-01-22,email,1,1,45.07,0
5647,2024-01-22,email,0,0,0.0,1
5648,2024-01-22,email,1,0,0.0,0
5649,2024-01-22,email,0,0,0.0,0
5650,2024-01-22,email,1,0,0.0,0
5651,2024-01-22,email,1,0,0.0,0
5652,2024-01-22,email,0,0,0.0,1
5653,2024-01-22,email,1,0,0.0,0
5654,2024-01-22,email,1,0,0.0,0
5655,2024-01-22,email,0,0,0.0,1
5656,2024-01-22,email,1,0,0.0,0
5657,2024-01-22,email,1,0,0.0,0
5658,2024-01-22,email,1,0,0.0,0
5659,2024-01-22,email,0,0,0.0,1
5660,2024-01-22,email,1,0,0.0,0
5661,2024-01-22,email,0,0,0.0,1
5662,2024-01-22,email,1,0,0.0,0
5663,2024-01-22,email,1,0,0.0,0
5664,2024-01-22,email,1,0,0.0,0
5665,2024-01-22,email,0,0,0.0,1
5666,2024-01-22,email,1,0,0.0,0
5667,2024-01-22,email,1,0,0.0,0
5668,2024-01-22,email,0,0,0.0,0
5669,2024-01-22,email,1,0,0.0,0
5670,2024-01-22,email,0,0,0.0,0
5671,2024-01-22,email,0,0,0.0,1
5672,2024-01-22,email,0,0,0.0,1
5673,2024-01-22,email,0,0,0.0,0
5674,2024-01-22,email,1,0,0.0,0
5675,2024-01-22,email,1,0,0.0,0
5676,2024-01-22,email,0,0,0.0,1
5677,2024-01-22,email,1,0,0.0,0
5678,2024-01-22,email,0,0,0.0,1
5679,2024-01-22,email,0,0,0.0,1
5680,2024-01-22,email,0,0,0.0,1
5681,2024-01-22,email,0,0,0.0,1
5682,2024-01-22,email,1,0,0.0,0
5683,2024-01-22,email,1,0,0.0,0
5684,2024-01-22,email,0,0,0.0,0
5685,2024-01-22,email,0,0,0.0,1
5686,2024-01-22,email,0,0,0.0,0
5687,2024-01-22,email,0,0,0.0,1
5688,2024-01-22,email,1,0,0.0,0
5689,2024-01-22,email,1,0,0.0,0
5690,2024-01-22,email,1,0,0.0,0
5691,2024-01-22,email,1,0,0.0,0
5692,2024-01-22,email,0,1,90.42,1
5693,2024-01-22,email,0,0,0.0,1
5694,2024-01-22,email,0,0,0.0,1
5695,2024-01-22,email,1,0,0.0,0
5696,2024-01-22,email,0,0,0.0,1
5697,2024-01-22,email,1,0,0.0,0
5698,2024-01-22,email,0,0,0.0,1
5699,2024-01-22,email,0,0,0.0,1
5700,2024-01-22,email,1,0,0.0,0
5701,2024-01-22,email,1,1,22.8,0
5702,2024-01-22,email,1,0,0.0,0
5703,2024-01-22,email,1,0,0.0,0
5704,2024-01-22,email,1,0,0.0,0
5705,2024-01-22,email,0,0,0.0,1
5706,2024-01-22,email,1,0,0.0,0
5707,2024-01-22,email,1,0,0.0,0
5708,2024-01-22,email,1,0,0.0,0
5709,2024-01-22,email,1,1,117.53,0
5710,2024-01-22,email,1,0,0.0,1
5711,2024-01-22,email,1,0,0.0,0
5712,2024-01-22,email,1,0,0.0,0
5713,2024-01-22,email,0,0,0.0,0
5714,2024-01-22,email,0,0,0.0,0
5715,2024-01-22,email,0,0,0.0,0
5716,2024-01-22,email,0,0,0.0,1
5717,2024-01-22,email,1,0,0.0,0
5718,2024-01-22,email,1,0,0.0,0
5719,2024-01-22,email,1,0,0.0,0
5720,2024-01-22,email,1,1,52.56,0
5721,2024-01-22,email,0,0,0.0,1
5722,2024-01-22,email,0,0,0.0,1
5723,2024-01-22,email,0,0,0.0,1
5724,2024-01-22,email,1,0,0.0,0
5725,2024-01-22,email,1,1,44.85,0
5726,2024-01-22,email,1,0,0.0,0
5727,2024-01-22,email,1,0,0.0,0
5728,2024-01-22,email,0,0,0.0,1
5729,2024-01-22,email,1,0,0.0,0
5730,2024-01-22,email,0,0,0.0,1
5731,2024-01-22,email,0,0,0.0,0
5732,2024-01-22,email,0,0,0.0,0
5733,2024-01-22,email,1,0,0.0,0
5734,2024-01-22,email,0,0,0.0,0
5735,2024-01-22,email,1,0,0.0,0
5736,2024-01-22,email,0,0,0.0,1
5737,2024-01-22,email,1,0,0.0,0
5738,2024-01-22,email,1,0,0.0,0
5739,2024-01-22,email,0,0,0.0,0
5740,2024-01-22,email,0,0,0.0,1
5741,2024-01-22,email,0,0,0.0,1
5742,2024-01-22,email,0,0,0.0,1
5743,2024-01-22,email,0,0,0.0,1
5744,2024-01-22,email,1,0,0.0,0
5745,2024-01-22,email,0,0,0.0,1
5746,2024-01-22,email,0,0,0.0,0
5747,2024-01-22,email,0,0,0.0,1
5748,2024-01-22,email,0,0,0.0,1
5749,2024-01-22,email,0,0,0.0,1
5750,2024-01-22,email,0,0,0.0,0
5751,2024-01-22,email,0,0,0.0,1
5752,2024-01-22,email,1,0,0.0,0
5753,2024-01-22,email,0,0,0.0,1
5754,2024-01-22,email,1,0,0.0,0
5755,2024-01-22,email,1,0,0.0,0
5756,2024-01-22,email,0,0,0.0,1
5757,2024-01-22,email,0,0,0.0,1
5758,2024-01-22,email,1,0,0.0,0
5759,2024-01-22,email,1,0,0.0,1
5760,2024-01-22,email,1,0,0.0,0
5761,2024-01-22,email,1,0,0.0,0
5762,2024-01-22,email,0,0,0.0,1
5763,2024-01-22,email,0,0,0.0,1
5764,2024-01-22,email,0,0,0.0,1
5765,2024-01-22,email,0,0,0.0,0
5766,2024-01-22,email,0,0,0.0,1
5767,2024-01-22,email,1,0,0.0,0
5768,2024-01-22,email,0,0,0.0,1
5769,2024-01-22,email,0,0,0.0,1
5770,2024-01-22,email,1,0,0.0,0
5771,2024-01-22,email,0,0,0.0,1
5772,2024-01-22,email,0,0,0.0,1
5773,2024-01-22,email,0,0,0.0,1
5774,2024-01-22,email,0,0,0.0,1
5775,2024-01-22,email,1,0,0.0,0
5776,2024-01-22,email,1,1,63.87,0
5777,2024-01-22,email,1,0,0.0,1
5778,2024-01-22,email,1,0,0.0,1
5779,2024-01-22,email,0,0,0.0,0
5780,2024-01-22,email,0,0,0.0,0
5781,2024-01-22,email,1,0,0.0,0
5782,2024-01-22,email,1,0,0.0,0
5783,2024-01-22,email,1,0,0.0,0
5784,2024-01-22,email,1,1,39.52,0
5785,2024-01-22,email,1,0,0.0,1
5786,2024-01-22,email,0,0,0.0,1
5787,2024-01-22,email,0,0,0.0,1
5788,2024-01-22,email,1,0,0.0,0
5789,2024-01-22,email,0,0,0.0,1
5790,2024-01-22,email,0,0,0.0,1
5791,2024-01-22,email,0,0,0.0,0
5792,2024-01-22,email,0,0,0.0,1
5793,2024-01-22,email,1,0,0.0,0
5794,2024-01-22,email,0,0,0.0,0
5795,2024-01-22,email,0,0,0.0,1
5796,2024-01-22,email,1,0,0.0,0
5797,2024-01-22,email,1,0,0.0,0
5798,2024-01-22,email,1,0,0.0,0
5799,2024-01-22,email,1,1,86.84,0
5800,2024-01-22,email,1,0,0.0,0
5801,2024-01-22,email,1,0,0.0,0
5802,2024-01-22,email,0,0,0.0,1
5803,2024-01-22,email,1,1,44.27,0
5804,2024-01-22,email,0,0,0.0,0
5805,2024-01-22,email,0,0,0.0,1
5806,2024-01-22,email,1,0,0.0,0
5807,2024-01-22,email,1,0,0.0,0
5808,2024-01-22,email,0,0,0.0,1
5809,2024-01-22,email,1,0,0.0,1
5810,2024-01-22,email,0,0,0.0,1
5811,2024-01-22,email,1,0,0.0,0
5812,2024-01-22,email,1,0,0.0,0
5813,2024-01-22,email,0,0,0.0,0
5814,2024-01-22,email,1,0,0.0,0
5815,2024-01-22,email,1,0,0.0,1
5816,2024-01-22,email,1,0,0.0,0
5817,2024-01-22,email,0,0,0.0,1
5818,2024-01-22,email,0,0,0.0,1
5819,2024-01-22,email,1,0,0.0,0
5820,2024-01-22,email,1,0,0.0,0
5821,2024-01-22,email,0,0,0.0,1
5822,2024-01-22,email,1,1,40.54,0
5823,2024-01-22,email,1,0,0.0,0
5824,2024-01-22,email,1,0,0.0,1
5825,2024-01-22,email,1,0,0.0,0
5826,2024-01-22,email,0,0,0.0,1
5827,2024-01-22,email,0,0,0.0,1
5828,2024-01-22,email,1,0,0.0,0
5829,2024-01-22,email,0,0,0.0,1
5830,2024-01-22,email,0,1,35.08,1
5831,2024-01-22,email,0,0,0.0,1
5832,2024-01-22,email,0,0,0.0,1
5833,2024-01-22,email,1,0,0.0,0
5834,2024-01-22,email,0,0,0.0,1
5835,2024-01-22,email,0,0,0.0,1
5836,2024-01-22,email,0,1,53.49,0
5837,2024-01-22,email,1,0,0.0,0
5838,2024-01-22,email,0,0,0.0,0
5839,2024-01-22,email,0,0,0.0,0
5840,2024-01-22,email,1,0,0.0,0
5841,2024-01-22,email,1,0,0.0,0
5842,2024-01-22,email,1,0,0.0,0
5843,2024-01-22,email,0,0,0.0,1
5844,2024-01-22,email,1,0,0.0,0
5845,2024-01-22,email,0,0,0.0,1
5846,2024-01-22,email,0,0,0.0,1
5847,2024-01-22,email,0,0,0.0,1
5848,2024-01-22,email,1,0,0.0,0
5849,2024-01-22,email,1,0,0.0,0
5850,2024-01-22,email,1,0,0.0,0
5851,2024-01-22,email,1,0,0.0,0
5852,2024-01-22,email,1,0,0.0,0
5853,2024-01-22,email,0,0,0.0,1
5854,2024-01-22,email,0,0,0.0,1
5855,2024-01-22,email,1,0,0.0,0
5856,2024-01-22,email,0,0,0.0,1
5857,2024-01-22,email,1,0,0.0,0
5858,2024-01-22,email,1,0,0.0,1
5859,2024-01-22,email,0,0,0.0,1
5860,2024-01-22,email,0,0,0.0,1
5861,2024-01-22,email,0,0,0.0,1
5862,2024-01-22,email,0,1,61.21,1
5863,2024-01-22,email,1,0,0.0,0
5864,2024-01-22,email,0,0,0.0,1
5865,2024-01-22,email,0,0,0.0,1
5866,2024-01-22,email,0,0,0.0,0
5867,2024-01-22,email,0,0,0.0,1
5868,2024-01-22,email,1,0,0.0,0
5869,2024-01-22,email,1,0,0.0,0
5870,2024-01-22,email,0,0,0.0,1
5871,2024-01-22,email,0,0,0.0,0
5872,2024-01-22,email,0,0,0.0,1
5873,2024-01-22,email,1,0,0.0,0
5874,2024-01-22,email,1,0,0.0,1
5875,2024-01-22,email,1,0,0.0,0
5876,2024-01-22,email,0,0,0.0,1
5877,2024-01-22,email,0,0,0.0,0
5878,2024-01-22,email,0,0,0.0,1
5879,2024-01-22,email,1,0,0.0,0
5880,2024-01-22,email,1,1,27.37,0
5881,2024-01-22,email,0,0,0.0,1
5882,2024-01-22,email,1,0,0.0,0
5883,2024-01-22,email,1,0,0.0,0
5884,2024-01-22,email,1,1,43.11,0
5885,2024-01-22,email,0,0,0.0,0
5886,2024-01-22,email,0,0,0.0,1
5887,2024-01-22,email,1,0,0.0,0
5888,2024-01-22,email,0,0,0.0,0
5889,2024-01-22,email,1,0,0.0,0
5890,2024-01-22,email,1,1,73.77,0
5891,2024-01-22,email,1,0,0.0,0
5892,2024-01-22,email,0,0,0.0,1
5893,2024-01-22,email,1,0,0.0,0
5894,2024-01-22,email,1,0,0.0,0
5895,2024-01-22,email,0,0,0.0,0
5896,2024-01-22,email,0,0,0.0,1
5897,2024-01-22,email,1,0,0.0,0
5898,2024-01-22,email,0,0,0.0,1
5899,2024-01-22,email,0,0,0.0,0
5900,2024-01-22,email,0,0,0.0,1
5901,2024-01-22,email,0,0,0.0,1
5902,2024-01-22,email,0,0,0.0,1
5903,2024-01-22,email,0,0,0.0,1
5904,2024-01-22,email,1,0,0.0,1
5905,2024-01-22,email,1,0,0.0,0
5906,2024-01-22,email,1,0,0.0,0
5907,2024-01-22,email,0,0,0.0,1
5908,2024-01-22,email,1,0,0.0,0
5909,2024-01-22,email,1,0,0.0,0
5910,2024-01-22,email,0,1,48.16,1
5911,2024-01-22,email,0,0,0.0,1
5912,2024-01-22,email,1,0,0.0,0
5913,2024-01-22,email,1,0,0.0,1
5914,2024-01-22,email,1,0,0.0,1
5915,2024-01-22,email,1,0,0.0,0
5916,2024-01-22,email,0,0,0.0,0
5917,2024-01-22,email,0,0,0.0,0
5918,2024-01-22,email,1,0,0.0,0
5919,2024-01-22,email,0,0,0.0,1
5920,2024-01-22,email,1,0,0.0,1
5921,2024-01-22,email,1,0,0.0,0
5922,2024-01-22,email,0,0,0.0,1
5923,2024-01-22,email,1,0,0.0,0
5924,2024-01-22,email,0,0,0.0,0
5925,2024-01-22,email,1,0,0.0,0
5926,2024-01-22,email,1,0,0.0,0
5927,2024-01-22,email,0,0,0.0,0
5928,2024-01-22,email,1,0,0.0,1
5929,2024-01-22,email,1,0,0.0,0
5930,2024-01-22,email,1,0,0.0,1
5931,2024-01-22,email,1,0,0.0,1
5932,2024-01-22,email,1,0,0.0,0
5933,2024-01-22,email,0,0,0.0,1
5934,2024-01-22,email,1,0,0.0,1
5935,2024-01-22,email,0,0,0.0,0
5936,2024-01-22,email,1,0,0.0,0
5937,2024-01-22,email,1,0,0.0,0
5938,2024-01-22,email,1,0,0.0,0
5939,2024-01-22,email,1,0,0.0,0
5940,2024-01-22,email,0,0,0.0,0
5941,2024-01-22,email,1,0,0.0,0
5942,2024-01-22,email,1,0,0.0,0
5943,2024-01-22,email,1,0,0.0,0
5944,2024-01-22,email,1,0,0.0,0
5945,2024-01-22,email,1,1,86.18,0
5946,2024-01-22,email,0,0,0.0,1
5947,2024-01-22,email,0,0,0.0,1
5948,2024-01-22,email,0,0,0.0,0
5949,2024-01-22,email,1,0,0.0,0
5950,2024-01-22,email,0,1,43.99,1
5951,2024-01-22,email,0,0,0.0,1
5952,2024-01-22,email,1,0,0.0,0
5953,2024-01-22,email,1,0,0.0,0
5954,2024-01-22,email,0,0,0.0,1
5955,2024-01-22,email,0,0,0.0,1
5956,2024-01-22,email,1,0,0.0,0
5957,2024-01-22,email,0,1,68.64,0
5958,2024-01-22,email,0,0,0.0,1
5959,2024-01-22,email,1,0,0.0,0
5960,2024-01-22,email,1,0,0.0,0
5961,2024-01-22,email,0,0,0.0,1
5962,2024-01-22,email,1,0,0.0,0
5963,2024-01-22,email,0,0,0.0,1
5964,2024-01-22,email,0,0,0.0,0
5965,2024-01-22,email,0,0,0.0,1
5966,2024-01-22,email,0,0,0.0,1
5967,2024-01-22,email,0,0,0.0,1
5968,2024-01-22,email,0,0,0.0,1
5969,2024-01-22,email,1,0,0.0,0
5970,2024-01-22,email,0,0,0.0,0
5971,2024-01-22,email,1,0,0.0,0
5972,2024-01-22,email,0,0,0.0,1
5973,2024-01-22,email,0,0,0.0,0
5974,2024-01-22,email,1,0,0.0,0
5975,2024-01-22,email,1,0,0.0,0
5976,2024-01-22,email,1,0,0.0,0
5977,2024-01-22,email,1,0,0.0,0
5978,2024-01-22,email,1,0,0.0,0
5979,2024-01-22,email,0,0,0.0,1
5980,2024-01-22,email,1,0,0.0,0
5981,2024-01-22,email,1,0,0.0,0
5982,2024-01-22,email,0,0,0.0,1
5983,2024-01-22,email,1,0,0.0,0
5984,2024-01-22,email,1,0,0.0,0
5985,2024-01-22,email,1,0,0.0,0
5986,2024-01-22,email,1,0,0.0,0
5987,2024-01-22,email,1,0,0.0,0
5988,2024-01-22,email,0,0,0.0,1
5989,2024-01-22,email,1,0,0.0,0
5990,2024-01-22,email,0,0,0.0,0
5991,2024-01-22,email,1,0,0.0,0
5992,2024-01-22,email,0,0,0.0,1
5993,2024-01-22,email,0,0,0.0,1
5994,2024-01-22,email,1,0,0.0,0
5995,2024-01-22,email,1,1,89.54,1
5996,2024-01-22,email,1,0,0.0,0
5997,2024-01-22,email,1,0,0.0,0
5998,2024-01-22,email,1,0,0.0,0
5999,2024-01-22,email,1,0,0.0,0
6000,2024-01-22,email,1,0,0.0,0
6001,2024-01-29,email,1,0,0.0,0
6002,2024-01-29,email,1,0,0.0,0
6003,2024-01-29,email,0,0,0.0,1
6004,2024-01-29,email,1,0,0.0,0
6005,2024-01-29,email,0,0,0.0,1
6006,2024-01-29,email,1,0,0.0,0
6007,2024-01-29,email,0,0,0.0,1
6008,2024-01-29,email,1,0,0.0,0
6009,2024-01-29,email,0,0,0.0,0
6010,2024-01-29,email,1,0,0.0,0
6011,2024-01-29,email,0,0,0.0,1
6012,2024-01-29,email,0,0,0.0,1
6013,2024-01-29,email,1,0,0.0,0
6014,2024-01-29,email,1,0,0.0,0
6015,2024-01-29,email,0,0,0.0,1
6016,2024-01-29,email,0,0,0.0,1
6017,2024-01-29,email,0,0,0.0,1
6018,2024-01-29,email,1,0,0.0,1
6019,2024-01-29,email,1,0,0.0,0
6020,2024-01-29,email,0,0,0.0,1
6021,2024-01-29,email,1,0,0.0,0
6022,2024-01-29,email,0,0,0.0,1
6023,2024-01-29,email,1,0,0.0,0
6024,2024-01-29,email,0,0,0.0,0
6025,2024-01-29,email,0,0,0.0,1
6026,2024-01-29,email,1,0,0.0,0
6027,2024-01-29,email,1,0,0.0,1
6028,2024-01-29,email,1,0,0.0,0
6029,2024-01-29,email,1,0,0.0,0
6030,2024-01-29,email,0,0,0.0,0
6031,2024-01-29,email,0,0,0.0,1
6032,2024-01-29,email,0,1,26.64,0
6033,2024-01-29,email,0,0,0.0,1
6034,2024-01-29,email,0,0,0.0,1
6035,2024-01-29,email,1,0,0.0,0
6036,2024-01-29,email,0,0,0.0,1
6037,2024-01-29,email,0,0,0.0,1
6038,2024-01-29,email,1,0,0.0,0
6039,2024-01-29,email,0,0,0.0,0
6040,2024-01-29,email,0,0,0.0,1
6041,2024-01-29,email,1,0,0.0,0
6042,2024-01-29,email,1,0,0.0,0
6043,2024-01-29,email,0,0,0.0,0
6044,2024-01-29,email,1,0,0.0,0
6045,2024-01-29,email,0,0,0.0,1
6046,2024-01-29,email,0,0,0.0,0
6047,2024-01-29,email,0,0,0.0,1
6048,2024-01-29,email,1,0,0.0,0
6049,2024-01-29,email,0,0,0.0,0
6050,2024-01-29,email,1,0,0.0,0
6051,2024-01-29,email,1,0,0.0,1
6052,2024-01-29,email,1,0,0.0,0
6053,2024-01-29,email,0,0,0.0,1
6054,2024-01-29,email,1,0,0.0,1
6055,2024-01-29,email,1,0,0.0,0
6056,2024-01-29,email,1,0,0.0,0
6057,2024-01-29,email,1,0,0.0,0
6058,2024-01-29,email,1,0,0.0,0
6059,2024-01-29,email,0,0,0.0,1
6060,2024-01-29,email,1,0,0.0,0
6061,2024-01-29,email,1,0,0.0,0
6062,2024-01-29,email,1,0,0.0,0
6063,2024-01-29,email,1,0,0.0,0
6064,2024-01-29,email,0,0,0.0,1
6065,2024-01-29,email,1,0,0.0,1
6066,2024-01-29,email,1,0,0.0,1
6067,2024-01-29,email,0,0,0.0,1
6068,2024-01-29,email,1,0,0.0,1
6069,2024-01-29,email,1,0,0.0,0
6070,2024-01-29,email,1,0,0.0,0
6071,2024-01-29,email,1,0,0.0,0
6072,2024-01-29,email,0,0,0.0,0
6073,2024-01-29,email,0,0,0.0,0
6074,2024-01-29,email,1,0,0.0,0
6075,2024-01-29,email,1,0,0.0,0
6076,2024-01-29,email,0,0,0.0,1
6077,2024-01-29,email,1,0,0.0,0
6078,2024-01-29,email,0,0,0.0,0
6079,2024-01-29,email,1,0,0.0,0
6080,2024-01-29,email,0,0,0.0,1
6081,2024-01-29,email,1,0,0.0,0
6082,2024-01-29,email,0,0,0.0,1
6083,2024-01-29,email,0,0,0.0,1
6084,2024-01-29,email,0,0,0.0,0
6085,2024-01-29,email,1,0,0.0,0
6086,2024-01-29,email,0,0,0.0,0
6087,2024-01-29,email,1,0,0.0,0
6088,2024-01-29,email,0,0,0.0,0
6089,2024-01-29,email,0,0,0.0,0
6090,2024-01-29,email,0,0,0.0,1
6091,2024-01-29,email,0,0,0.0,1
6092,2024-01-29,email,0,0,0.0,1
6093,2024-01-29,email,0,0,0.0,1
6094,2024-01-29,email,1,0,0.0,0
6095,2024-01-29,email,0,0,0.0,0
6096,2024-01-29,email,0,1,79.14,1
6097,2024-01-29,email,1,0,0.0,0
6098,2024-01-29,email,1,0,0.0,0
6099,2024-01-29,email,0,0,0.0,1
6100,2024-01-29,email,1,0,0.0,0
6101,2024-01-29,email,1,0,0.0,0
6102,2024-01-29,email,1,0,0.0,0
6103,2024-01-29,email,1,0,0.0,0
6104,2024-01-29,email,1,0,0.0,0
6105,2024-01-29,email,1,0,0.0,0
6106,2024-01-29,email,0,0,0.0,0
6107,2024-01-29,email,1,0,0.0,0
6108,2024-01-29,email,1,0,0.0,0
6109,2024-01-29,email,0,0,0.0,1
6110,2024-01-29,email,0,0,0.0,1
6111,2024-01-29,email,1,0,0.0,0
6112,2024-01-29,email,1,0,0.0,0
6113,2024-01-29,email,0,0,0.0,0
6114,2024-01-29,email,0,0,0.0,0
6115,2024-01-29,email,1,0,0.0,0
6116,2024-01-29,email,1,0,0.0,0
6117,2024-01-29,email,0,0,0.0,0
6118,2024-01-29,email,1,0,0.0,0
6119,2024-01-29,email,1,0,0.0,0
6120,2024-01-29,email,0,0,0.0,1
6121,2024-01-29,email,1,1,52.26,0
6122,2024-01-29,email,0,0,0.0,1
6123,2024-01-29,email,0,0,0.0,1
6124,2024-01-29,email,0,0,0.0,0
6125,2024-01-29,email,1,0,0.0,0
6126,2024-01-29,email,0,0,0.0,0
6127,2024-01-29,email,0,0,0.0,0
6128,2024-01-29,email,0,0,0.0,1
6129,2024-01-29,email,1,0,0.0,0
6130,2024-01-29,email,1,0,0.0,0
6131,2024-01-29,email,0,0,0.0,1
6132,2024-01-29,email,0,0,0.0,1
6133,2024-01-29,email,1,0,0.0,0
6134,2024-01-29,email,0,0,0.0,1
6135,2024-01-29,email,0,0,0.0,1
6136,2024-01-29,email,0,0,0.0,1
6137,2024-01-29,email,0,0,0.0,0
6138,2024-01-29,email,1,0,0.0,0
6139,2024-01-29,email,1,0,0.0,0
6140,2024-01-29,email,1,0,0.0,0
6141,2024-01-29,email,0,0,0.0,1
6142,2024-01-29,email,1,0,0.0,0
6143,2024-01-29,email,1,0,0.0,0
6144,2024-01-29,email,1,0,0.0,0
6145,2024-01-29,email,0,0,0.0,1
6146,2024-01-29,email,0,0,0.0,1
6147,2024-01-29,email,1,0,0.0,0
6148,2024-01-29,email,1,0,0.0,0
6149,2024-01-29,email,1,0,0.0,0
6150,2024-01-29,email,1,0,0.0,0
6151,2024-01-29,email,0,0,0.0,1
6152,2024-01-29,email,1,0,0.0,0
6153,2024-01-29,email,0,0,0.0,1
6154,2024-01-29,email,1,0,0.0,0
6155,2024-01-29,email,1,0,0.0,0
6156,2024-01-29,email,1,0,0.0,0
6157,2024-01-29,email,1,0,0.0,0
6158,2024-01-29,email,1,0,0.0,0
6159,2024-01-29,email,1,0,0.0,0
6160,2024-01-29,email,1,0,0.0,0
6161,2024-01-29,email,0,0,0.0,0
6162,2024-01-29,email,1,0,0.0,0
6163,2024-01-29,email,0,0,0.0,1
6164,2024-01-29,email,0,0,0.0,1
6165,2024-01-29,email,1,0,0.0,0
6166,2024-01-29,email,1,1,55.46,0
6167,2024-01-29,email,1,0,0.0,1
6168,2024-01-29,email,0,0,0.0,1
6169,2024-01-29,email,0,0,0.0,1
6170,2024-01-29,email,1,0,0.0,1
6171,2024-01-29,email,0,0,0.0,0
6172,2024-01-29,email,1,0,0.0,0
6173,2024-01-29,email,0,0,0.0,1
6174,2024-01-29,email,1,0,0.0,0
6175,2024-01-29,email,1,0,0.0,0
6176,2024-01-29,email,1,0,0.0,0
6177,2024-01-29,email,0,0,0.0,1
6178,2024-01-29,email,0,0,0.0,1
6179,2024-01-29,email,1,0,0.0,0
6180,2024-01-29,email,0,0,0.0,0
6181,2024-01-29,email,1,0,0.0,1
6182,2024-01-29,email,0,0,0.0,0
6183,2024-01-29,email,0,0,0.0,1
6184,2024-01-29,email,0,0,0.0,0
6185,2024-01-29,email,0,0,0.0,1
6186,2024-01-29,email,1,0,0.0,0
6187,2024-01-29,email,0,0,0.0,1
6188,2024-01-29,email,1,0,0.0,0
6189,2024-01-29,email,0,0,0.0,1
6190,2024-01-29,email,0,0,0.0,1
6191,2024-01-29,email,0,0,0.0,0
6192,2024-01-29,email,1,0,0.0,1
6193,2024-01-29,email,1,0,0.0,0
6194,2024-01-29,email,1,0,0.0,0
6195,2024-01-29,email,1,0,0.0,0
6196,2024-01-29,email,1,0,0.0,0
6197,2024-01-29,email,0,0,0.0,0
6198,2024-01-29,email,0,0,0.0,1
6199,2024-01-29,email,0,0,0.0,1
6200,2024-01-29,email,1,0,0.0,0
6201,2024-01-29,email,0,0,0.0,1
6202,2024-01-29,email,1,0,0.0,0
6203,2024-01-29,email,0,0,0.0,0
6204,2024-01-29,email,1,0,0.0,0
6205,2024-01-29,email,1,0,0.0,0
6206,2024-01-29,email,1,0,0.0,0
6207,2024-01-29,email,1,0,0.0,0
6208,2024-01-29,email,1,0,0.0,0
6209,2024-01-29,email,0,0,0.0,1
6210,2024-01-29,email,1,0,0.0,0
6211,2024-01-29,email,1,1,58.47,1
6212,2024-01-29,email,1,0,0.0,0
6213,2024-01-29,email,0,0,0.0,0
6214,2024-01-29,email,0,0,0.0,1
6215,2024-01-29,email,0,0,0.0,1
6216,2024-01-29,email,0,0,0.0,0
6217,2024-01-29,email,0,0,0.0,1
6218,2024-01-29,email,1,0,0.0,0
6219,2024-01-29,email,1,0,0.0,0
6220,2024-01-29,email,0,0,0.0,1
6221,2024-01-29,email,1,0,0.0,0
6222,2024-01-29,email,1,0,0.0,0
6223,2024-01-29,email,0,0,0.0,0
6224,2024-01-29,email,1,0,0.0,0
6225,2024-01-29,email,0,0,0.0,1
6226,2024-01-29,email,0,0,0.0,1
6227,2024-01-29,email,1,0,0.0,0
6228,2024-01-29,email,0,0,0.0,1
6229,2024-01-29,email,1,0,0.0,1
6230,2024-01-29,email,0,0,0.0,1
6231,2024-01-29,email,0,0,0.0,0
6232,2024-01-29,email,1,1,52.14,0
6233,2024-01-29,email,1,0,0.0,0
6234,2024-01-29,email,1,1,59.93,1
6235,2024-01-29,email,1,0,0.0,0
6236,2024-01-29,email,1,0,0.0,0
6237,2024-01-29,email,1,0,0.0,0
6238,2024-01-29,email,0,0,0.0,1
6239,2024-01-29,email,0,0,0.0,1
6240,2024-01-29,email,0,0,0.0,0
6241,2024-01-29,email,1,0,0.0,0
6242,2024-01-29,email,1,0,0.0,0
6243,2024-01-29,email,1,0,0.0,0
6244,2024-01-29,email,1,0,0.0,0
6245,2024-01-29,email,1,0,0.0,0
6246,2024-01-29,email,0,0,0.0,1
6247,2024-01-29,email,1,0,0.0,0
6248,2024-01-29,email,0,0,0.0,1
6249,2024-01-29,email,1,0,0.0,0
6250,2024-01-29,email,1,0,0.0,0
6251,2024-01-29,email,0,0,0.0,0
6252,2024-01-29,email,1,0,0.0,0
6253,2024-01-29,email,1,0,0.0,0
6254,2024-01-29,email,0,0,0.0,1
6255,2024-01-29,email,1,0,0.0,0
6256,2024-01-29,email,1,0,0.0,1
6257,2024-01-29,email,0,0,0.0,0
6258,2024-01-29,email,1,0,0.0,0
6259,2024-01-29,email,0,0,0.0,1
6260,2024-01-29,email,1,0,0.0,0
6261,2024-01-29,email,1,0,0.0,0
6262,2024-01-29,email,0,0,0.0,1
6263,2024-01-29,email,0,0,0.0,1
6264,2024-01-29,email,0,0,0.0,1
6265,2024-01-29,email,0,0,0.0,1
6266,2024-01-29,email,1,0,0.0,0
6267,2024-01-29,email,1,0,0.0,0
6268,2024-01-29,email,1,0,0.0,0
6269,2024-01-29,email,1,0,0.0,0
6270,2024-01-29,email,0,0,0.0,1
6271,2024-01-29,email,0,0,0.0,1
6272,2024-01-29,email,0,0,0.0,1
6273,2024-01-29,email,1,0,0.0,0
6274,2024-01-29,email,1,0,0.0,0
6275,2024-01-29,email,1,0,0.0,0
6276,2024-01-29,email,0,0,0.0,1
6277,2024-01-29,email,0,0,0.0,1
6278,2024-01-29,email,0,0,0.0,1
6279,2024-01-29,email,1,0,0.0,0
6280,2024-01-29,email,1,0,0.0,0
6281,2024-01-29,email,0,0,0.0,1
6282,2024-01-29,email,1,0,0.0,0
6283,2024-01-29,email,0,0,0.0,1
6284,2024-01-29,email,1,0,0.0,0
6285,2024-01-29,email,1,0,0.0,1
6286,2024-01-29,email,1,0,0.0,0
6287,2024-01-29,email,0,0,0.0,1
6288,2024-01-29,email,1,0,0.0,0
6289,2024-01-29,email,0,0,0.0,1
6290,2024-01-29,email,0,0,0.0,1
6291,2024-01-29,email,0,0,0.0,0
6292,2024-01-29,email,1,0,0.0,0
6293,2024-01-29,email,0,0,0.0,1
6294,2024-01-29,email,1,0,0.0,1
6295,2024-01-29,email,0,0,0.0,1
6296,2024-01-29,email,1,0,0.0,0
6297,2024-01-29,email,0,0,0.0,1
6298,2024-01-29,email,1,0,0.0,1
6299,2024-01-29,email,0,0,0.0,0
6300,2024-01-29,email,1,0,0.0,0
6301,2024-01-29,email,0,0,0.0,1
6302,2024-01-29,email,0,0,0.0,1
6303,2024-01-29,email,1,0,0.0,0
6304,2024-01-29,email,0,0,0.0,1
6305,2024-01-29,email,0,0,0.0,0
6306,2024-01-29,email,1,0,0.0,0
6307,2024-01-29,email,0,0,0.0,0
6308,2024-01-29,email,1,0,0.0,0
6309,2024-01-29,email,1,0,0.0,0
6310,2024-01-29,email,1,0,0.0,0
6311,2024-01-29,email,0,0,0.0,0
6312,2024-01-29,email,0,0,0.0,1
6313,2024-01-29,email,0,0,0.0,0
6314,2024-01-29,email,0,0,0.0,1
6315,2024-01-29,email,1,0,0.0,0
6316,2024-01-29,email,1,0,0.0,0
6317,2024-01-29,email,1,0,0.0,0
6318,2024-01-29,email,1,0,0.0,0
6319,2024-01-29,email,0,0,0.0,0
6320,2024-01-29,email,1,0,0.0,0
6321,2024-01-29,email,0,0,0.0,1
6322,2024-01-29,email,1,0,0.0,0
6323,2024-01-29,email,1,0,0.0,0
6324,2024-01-29,email,0,0,0.0,0
6325,2024-01-29,email,0,0,0.0,1
6326,2024-01-29,email,1,0,0.0,0
6327,2024-01-29,email,1,0,0.0,0
6328,2024-01-29,email,1,0,0.0,0
6329,2024-01-29,email,1,0,0.0,0
6330,2024-01-29,email,1,0,0.0,0
6331,2024-01-29,email,1,0,0.0,0
6332,2024-01-29,email,1,0,0.0,0
6333,2024-01-29,email,0,0,0.0,0
6334,2024-01-29,email,1,0,0.0,0
6335,2024-01-29,email,0,0,0.0,0
6336,2024-01-29,email,0,0,0.0,1
6337,2024-01-29,email,0,0,0.0,1
6338,2024-01-29,email,1,0,0.0,0
6339,2024-01-29,email,1,0,0.0,0
6340,2024-01-29,email,1,0,0.0,0
6341,2024-01-29,email,0,1,53.23,0
6342,2024-01-29,email,0,0,0.0,1
6343,2024-01-29,email,1,0,0.0,0
6344,2024-01-29,email,1,0,0.0,1
6345,2024-01-29,email,0,0,0.0,0
6346,2024-01-29,email,0,0,0.0,1
6347,2024-01-29,email,0,0,0.0,1
6348,2024-01-29,email,0,0,0.0,0
6349,2024-01-29,email,1,0,0.0,0
6350,2024-01-29,email,0,0,0.0,1
6351,2024-01-29,email,1,0,0.0,1
6352,2024-01-29,email,0,0,0.0,1
6353,2024-01-29,email,0,0,0.0,0
6354,2024-01-29,email,0,0,0.0,1
6355,2024-01-29,email,0,0,0.0,1
6356,2024-01-29,email,1,0,0.0,0
6357,2024-01-29,email,1,0,0.0,0
6358,2024-01-29,email,1,0,0.0,0
6359,2024-01-29,email,1,0,0.0,0
6360,2024-01-29,email,1,0,0.0,0
6361,2024-01-29,email,0,0,0.0,1
6362,2024-01-29,email,0,0,0.0,1
6363,2024-01-29,email,1,0,0.0,0
6364,2024-01-29,email,0,0,0.0,1
6365,2024-01-29,email,0,0,0.0,1
6366,2024-01-29,email,1,0,0.0,0
6367,2024-01-29,email,1,0,0.0,0
6368,2024-01-29,email,1,0,0.0,0
6369,2024-01-29,email,1,0,0.0,1
6370,2024-01-29,email,0,1,47.4,1
6371,2024-01-29,email,1,0,0.0,0
6372,2024-01-29,email,0,1,67.0,1
6373,2024-01-29,email,1,0,0.0,0
6374,2024-01-29,email,1,0,0.0,0
6375,2024-01-29,email,1,0,0.0,0
6376,2024-01-29,email,0,0,0.0,1
6377,2024-01-29,email,1,0,0.0,0
6378,2024-01-29,email,0,0,0.0,1
6379,2024-01-29,email,0,0,0.0,1
6380,2024-01-29,email,0,0,0.0,0
6381,2024-01-29,email,1,0,0.0,0
6382,2024-01-29,email,0,0,0.0,1
6383,2024-01-29,email,1,0,0.0,0
6384,2024-01-29,email,0,0,0.0,1
6385,2024-01-29,email,0,0,0.0,1
6386,2024-01-29,email,0,0,0.0,1
6387,2024-01-29,email,1,0,0.0,0
6388,2024-01-29,email,1,0,0.0,0
6389,2024-01-29,email,0,0,0.0,0
6390,2024-01-29,email,0,0,0.0,1
6391,2024-01-29,email,0,0,0.0,1
6392,2024-01-29,email,0,0,0.0,1
6393,2024-01-29,email,0,0,0.0,0
6394,2024-01-29,email,0,0,0.0,1
6395,2024-01-29,email,0,0,0.0,1
6396,2024-01-29,email,1,0,0.0,0
6397,2024-01-29,email,0,0,0.0,1
6398,2024-01-29,email,1,0,0.0,0
6399,2024-01-29,email,0,0,0.0,0
6400,2024-01-29,email,1,0,0.0,1
6401,2024-01-29,email,1,0,0.0,0
6402,2024-01-29,email,1,0,0.0,0
6403,2024-01-29,email,1,0,0.0,0
6404,2024-01-29,email,0,0,0.0,1
6405,2024-01-29,email,1,0,0.0,0
6406,2024-01-29,email,0,0,0.0,1
6407,2024-01-29,email,0,0,0.0,1
6408,2024-01-29,email,1,0,0.0,0
6409,2024-01-29,email,0,0,0.0,0
6410,2024-01-29,email,0,0,0.0,1
6411,2024-01-29,email,0,1,46.98,1
6412,2024-01-29,email,0,0,0.0,1
6413,2024-01-29,email,0,0,0.0,0
6414,2024-01-29,email,0,0,0.0,1
6415,2024-01-29,email,1,0,0.0,0
6416,2024-01-29,email,1,1,60.95,0
6417,2024-01-29,email,1,0,0.0,0
6418,2024-01-29,email,0,0,0.0,1
6419,2024-01-29,email,0,0,0.0,0
6420,2024-01-29,email,0,0,0.0,1
6421,2024-01-29,email,1,0,0.0,1
6422,2024-01-29,email,0,1,92.92,1
6423,2024-01-29,email,1,0,0.0,0
6424,2024-01-29,email,0,0,0.0,0
6425,2024-01-29,email,1,0,0.0,0
6426,2024-01-29,email,0,0,0.0,1
6427,2024-01-29,email,0,0,0.0,1
6428,2024-01-29,email,1,0,0.0,0
6429,2024-01-29,email,0,0,0.0,1
6430,2024-01-29,email,0,0,0.0,1
6431,2024-01-29,email,0,0,0.0,1
6432,2024-01-29,email,0,0,0.0,1
6433,2024-01-29,email,1,0,0.0,0
6434,2024-01-29,email,1,0,0.0,0
6435,2024-01-29,email,1,0,0.0,0
6436,2024-01-29,email,1,0,0.0,0
6437,2024-01-29,email,0,0,0.0,1
6438,2024-01-29,email,0,0,0.0,1
6439,2024-01-29,email,1,0,0.0,0
6440,2024-01-29,email,1,0,0.0,1
6441,2024-01-29,email,0,0,0.0,1
6442,2024-01-29,email,0,0,0.0,1
6443,2024-01-29,email,1,0,0.0,0
6444,2024-01-29,email,1,0,0.0,0
6445,2024-01-29,email,0,0,0.0,1
6446,2024-01-29,email,0,0,0.0,1
6447,2024-01-29,email,0,0,0.0,1
6448,2024-01-29,email,1,0,0.0,0
6449,2024-01-29,email,0,0,0.0,1
6450,2024-01-29,email,0,0,0.0,1
6451,2024-01-29,email,1,0,0.0,0
6452,2024-01-29,email,1,0,0.0,0
6453,2024-01-29,email,1,0,0.0,0
6454,2024-01-29,email,1,0,0.0,0
6455,2024-01-29,email,0,0,0.0,0
6456,2024-01-29,email,0,0,0.0,1
6457,2024-01-29,email,1,0,0.0,0
6458,2024-01-29,email,1,0,0.0,0
6459,2024-01-29,email,1,0,0.0,0
6460,2024-01-29,email,0,0,0.0,0
6461,2024-01-29,email,1,0,0.0,0
6462,2024-01-29,email,0,0,0.0,1
6463,2024-01-29,email,1,0,0.0,0
6464,2024-01-29,email,0,0,0.0,1
6465,2024-01-29,email,1,0,0.0,0
6466,2024-01-29,email,1,0,0.0,0
6467,2024-01-29,email,0,0,0.0,1
6468,2024-01-29,email,0,1,80.12,1
6469,2024-01-29,email,1,0,0.0,0
6470,2024-01-29,email,1,0,0.0,0
6471,2024-01-29,email,0,0,0.0,0
6472,2024-01-29,email,1,0,0.0,0
6473,2024-01-29,email,0,0,0.0,1
6474,2024-01-29,email,1,0,0.0,0
6475,2024-01-29,email,1,0,0.0,0
6476,2024-01-29,email,0,0,0.0,1
6477,2024-01-29,email,0,0,0.0,0
6478,2024-01-29,email,0,0,0.0,0
6479,2024-01-29,email,1,0,0.0,0
6480,2024-01-29,email,1,0,0.0,0
6481,2024-01-29,email,1,0,0.0,0
6482,2024-01-29,email,1,0,0.0,0
6483,2024-01-29,email,0,0,0.0,1
6484,2024-01-29,email,0,0,0.0,1
6485,2024-01-29,email,1,0,0.0,0
6486,2024-01-29,email,0,0,0.0,1
6487,2024-01-29,email,1,0,0.0,0
6488,2024-01-29,email,0,0,0.0,1
6489,2024-01-29,email,1,0,0.0,0
6490,2024-01-29,email,0,0,0.0,0
6491,2024-01-29,email,0,0,0.0,1
6492,2024-01-29,email,0,0,0.0,1
6493,2024-01-29,email,1,0,0.0,0
6494,2024-01-29,email,1,0,0.0,0
6495,2024-01-29,email,0,0,0.0,0
6496,2024-01-29,email,0,0,0.0,1
6497,2024-01-29,email,0,0,0.0,1
6498,2024-01-29,email,0,0,0.0,1
6499,2024-01-29,email,1,0,0.0,0
6500,2024-01-29,email,1,0,0.0,0
6501,2024-01-29,email,1,0,0.0,0
6502,2024-01-29,email,1,0,0.0,0
6503,2024-01-29,email,0,0,0.0,0
6504,2024-01-29,email,0,0,0.0,1
6505,2024-01-29,email,1,0,0.0,0
6506,2024-01-29,email,0,0,0.0,0
6507,2024-01-29,email,0,0,0.0,1
6508,2024-01-29,email,1,0,0.0,0
6509,2024-01-29,email,1,0,0.0,0
6510,2024-01-29,email,1,0,0.0,0
6511,2024-01-29,email,1,0,0.0,0
6512,2024-01-29,email,1,0,0.0,0
6513,2024-01-29,email,0,0,0.0,1
6514,2024-01-29,email,1,0,0.0,1
6515,2024-01-29,email,1,0,0.0,0
6516,2024-01-29,email,0,0,0.0,1
6517,2024-01-29,email,1,0,0.0,1
6518,2024-01-29,email,1,0,0.0,0
6519,2024-01-29,email,1,0,0.0,0
6520,2024-01-29,email,0,0,0.0,1
6521,2024-01-29,email,1,0,0.0,0
6522,2024-01-29,email,1,0,0.0,1
6523,2024-01-29,email,1,0,0.0,0
6524,2024-01-29,email,1,0,0.0,1
6525,2024-01-29,email,0,0,0.0,0
6526,2024-01-29,email,0,0,0.0,1
6527,2024-01-29,email,0,0,0.0,1
6528,2024-01-29,email,1,0,0.0,1
6529,2024-01-29,email,1,0,0.0,1
6530,2024-01-29,email,0,0,0.0,1
6531,2024-01-29,email,1,0,0.0,0
6532,2024-01-29,email,0,0,0.0,1
6533,2024-01-29,email,1,0,0.0,0
6534,2024-01-29,email,0,0,0.0,0
6535,2024-01-29,email,0,0,0.0,1
6536,2024-01-29,email,1,0,0.0,0
6537,2024-01-29,email,1,0,0.0,0
6538,2024-01-29,email,1,0,0.0,0
6539,2024-01-29,email,1,0,0.0,0
6540,2024-01-29,email,0,0,0.0,1
6541,2024-01-29,email,1,0,0.0,0
6542,2024-01-29,email,1,0,0.0,0
6543,2024-01-29,email,0,0,0.0,0
6544,2024-01-29,email,0,0,0.0,1
6545,2024-01-29,email,0,0,0.0,1
6546,2024-01-29,email,0,0,0.0,1
6547,2024-01-29,email,0,0,0.0,1
6548,2024-01-29,email,1,0,0.0,0
6549,2024-01-29,email,0,0,0.0,1
6550,2024-01-29,email,0,0,0.0,1
6551,2024-01-29,email,1,0,0.0,0
6552,2024-01-29,email,1,0,0.0,0
6553,2024-01-29,email,1,0,0.0,0
6554,2024-01-29,email,1,0,0.0,0
6555,2024-01-29,email,1,0,0.0,0
6556,2024-01-29,email,1,0,0.0,0
6557,2024-01-29,email,1,0,0.0,0
6558,2024-01-29,email,1,1,98.95,0
6559,2024-01-29,email,0,0,0.0,1
6560,2024-01-29,email,1,0,0.0,0
6561,2024-01-29,email,1,0,0.0,0
6562,2024-01-29,email,0,0,0.0,1
6563,2024-01-29,email,0,0,0.0,1
6564,2024-01-29,email,0,0,0.0,0
6565,2024-01-29,email,0,0,0.0,1
6566,2024-01-29,email,1,0,0.0,0
6567,2024-01-29,email,0,0,0.0,1
6568,2024-01-29,email,1,1,72.58,0
6569,2024-01-29,email,1,0,0.0,0
6570,2024-01-29,email,1,0,0.0,1
6571,2024-01-29,email,0,0,0.0,1
6572,2024-01-29,email,0,0,0.0,1
6573,2024-01-29,email,1,0,0.0,0
6574,2024-01-29,email,1,0,0.0,0
6575,2024-01-29,email,0,0,0.0,0
6576,2024-01-29,email,1,0,0.0,0
6577,2024-01-29,email,0,0,0.0,1
6578,2024-01-29,email,0,0,0.0,1
6579,2024-01-29,email,0,0,0.0,1
6580,2024-01-29,email,0,0,0.0,1
6581,2024-01-29,email,0,0,0.0,0
6582,2024-01-29,email,0,0,0.0,1
6583,2024-01-29,email,0,1,61.01,1
6584,2024-01-29,email,1,0,0.0,0
6585,2024-01-29,email,0,0,0.0,1
6586,2024-01-29,email,1,0,0.0,0
6587,2024-01-29,email,0,0,0.0,1
6588,2024-01-29,email,0,0,0.0,1
6589,2024-01-29,email,0,0,0.0,0
6590,2024-01-29,email,0,0,0.0,1
6591,2024-01-29,email,1,1,82.62,0
6592,2024-01-29,email,0,0,0.0,0
6593,2024-01-29,email,1,0,0.0,0
6594,2024-01-29,email,1,0,0.0,0
6595,2024-01-29,email,1,0,0.0,0
6596,2024-01-29,email,1,0,0.0,0
6597,2024-01-29,email,0,0,0.0,1
6598,2024-01-29,email,1,0,0.0,0
6599,2024-01-29,email,0,0,0.0,1
6600,2024-01-29,email,0,0,0.0,1
6601,2024-01-29,email,0,0,0.0,1
6602,2024-01-29,email,0,0,0.0,0
6603,2024-01-29,email,1,0,0.0,0
6604,2024-01-29,email,1,0,0.0,0
6605,2024-01-29,email,1,0,0.0,0
6606,2024-01-29,email,1,1,52.47,0
6607,2024-01-29,email,0,0,0.0,1
6608,2024-01-29,email,0,0,0.0,1
6609,2024-01-29,email,0,0,0.0,1
6610,2024-01-29,email,1,0,0.0,0
6611,2024-01-29,email,1,1,72.47,1
6612,2024-01-29,email,1,0,0.0,1
6613,2024-01-29,email,0,0,0.0,0
6614,2024-01-29,email,1,0,0.0,0
6615,2024-01-29,email,1,0,0.0,0
6616,2024-01-29,email,0,0,0.0,0
6617,2024-01-29,email,0,0,0.0,1
6618,2024-01-29,email,0,0,0.0,0
6619,2024-01-29,email,1,0,0.0,0
6620,2024-01-29,email,1,1,35.13,0
6621,2024-01-29,email,0,0,0.0,1
6622,2024-01-29,email,1,0,0.0,0
6623,2024-01-29,email,1,0,0.0,0
6624,2024-01-29,email,1,0,0.0,1
6625,2024-01-29,email,1,0,0.0,0
6626,2024-01-29,email,0,0,0.0,0
6627,2024-01-29,email,0,0,0.0,1
6628,2024-01-29,email,0,0,0.0,1
6629,2024-01-29,email,0,0,0.0,1
6630,2024-01-29,email,1,0,0.0,0
6631,2024-01-29,email,1,0,0.0,0
6632,2024-01-29,email,0,0,0.0,0
6633,2024-01-29,email,0,0,0.0,1
6634,2024-01-29,email,0,0,0.0,1
6635,2024-01-29,email,1,0,0.0,0
6636,2024-01-29,email,0,0,0.0,1
6637,2024-01-29,email,0,0,0.0,1
6638,2024-01-29,email,1,0,0.0,0
6639,2024-01-29,email,1,0,0.0,0
6640,2024-01-29,email,0,0,0.0,1
6641,2024-01-29,email,0,0,0.0,0
6642,2024-01-29,email,1,0,0.0,0
6643,2024-01-29,email,1,0,0.0,0
6644,2024-01-29,email,0,0,0.0,1
6645,2024-01-29,email,1,0,0.0,0
6646,2024-01-29,email,0,0,0.0,1
6647,2024-01-29,email,0,0,0.0,0
6648,2024-01-29,email,1,0,0.0,0
6649,2024-01-29,email,0,0,0.0,1
6650,2024-01-29,email,1,0,0.0,0
6651,2024-01-29,email,0,0,0.0,1
6652,2024-01-29,email,1,0,0.0,0
6653,2024-01-29,email,1,0,0.0,0
6654,2024-01-29,email,0,0,0.0,1
6655,2024-01-29,email,1,0,0.0,1
6656,2024-01-29,email,1,0,0.0,0
6657,2024-01-29,email,1,0,0.0,0
6658,2024-01-29,email,0,0,0.0,1
6659,2024-01-29,email,1,0,0.0,0
6660,2024-01-29,email,0,0,0.0,1
6661,2024-01-29,email,1,0,0.0,0
6662,2024-01-29,email,1,0,0.0,0
6663,2024-01-29,email,1,0,0.0,0
6664,2024-01-29,email,1,0,0.0,0
6665,2024-01-29,email,0,0,0.0,1
6666,2024-01-29,email,0,0,0.0,1
6667,2024-01-29,email,0,0,0.0,1
6668,2024-01-29,email,1,0,0.0,1
6669,2024-01-29,email,1,0,0.0,0
6670,2024-01-29,email,0,0,0.0,0
6671,2024-01-29,email,0,0,0.0,1
6672,2024-01-29,email,0,0,0.0,1
6673,2024-01-29,email,1,0,0.0,0
6674,2024-01-29,email,1,0,0.0,0
6675,2024-01-29,email,1,0,0.0,1
6676,2024-01-29,email,1,0,0.0,0
6677,2024-01-29,email,0,1,33.25,0
6678,2024-01-29,email,0,0,0.0,1
6679,2024-01-29,email,1,0,0.0,0
6680,2024-01-29,email,0,0,0.0,1
6681,2024-01-29,email,0,0,0.0,1
6682,2024-01-29,email,1,0,0.0,1
6683,2024-01-29,email,1,0,0.0,0
6684,2024-01-29,email,1,0,0.0,0
6685,2024-01-29,email,1,0,0.0,0
6686,2024-01-29,email,1,0,0.0,0
6687,2024-01-29,email,1,0,0.0,0
6688,2024-01-29,email,0,0,0.0,1
6689,2024-01-29,email,1,0,0.0,0
6690,2024-01-29,email,0,0,0.0,1
6691,2024-01-29,email,0,0,0.0,0
6692,2024-01-29,email,0,0,0.0,1
6693,2024-01-29,email,1,0,0.0,0
6694,2024-01-29,email,1,0,0.0,0
6695,2024-01-29,email,1,0,0.0,0
6696,2024-01-29,email,1,0,0.0,0
6697,2024-01-29,email,1,0,0.0,0
6698,2024-01-29,email,0,0,0.0,1
6699,2024-01-29,email,0,0,0.0,1
6700,2024-01-29,email,1,0,0.0,0
6701,2024-01-29,email,1,0,0.0,0
6702,2024-01-29,email,1,0,0.0,1
6703,2024-01-29,email,1,0,0.0,0
6704,2024-01-29,email,0,0,0.0,0
6705,2024-01-29,email,0,0,0.0,0
6706,2024-01-29,email,0,0,0.0,1
6707,2024-01-29,email,0,0,0.0,1
6708,2024-01-29,email,1,0,0.0,0
6709,2024-01-29,email,1,0,0.0,0
6710,2024-01-29,email,1,0,0.0,0
6711,2024-01-29,email,1,0,0.0,0
6712,2024-01-29,email,0,0,0.0,0
6713,2024-01-29,email,0,1,50.56,1
6714,2024-01-29,email,0,0,0.0,1
6715,2024-01-29,email,0,0,0.0,1
6716,2024-01-29,email,1,0,0.0,0
6717,2024-01-29,email,1,0,0.0,0
6718,2024-01-29,email,1,0,0.0,0
6719,2024-01-29,email,1,0,0.0,0
6720,2024-01-29,email,1,0,0.0,0
6721,2024-01-29,email,1,0,0.0,0
6722,2024-01-29,email,1,1,38.53,0
6723,2024-01-29,email,0,0,0.0,1
6724,2024-01-29,email,0,0,0.0,0
6725,2024-01-29,email,0,0,0.0,1
6726,2024-01-29,email,1,0,0.0,0
6727,2024-01-29,email,0,0,0.0,1
6728,2024-01-29,email,1,0,0.0,0
6729,2024-01-29,email,1,0,0.0,0
6730,2024-01-29,email,1,0,0.0,0
6731,2024-01-29,email,0,0,0.0,0
6732,2024-01-29,email,0,0,0.0,1
6733,2024-01-29,email,0,0,0.0,1
6734,2024-01-29,email,1,0,0.0,0
6735,2024-01-29,email,1,0,0.0,0
6736,2024-01-29,email,0,0,0.0,0
6737,2024-01-29,email,0,0,0.0,0
6738,2024-01-29,email,0,0,0.0,1
6739,2024-01-29,email,0,0,0.0,0
6740,2024-01-29,email,0,0,0.0,1
6741,2024-01-29,email,0,0,0.0,0
6742,2024-01-29,email,0,0,0.0,1
6743,2024-01-29,email,0,0,0.0,0
6744,2024-01-29,email,0,0,0.0,1
6745,2024-01-29,email,0,0,0.0,1
6746,2024-01-29,email,0,1,61.78,0
6747,2024-01-29,email,0,0,0.0,1
6748,2024-01-29,email,1,0,0.0,0
6749,2024-01-29,email,1,0,0.0,0
6750,2024-01-29,email,0,0,0.0,0
6751,2024-01-29,email,1,0,0.0,1
6752,2024-01-29,email,1,0,0.0,0
6753,2024-01-29,email,0,0,0.0,1
6754,2024-01-29,email,0,0,0.0,1
6755,2024-01-29,email,1,1,49.21,0
6756,2024-01-29,email,0,0,0.0,1
6757,2024-01-29,email,1,0,0.0,0
6758,2024-01-29,email,0,0,0.0,1
6759,2024-01-29,email,1,1,99.42,0
6760,2024-01-29,email,1,0,0.0,0
6761,2024-01-29,email,1,0,0.0,0
6762,2024-01-29,email,1,0,0.0,0
6763,2024-01-29,email,0,0,0.0,1
6764,2024-01-29,email,1,0,0.0,0
6765,2024-01-29,email,1,0,0.0,0
6766,2024-01-29,email,1,0,0.0,0
6767,2024-01-29,email,1,0,0.0,1
6768,2024-01-29,email,1,0,0.0,0
6769,2024-01-29,email,0,0,0.0,1
6770,2024-01-29,email,0,0,0.0,1
6771,2024-01-29,email,1,0,0.0,0
6772,2024-01-29,email,1,0,0.0,0
6773,2024-01-29,email,1,0,0.0,0
6774,2024-01-29,email,1,0,0.0,0
6775,2024-01-29,email,0,0,0.0,1
6776,2024-01-29,email,0,0,0.0,1
6777,2024-01-29,email,0,0,0.0,1
6778,2024-01-29,email,0,0,0.0,1
6779,2024-01-29,email,1,0,0.0,0
6780,2024-01-29,email,1,0,0.0,0
6781,2024-01-29,email,0,1,42.15,0
6782,2024-01-29,email,1,0,0.0,0
6783,2024-01-29,email,1,0,0.0,0
6784,2024-01-29,email,1,0,0.0,0
6785,2024-01-29,email,0,0,0.0,1
6786,2024-01-29,email,1,0,0.0,0
6787,2024-01-29,email,0,0,0.0,0
6788,2024-01-29,email,1,0,0.0,0
6789,2024-01-29,email,0,0,0.0,1
6790,2024-01-29,email,0,0,0.0,0
6791,2024-01-29,email,0,0,0.0,1
6792,2024-01-29,email,1,0,0.0,0
6793,2024-01-29,email,0,0,0.0,0
6794,2024-01-29,email,0,0,0.0,1
6795,2024-01-29,email,1,1,62.79,0
6796,2024-01-29,email,0,0,0.0,1
6797,2024-01-29,email,0,0,0.0,1
6798,2024-01-29,email,0,0,0.0,1
6799,2024-01-29,email,1,0,0.0,0
6800,2024-01-29,email,0,0,0.0,1
6801,2024-01-29,email,0,0,0.0,1
6802,2024-01-29,email,1,0,0.0,0
6803,2024-01-29,email,0,0,0.0,1
6804,2024-01-29,email,0,0,0.0,0
6805,2024-01-29,email,1,0,0.0,0
6806,2024-01-29,email,1,0,0.0,0
6807,2024-01-29,email,0,0,0.0,1
6808,2024-01-29,email,1,0,0.0,0
6809,2024-01-29,email,0,0,0.0,0
6810,2024-01-29,email,0,0,0.0,0
6811,2024-01-29,email,0,0,0.0,0
6812,2024-01-29,email,0,0,0.0,0
6813,2024-01-29,email,1,0,0.0,0
6814,2024-01-29,email,1,0,0.0,0
6815,2024-01-29,email,1,0,0.0,0
6816,2024-01-29,email,1,0,0.0,0
6817,2024-01-29,email,0,0,0.0,1
6818,2024-01-29,email,0,0,0.0,1
6819,2024-01-29,email,1,0,0.0,0
6820,2024-01-29,email,1,0,0.0,0
6821,2024-01-29,email,0,0,0.0,1
6822,2024-01-29,email,1,0,0.0,0
6823,2024-01-29,email,0,0,0.0,1
6824,2024-01-29,email,0,0,0.0,1
6825,2024-01-29,email,0,0,0.0,0
6826,2024-01-29,email,1,0,0.0,0
6827,2024-01-29,email,0,0,0.0,0
6828,2024-01-29,email,0,0,0.0,0
6829,2024-01-29,email,1,0,0.0,0
6830,2024-01-29,email,0,0,0.0,0
6831,2024-01-29,email,0,0,0.0,1
6832,2024-01-29,email,0,0,0.0,1
6833,2024-01-29,email,1,0,0.0,0
6834,2024-01-29,email,0,0,0.0,0
6835,2024-01-29,email,0,0,0.0,1
6836,2024-01-29,email,1,0,0.0,0
6837,2024-01-29,email,0,0,0.0,1
6838,2024-01-29,email,1,0,0.0,0
6839,2024-01-29,email,1,0,0.0,0
6840,2024-01-29,email,1,1,48.46,0
6841,2024-01-29,email,0,0,0.0,1
6842,2024-01-29,email,0,0,0.0,1
6843,2024-01-29,email,0,0,0.0,1
6844,2024-01-29,email,1,0,0.0,0
6845,2024-01-29,email,1,1,33.02,0
6846,2024-01-29,email,1,0,0.0,0
6847,2024-01-29,email,0,0,0.0,1
6848,2024-01-29,email,1,0,0.0,0
6849,2024-01-29,email,1,0,0.0,0
6850,2024-01-29,email,0,0,0.0,0
6851,2024-01-29,email,1,0,0.0,0
6852,2024-01-29,email,1,0,0.0,1
6853,2024-01-29,email,1,0,0.0,0
6854,2024-01-29,email,0,0,0.0,1
6855,2024-01-29,email,1,0,0.0,0
6856,2024-01-29,email,0,0,0.0,1
6857,2024-01-29,email,1,0,0.0,0
6858,2024-01-29,email,0,0,0.0,1
6859,2024-01-29,email,1,0,0.0,0
6860,2024-01-29,email,1,0,0.0,1
6861,2024-01-29,email,1,0,0.0,0
6862,2024-01-29,email,0,0,0.0,0
6863,2024-01-29,email,1,1,41.35,0
6864,2024-01-29,email,0,0,0.0,0
6865,2024-01-29,email,0,0,0.0,0
6866,2024-01-29,email,0,0,0.0,1
6867,2024-01-29,email,1,0,0.0,0
6868,2024-01-29,email,1,0,0.0,0
6869,2024-01-29,email,1,0,0.0,0
6870,2024-01-29,email,1,0,0.0,1
6871,2024-01-29,email,1,0,0.0,0
6872,2024-01-29,email,0,0,0.0,1
6873,2024-01-29,email,1,0,0.0,0
6874,2024-01-29,email,1,0,0.0,0
6875,2024-01-29,email,0,0,0.0,1
6876,2024-01-29,email,0,0,0.0,1
6877,2024-01-29,email,0,0,0.0,0
6878,2024-01-29,email,0,0,0.0,1
6879,2024-01-29,email,0,0,0.0,1
6880,2024-01-29,email,1,0,0.0,0
6881,2024-01-29,email,0,0,0.0,0
6882,2024-01-29,email,0,0,0.0,1
6883,2024-01-29,email,1,0,0.0,0
6884,2024-01-29,email,0,0,0.0,1
6885,2024-01-29,email,1,0,0.0,0
6886,2024-01-29,email,1,0,0.0,0
6887,2024-01-29,email,0,0,0.0,1
6888,2024-01-29,email,0,0,0.0,1
6889,2024-01-29,email,0,0,0.0,0
6890,2024-01-29,email,0,0,0.0,1
6891,2024-01-29,email,1,0,0.0,0
6892,2024-01-29,email,0,0,0.0,0
6893,2024-01-29,email,1,0,0.0,0
6894,2024-01-29,email,0,0,0.0,1
6895,2024-01-29,email,0,0,0.0,1
6896,2024-01-29,email,0,0,0.0,1
6897,2024-01-29,email,0,0,0.0,1
6898,2024-01-29,email,0,0,0.0,1
6899,2024-01-29,email,1,0,0.0,0
6900,2024-01-29,email,1,0,0.0,0
6901,2024-01-29,email,1,0,0.0,0
6902,2024-01-29,email,0,0,0.0,1
6903,2024-01-29,email,0,0,0.0,1
6904,2024-01-29,email,0,0,0.0,1
6905,2024-01-29,email,1,0,0.0,0
6906,2024-01-29,email,1,0,0.0,0
6907,2024-01-29,email,0,0,0.0,0
6908,2024-01-29,email,0,0,0.0,1
6909,2024-01-29,email,0,0,0.0,1
6910,2024-01-29,email,1,0,0.0,0
6911,2024-01-29,email,1,1,22.12,0
6912,2024-01-29,email,1,0,0.0,0
6913,2024-01-29,email,1,0,0.0,0
6914,2024-01-29,email,1,0,0.0,0
6915,2024-01-29,email,0,0,0.0,1
6916,2024-01-29,email,0,0,0.0,1
6917,2024-01-29,email,1,0,0.0,0
6918,2024-01-29,email,1,0,0.0,0
6919,2024-01-29,email,1,0,0.0,0
6920,2024-01-29,email,1,0,0.0,0
6921,2024-01-29,email,0,0,0.0,1
6922,2024-01-29,email,0,0,0.0,1
6923,2024-01-29,email,1,0,0.0,1
6924,2024-01-29,email,1,0,0.0,0
6925,2024-01-29,email,0,0,0.0,1
6926,2024-01-29,email,0,0,0.0,0
6927,2024-01-29,email,0,0,0.0,0
6928,2024-01-29,email,1,0,0.0,0
6929,2024-01-29,email,1,0,0.0,0
6930,2024-01-29,email,0,0,0.0,0
6931,2024-01-29,email,1,0,0.0,0
6932,2024-01-29,email,1,0,0.0,0
6933,2024-01-29,email,1,0,0.0,0
6934,2024-01-29,email,1,0,0.0,0
6935,2024-01-29,email,1,0,0.0,0
6936,2024-01-29,email,1,0,0.0,0
6937,2024-01-29,email,0,0,0.0,1
6938,2024-01-29,email,1,0,0.0,0
6939,2024-01-29,email,0,0,0.0,1
6940,2024-01-29,email,0,0,0.0,1
6941,2024-01-29,email,1,0,0.0,0
6942,2024-01-29,email,1,0,0.0,1
6943,2024-01-29,email,1,0,0.0,0
6944,2024-01-29,email,1,0,0.0,0
6945,2024-01-29,email,1,0,0.0,0
6946,2024-01-29,email,0,0,0.0,1
6947,2024-01-29,email,0,0,0.0,1
6948,2024-01-29,email,0,0,0.0,1
6949,2024-01-29,email,1,0,0.0,0
6950,2024-01-29,email,1,0,0.0,0
6951,2024-01-29,email,0,0,0.0,1
6952,2024-01-29,email,0,0,0.0,1
6953,2024-01-29,email,1,0,0.0,0
6954,2024-01-29,email,1,1,30.57,0
6955,2024-01-29,email,1,0,0.0,0
6956,2024-01-29,email,1,0,0.0,0
6957,2024-01-29,email,1,0,0.0,0
6958,2024-01-29,email,0,0,0.0,1
6959,2024-01-29,email,1,0,0.0,0
6960,2024-01-29,email,1,0,0.0,0
6961,2024-01-29,email,0,0,0.0,1
6962,2024-01-29,email,0,0,0.0,1
6963,2024-01-29,email,1,1,60.52,0
6964,2024-01-29,email,1,0,0.0,0
6965,2024-01-29,email,1,0,0.0,0
6966,2024-01-29,email,0,0,0.0,1
6967,2024-01-29,email,0,0,0.0,0
6968,2024-01-29,email,1,0,0.0,0
6969,2024-01-29,email,0,0,0.0,0
6970,2024-01-29,email,1,0,0.0,0
6971,2024-01-29,email,1,0,0.0,0
6972,2024-01-29,email,1,1,65.42,1
6973,2024-01-29,email,1,0,0.0,0
6974,2024-01-29,email,1,0,0.0,1
6975,2024-01-29,email,0,0,0.0,1
6976,2024-01-29,email,0,0,0.0,1
6977,2024-01-29,email,0,0,0.0,0
6978,2024-01-29,email,1,0,0.0,0
6979,2024-01-29,email,1,1,25.88,1
6980,2024-01-29,email,0,0,0.0,1
6981,2024-01-29,email,1,0,0.0,0
6982,2024-01-29,email,1,0,0.0,0
6983,2024-01-29,email,1,0,0.0,0
6984,2024-01-29,email,0,0,0.0,1
6985,2024-01-29,email,1,1,85.17,0
6986,2024-01-29,email,1,0,0.0,0
6987,2024-01-29,email,1,0,0.0,0
6988,2024-01-29,email,1,0,0.0,0
6989,2024-01-29,email,0,0,0.0,1
6990,2024-01-29,email,1,0,0.0,0
6991,2024-01-29,email,1,0,0.0,0
6992,2024-01-29,email,1,0,0.0,0
6993,2024-01-29,email,0,0,0.0,1
6994,2024-01-29,email,0,0,0.0,1
6995,2024-01-29,email,0,0,0.0,1
6996,2024-01-29,email,0,0,0.0,0
6997,2024-01-29,email,0,0,0.0,0
6998,2024-01-29,email,1,0,0.0,0
6999,2024-01-29,email,0,0,0.0,1
7000,2024-01-29,email,0,0,0.0,1
7001,2024-01-29,email,1,0,0.0,0
7002,2024-01-29,email,0,0,0.0,0
7003,2024-01-29,email,1,0,0.0,0
7004,2024-01-29,email,0,0,0.0,1
7005,2024-01-29,email,1,0,0.0,0
7006,2024-01-29,email,0,0,0.0,1
7007,2024-01-29,email,0,0,0.0,1
7008,2024-01-29,email,1,0,0.0,0
7009,2024-01-29,email,0,0,0.0,1
7010,2024-01-29,email,0,1,25.81,0
7011,2024-01-29,email,0,0,0.0,1
7012,2024-01-29,email,1,0,0.0,0
7013,2024-01-29,email,1,0,0.0,0
7014,2024-01-29,email,1,0,0.0,0
7015,2024-01-29,email,1,0,0.0,0
7016,2024-01-29,email,1,0,0.0,0
7017,2024-01-29,email,1,0,0.0,0
7018,2024-01-29,email,0,0,0.0,1
7019,2024-01-29,email,1,0,0.0,1
7020,2024-01-29,email,0,0,0.0,1
7021,2024-01-29,email,0,0,0.0,0
7022,2024-01-29,email,1,0,0.0,0
7023,2024-01-29,email,0,0,0.0,1
7024,2024-01-29,email,1,0,0.0,1
7025,2024-01-29,email,0,0,0.0,1
7026,2024-01-29,email,1,0,0.0,0
7027,2024-01-29,email,0,0,0.0,0
7028,2024-01-29,email,0,0,0.0,1
7029,2024-01-29,email,1,0,0.0,0
7030,2024-01-29,email,0,0,0.0,1
7031,2024-01-29,email,0,0,0.0,0
7032,2024-01-29,email,1,0,0.0,0
7033,2024-01-29,email,0,0,0.0,1
7034,2024-01-29,email,1,0,0.0,0
7035,2024-01-29,email,1,0,0.0,0
7036,2024-01-29,email,0,0,0.0,1
7037,2024-01-29,email,1,1,56.45,0
7038,2024-01-29,email,1,0,0.0,0
7039,2024-01-29,email,1,0,0.0,0
7040,2024-01-29,email,1,0,0.0,0
7041,2024-01-29,email,1,0,0.0,0
7042,2024-01-29,email,0,0,0.0,0
7043,2024-01-29,email,1,0,0.0,0
7044,2024-01-29,email,1,0,0.0,1
7045,2024-01-29,email,1,0,0.0,0
7046,2024-01-29,email,1,0,0.0,0
7047,2024-01-29,email,1,0,0.0,0
7048,2024-01-29,email,0,0,0.0,0
7049,2024-01-29,email,0,0,0.0,0
7050,2024-01-29,email,1,0,0.0,0
7051,2024-01-29,email,1,0,0.0,0
7052,2024-01-29,email,0,0,0.0,0
7053,2024-01-29,email,0,0,0.0,1
7054,2024-01-29,email,1,0,0.0,0
7055,2024-01-29,email,1,0,0.0,0
7056,2024-01-29,email,0,0,0.0,1
7057,2024-01-29,email,0,0,0.0,1
7058,2024-01-29,email,0,0,0.0,0
7059,2024-01-29,email,1,0,0.0,0
7060,2024-01-29,email,1,0,0.0,0
7061,2024-01-29,email,1,0,0.0,0
7062,2024-01-29,email,0,0,0.0,1
7063,2024-01-29,email,1,0,0.0,0
7064,2024-01-29,email,1,0,0.0,1
7065,2024-01-29,email,0,0,0.0,1
7066,2024-01-29,email,0,0,0.0,0
7067,2024-01-29,email,0,0,0.0,0
7068,2024-01-29,email,0,0,0.0,1
7069,2024-01-29,email,1,1,46.7,1
7070,2024-01-29,email,0,0,0.0,0
7071,2024-01-29,email,0,0,0.0,1
7072,2024-01-29,email,0,0,0.0,1
7073,2024-01-29,email,1,0,0.0,0
7074,2024-01-29,email,0,0,0.0,1
7075,2024-01-29,email,1,0,0.0,1
7076,2024-01-29,email,0,0,0.0,0
7077,2024-01-29,email,0,0,0.0,1
7078,2024-01-29,email,1,0,0.0,0
7079,2024-01-29,email,1,0,0.0,0
7080,2024-01-29,email,1,0,0.0,0
7081,2024-01-29,email,1,0,0.0,0
7082,2024-01-29,email,1,0,0.0,0
7083,2024-01-29,email,1,0,0.0,0
7084,2024-01-29,email,0,0,0.0,1
7085,2024-01-29,email,1,0,0.0,0
7086,2024-01-29,email,1,1,40.61,0
7087,2024-01-29,email,1,0,0.0,0
7088,2024-01-29,email,1,0,0.0,0
7089,2024-01-29,email,0,0,0.0,0
7090,2024-01-29,email,1,0,0.0,0
7091,2024-01-29,email,1,0,0.0,1
7092,2024-01-29,email,1,0,0.0,0
7093,2024-01-29,email,0,0,0.0,0
7094,2024-01-29,email,0,0,0.0,1
7095,2024-01-29,email,1,0,0.0,0
7096,2024-01-29,email,1,0,0.0,1
7097,2024-01-29,email,1,0,0.0,0
7098,2024-01-29,email,1,0,0.0,0
7099,2024-01-29,email,1,0,0.0,0
7100,2024-01-29,email,1,0,0.0,0
7101,2024-01-29,email,1,1,59.82,0
7102,2024-01-29,email,0,0,0.0,0
7103,2024-01-29,email,1,0,0.0,0
7104,2024-01-29,email,0,0,0.0,1
7105,2024-01-29,email,1,0,0.0,0
7106,2024-01-29,email,0,0,0.0,0
7107,2024-01-29,email,0,0,0.0,1
7108,2024-01-29,email,0,0,0.0,1
7109,2024-01-29,email,0,0,0.0,0
7110,2024-01-29,email,1,0,0.0,0
7111,2024-01-29,email,1,0,0.0,0
7112,2024-01-29,email,0,0,0.0,1
7113,2024-01-29,email,1,0,0.0,0
7114,2024-01-29,email,1,0,0.0,0
7115,2024-01-29,email,0,0,0.0,1
7116,2024-01-29,email,1,0,0.0,0
7117,2024-01-29,email,1,0,0.0,0
7118,2024-01-29,email,1,0,0.0,0
7119,2024-01-29,email,0,0,0.0,1
7120,2024-01-29,email,0,0,0.0,1
7121,2024-01-29,email,0,0,0.0,1
7122,2024-01-29,email,1,0,0.0,0
7123,2024-01-29,email,0,0,0.0,1
7124,2024-01-29,email,0,1,109.3,0
7125,2024-01-29,email,1,0,0.0,0
7126,2024-01-29,email,0,0,0.0,0
7127,2024-01-29,email,1,0,0.0,0
7128,2024-01-29,email,0,0,0.0,1
7129,2024-01-29,email,0,0,0.0,0
7130,2024-01-29,email,1,0,0.0,1
7131,2024-01-29,email,1,0,0.0,0
7132,2024-01-29,email,0,0,0.0,1
7133,2024-01-29,email,1,0,0.0,0
7134,2024-01-29,email,0,0,0.0,1
7135,2024-01-29,email,0,0,0.0,1
7136,2024-01-29,email,0,0,0.0,1
7137,2024-01-29,email,0,0,0.0,1
7138,2024-01-29,email,1,1,32.37,0
7139,2024-01-29,email,1,0,0.0,0
7140,2024-01-29,email,1,0,0.0,0
7141,2024-01-29,email,0,0,0.0,1
7142,2024-01-29,email,0,0,0.0,1
7143,2024-01-29,email,0,0,0.0,1
7144,2024-01-29,email,1,0,0.0,0
7145,2024-01-29,email,1,0,0.0,0
7146,2024-01-29,email,1,0,0.0,0
7147,2024-01-29,email,1,0,0.0,0
7148,2024-01-29,email,1,0,0.0,0
7149,2024-01-29,email,0,0,0.0,1
7150,2024-01-29,email,0,0,0.0,1
7151,2024-01-29,email,1,0,0.0,0
7152,2024-01-29,email,1,0,0.0,0
7153,2024-01-29,email,1,0,0.0,1
7154,2024-01-29,email,1,0,0.0,0
7155,2024-01-29,email,1,0,0.0,0
7156,2024-01-29,email,0,0,0.0,1
7157,2024-01-29,email,0,0,0.0,1
7158,2024-01-29,email,1,1,41.44,1
7159,2024-01-29,email,1,0,0.0,0
7160,2024-01-29,email,0,0,0.0,0
7161,2024-01-29,email,1,0,0.0,0
7162,2024-01-29,email,1,0,0.0,0
7163,2024-01-29,email,0,0,0.0,0
7164,2024-01-29,email,1,0,0.0,0
7165,2024-01-29,email,0,0,0.0,1
7166,2024-01-29,email,0,0,0.0,1
7167,2024-01-29,email,1,0,0.0,0
7168,2024-01-29,email,0,0,0.0,0
7169,2024-01-29,email,1,0,0.0,1
7170,2024-01-29,email,1,0,0.0,0
7171,2024-01-29,email,0,0,0.0,0
7172,2024-01-29,email,0,0,0.0,0
7173,2024-01-29,email,0,0,0.0,0
7174,2024-01-29,email,0,0,0.0,1
7175,2024-01-29,email,0,0,0.0,1
7176,2024-01-29,email,1,0,0.0,0
7177,2024-01-29,email,1,0,0.0,0
7178,2024-01-29,email,0,0,0.0,1
7179,2024-01-29,email,0,0,0.0,1
7180,2024-01-29,email,0,0,0.0,1
7181,2024-01-29,email,1,0,0.0,0
7182,2024-01-29,email,1,0,0.0,0
7183,2024-01-29,email,1,0,0.0,0
7184,2024-01-29,email,0,0,0.0,1
7185,2024-01-29,email,1,0,0.0,0
7186,2024-01-29,email,1,0,0.0,0
7187,2024-01-29,email,0,0,0.0,1
7188,2024-01-29,email,1,0,0.0,0
7189,2024-01-29,email,1,0,0.0,0
7190,2024-01-29,email,0,0,0.0,0
7191,2024-01-29,email,0,0,0.0,0
7192,2024-01-29,email,0,0,0.0,1
7193,2024-01-29,email,0,0,0.0,1
7194,2024-01-29,email,0,0,0.0,1
7195,2024-01-29,email,1,0,0.0,1
7196,2024-01-29,email,1,0,0.0,0
7197,2024-01-29,email,1,0,0.0,0
7198,2024-01-29,email,0,0,0.0,1
7199,2024-01-29,email,1,0,0.0,0
7200,2024-01-29,email,1,0,0.0,0
7201,2024-01-29,email,1,1,36.65,0
7202,2024-01-29,email,0,0,0.0,1
7203,2024-01-29,email,1,0,0.0,0
7204,2024-01-29,email,1,0,0.0,0
7205,2024-01-29,email,0,0,0.0,0
7206,2024-01-29,email,0,0,0.0,1
7207,2024-01-29,email,0,0,0.0,1
7208,2024-01-29,email,0,0,0.0,1
7209,2024-01-29,email,1,0,0.0,0
7210,2024-01-29,email,1,0,0.0,0
7211,2024-01-29,email,1,1,78.77,0
7212,2024-01-29,email,0,0,0.0,0
7213,2024-01-29,email,1,0,0.0,1
7214,2024-01-29,email,1,0,0.0,0
7215,2024-01-29,email,0,0,0.0,1
7216,2024-01-29,email,1,0,0.0,1
7217,2024-01-29,email,0,0,0.0,1
7218,2024-01-29,email,1,0,0.0,0
7219,2024-01-29,email,0,0,0.0,1
7220,2024-01-29,email,1,0,0.0,0
7221,2024-01-29,email,1,0,0.0,0
7222,2024-01-29,email,0,0,0.0,1
7223,2024-01-29,email,0,0,0.0,1
7224,2024-01-29,email,0,0,0.0,1
7225,2024-01-29,email,1,0,0.0,0
7226,2024-01-29,email,1,0,0.0,0
7227,2024-01-29,email,0,0,0.0,1
7228,2024-01-29,email,1,0,0.0,0
7229,2024-01-29,email,0,0,0.0,1
7230,2024-01-29,email,1,0,0.0,1
7231,2024-01-29,email,0,0,0.0,1
7232,2024-01-29,email,0,1,66.71,1
7233,2024-01-29,email,0,0,0.0,0
7234,2024-01-29,email,1,0,0.0,0
7235,2024-01-29,email,1,0,0.0,0
7236,2024-01-29,email,1,0,0.0,0
7237,2024-01-29,email,1,0,0.0,0
7238,2024-01-29,email,0,0,0.0,1
7239,2024-01-29,email,0,0,0.0,0
7240,2024-01-29,email,1,0,0.0,0
7241,2024-01-29,email,1,0,0.0,1
7242,2024-01-29,email,1,0,0.0,1
7243,2024-01-29,email,0,0,0.0,1
7244,2024-01-29,email,0,0,0.0,1
7245,2024-01-29,email,0,0,0.0,1
7246,2024-01-29,email,0,0,0.0,1
7247,2024-01-29,email,1,0,0.0,0
7248,2024-01-29,email,1,0,0.0,0
7249,2024-01-29,email,1,0,0.0,0
7250,2024-01-29,email,0,0,0.0,0
7251,2024-01-29,email,0,0,0.0,1
7252,2024-01-29,email,1,0,0.0,0
7253,2024-01-29,email,0,0,0.0,1
7254,2024-01-29,email,1,0,0.0,0
7255,2024-01-29,email,1,0,0.0,0
7256,2024-01-29,email,0,0,0.0,1
7257,2024-01-29,email,0,0,0.0,1
7258,2024-01-29,email,1,0,0.0,0
7259,2024-01-29,email,1,0,0.0,1
7260,2024-01-29,email,0,0,0.0,1
7261,2024-01-29,email,1,0,0.0,0
7262,2024-01-29,email,1,0,0.0,0
7263,2024-01-29,email,1,0,0.0,0
7264,2024-01-29,email,1,0,0.0,0
7265,2024-01-29,email,0,0,0.0,1
7266,2024-01-29,email,1,0,0.0,0
7267,2024-01-29,email,0,0,0.0,1
7268,2024-01-29,email,0,0,0.0,0
7269,2024-01-29,email,0,0,0.0,1
7270,2024-01-29,email,1,0,0.0,0
7271,2024-01-29,email,1,0,0.0,0
7272,2024-01-29,email,1,1,35.32,1
7273,2024-01-29,email,0,0,0.0,0
7274,2024-01-29,email,0,0,0.0,0
7275,2024-01-29,email,0,0,0.0,0
7276,2024-01-29,email,1,0,0.0,1
7277,2024-01-29,email,0,0,0.0,1
7278,2024-01-29,email,0,0,0.0,0
7279,2024-01-29,email,1,0,0.0,0
7280,2024-01-29,email,1,0,0.0,0
7281,2024-01-29,email,1,0,0.0,0
7282,2024-01-29,email,1,0,0.0,0
7283,2024-01-29,email,1,0,0.0,0
7284,2024-01-29,email,0,0,0.0,1
7285,2024-01-29,email,1,0,0.0,0
7286,2024-01-29,email,1,0,0.0,0
7287,2024-01-29,email,0,0,0.0,1
7288,2024-01-29,email,0,0,0.0,1
7289,2024-01-29,email,1,0,0.0,0
7290,2024-01-29,email,1,0,0.0,0
7291,2024-01-29,email,0,0,0.0,1
7292,2024-01-29,email,1,0,0.0,0
7293,2024-01-29,email,1,0,0.0,0
7294,2024-01-29,email,0,0,0.0,1
7295,2024-01-29,email,1,0,0.0,0
7296,2024-01-29,email,1,0,0.0,0
7297,2024-01-29,email,1,0,0.0,0
7298,2024-01-29,email,0,0,0.0,1
7299,2024-01-29,email,1,0,0.0,0
7300,2024-01-29,email,1,0,0.0,0
7301,2024-01-29,email,1,0,0.0,0
7302,2024-01-29,email,0,0,0.0,1
7303,2024-01-29,email,0,0,0.0,0
7304,2024-01-29,email,0,0,0.0,0
7305,2024-01-29,email,1,0,0.0,0
7306,2024-01-29,email,0,0,0.0,1
7307,2024-01-29,email,0,0,0.0,1
7308,2024-01-29,email,0,0,0.0,0
7309,2024-01-29,email,0,0,0.0,1
7310,2024-01-29,email,1,0,0.0,1
7311,2024-01-29,email,0,1,30.93,1
7312,2024-01-29,email,0,0,0.0,1
7313,2024-01-29,email,0,0,0.0,1
7314,2024-01-29,email,1,0,0.0,0
7315,2024-01-29,email,1,0,0.0,0
7316,2024-01-29,email,0,0,0.0,0
7317,2024-01-29,email,1,0,0.0,0
7318,2024-01-29,email,0,0,0.0,1
7319,2024-01-29,email,1,0,0.0,0
7320,2024-01-29,email,1,0,0.0,0
7321,2024-01-29,email,0,0,0.0,1
7322,2024-01-29,email,0,0,0.0,1
7323,2024-01-29,email,1,0,0.0,0
7324,2024-01-29,email,1,0,0.0,1
7325,2024-01-29,email,0,0,0.0,1
7326,2024-01-29,email,1,0,0.0,0
7327,2024-01-29,email,1,0,0.0,0
7328,2024-01-29,email,0,1,34.3,1
7329,2024-01-29,email,0,0,0.0,0
7330,2024-01-29,email,0,0,0.0,0
7331,2024-01-29,email,0,0,0.0,0
7332,2024-01-29,email,0,0,0.0,1
7333,2024-01-29,email,1,0,0.0,0
7334,2024-01-29,email,1,0,0.0,0
7335,2024-01-29,email,1,0,0.0,0
7336,2024-01-29,email,0,0,0.0,1
7337,2024-01-29,email,1,0,0.0,1
7338,2024-01-29,email,0,0,0.0,1
7339,2024-01-29,email,0,0,0.0,1
7340,2024-01-29,email,0,0,0.0,0
7341,2024-01-29,email,1,0,0.0,0
7342,2024-01-29,email,1,0,0.0,0
7343,2024-01-29,email,0,0,0.0,1
7344,2024-01-29,email,1,0,0.0,0
7345,2024-01-29,email,1,0,0.0,0
7346,2024-01-29,email,0,0,0.0,0
7347,2024-01-29,email,1,0,0.0,0
7348,2024-01-29,email,0,0,0.0,0
7349,2024-01-29,email,0,0,0.0,0
7350,2024-01-29,email,0,1,46.05,1
7351,2024-01-29,email,0,0,0.0,0
7352,2024-01-29,email,0,0,0.0,0
7353,2024-01-29,email,1,0,0.0,0
7354,2024-01-29,email,0,1,58.53,1
7355,2024-01-29,email,1,0,0.0,0
7356,2024-01-29,email,1,0,0.0,0
7357,2024-01-29,email,1,0,0.0,0
7358,2024-01-29,email,1,0,0.0,0
7359,2024-01-29,email,1,0,0.0,0
7360,2024-01-29,email,1,0,0.0,1
7361,2024-01-29,email,0,0,0.0,1
7362,2024-01-29,email,1,0,0.0,0
7363,2024-01-29,email,0,0,0.0,1
7364,2024-01-29,email,1,1,42.83,0
7365,2024-01-29,email,1,0,0.0,0
7366,2024-01-29,email,0,0,0.0,1
7367,2024-01-29,email,1,0,0.0,0
7368,2024-01-29,email,0,0,0.0,1
7369,2024-01-29,email,1,0,0.0,0
7370,2024-01-29,email,1,0,0.0,0
7371,2024-01-29,email,1,0,0.0,0
7372,2024-01-29,email,0,0,0.0,0
7373,2024-01-29,email,0,0,0.0,0
7374,2024-01-29,email,0,0,0.0,1
7375,2024-01-29,email,0,0,0.0,1
7376,2024-01-29,email,1,0,0.0,0
7377,2024-01-29,email,0,0,0.0,1
7378,2024-01-29,email,0,0,0.0,1
7379,2024-01-29,email,0,0,0.0,1
7380,2024-01-29,email,0,0,0.0,1
7381,2024-01-29,email,1,0,0.0,1
7382,2024-01-29,email,1,1,73.13,0
7383,2024-01-29,email,1,0,0.0,0
7384,2024-01-29,email,0,0,0.0,1
7385,2024-01-29,email,0,0,0.0,0
7386,2024-01-29,email,1,0,0.0,0
7387,2024-01-29,email,1,0,0.0,0
7388,2024-01-29,email,1,0,0.0,1
7389,2024-01-29,email,1,0,0.0,0
7390,2024-01-29,email,0,0,0.0,1
7391,2024-01-29,email,1,0,0.0,0
7392,2024-01-29,email,0,0,0.0,1
7393,2024-01-29,email,1,0,0.0,0
7394,2024-01-29,email,1,0,0.0,0
7395,2024-01-29,email,1,0,0.0,0
7396,2024-01-29,email,1,0,0.0,0
7397,2024-01-29,email,1,0,0.0,1
7398,2024-01-29,email,0,0,0.0,1
7399,2024-01-29,email,0,0,0.0,1
7400,2024-01-29,email,1,0,0.0,0
7401,2024-01-29,email,1,0,0.0,0
7402,2024-01-29,email,1,0,0.0,0
7403,2024-01-29,email,1,0,0.0,0
7404,2024-01-29,email,1,0,0.0,0
7405,2024-01-29,email,1,0,0.0,1
7406,2024-01-29,email,0,0,0.0,0
7407,2024-01-29,email,1,0,0.0,1
7408,2024-01-29,email,0,0,0.0,1
7409,2024-01-29,email,0,0,0.0,1
7410,2024-01-29,email,1,0,0.0,0
7411,2024-01-29,email,0,0,0.0,1
7412,2024-01-29,email,0,0,0.0,1
7413,2024-01-29,email,1,0,0.0,0
7414,2024-01-29,email,0,0,0.0,1
7415,2024-01-29,email,1,0,0.0,0
7416,2024-01-29,email,0,0,0.0,0
7417,2024-01-29,email,1,1,44.03,0
7418,2024-01-29,email,0,0,0.0,1
7419,2024-01-29,email,1,0,0.0,0
7420,2024-01-29,email,1,0,0.0,0
7421,2024-01-29,email,0,0,0.0,1
7422,2024-01-29,email,0,0,0.0,1
7423,2024-01-29,email,1,1,41.42,0
7424,2024-01-29,email,0,0,0.0,0
7425,2024-01-29,email,0,1,35.34,1
7426,2024-01-29,email,1,0,0.0,0
7427,2024-01-29,email,1,0,0.0,1
7428,2024-01-29,email,1,0,0.0,0
7429,2024-01-29,email,1,0,0.0,0
7430,2024-01-29,email,0,0,0.0,1
7431,2024-01-29,email,0,0,0.0,1
7432,2024-01-29,email,0,0,0.0,1
7433,2024-01-29,email,1,0,0.0,0
7434,2024-01-29,email,0,0,0.0,1
7435,2024-01-29,email,1,0,0.0,0
7436,2024-01-29,email,1,0,0.0,0
7437,2024-01-29,email,0,0,0.0,1
7438,2024-01-29,email,0,0,0.0,1
7439,2024-01-29,email,0,1,68.96,1
7440,2024-01-29,email,1,0,0.0,1
7441,2024-01-29,email,1,0,0.0,0
7442,2024-01-29,email,0,0,0.0,1
7443,2024-01-29,email,1,0,0.0,0
7444,2024-01-29,email,1,0,0.0,0
7445,2024-01-29,email,0,0,0.0,0
7446,2024-01-29,email,0,0,0.0,1
7447,2024-01-29,email,1,0,0.0,0
7448,2024-01-29,email,0,0,0.0,0
7449,2024-01-29,email,0,0,0.0,1
7450,2024-01-29,email,0,0,0.0,0
7451,2024-01-29,email,1,0,0.0,0
7452,2024-01-29,email,0,0,0.0,0
7453,2024-01-29,email,1,0,0.0,1
7454,2024-01-29,email,1,0,0.0,0
7455,2024-01-29,email,0,0,0.0,0
7456,2024-01-29,email,1,0,0.0,0
7457,2024-01-29,email,0,1,74.44,1
7458,2024-01-29,email,1,0,0.0,0
7459,2024-01-29,email,0,0,0.0,0
7460,2024-01-29,email,1,0,0.0,1
7461,2024-01-29,email,1,0,0.0,1
7462,2024-01-29,email,1,0,0.0,1
7463,2024-01-29,email,0,0,0.0,0
7464,2024-01-29,email,0,0,0.0,1
7465,2024-01-29,email,0,0,0.0,1
7466,2024-01-29,email,0,0,0.0,0
7467,2024-01-29,email,1,0,0.0,0
7468,2024-01-29,email,1,0,0.0,0
7469,2024-01-29,email,1,1,46.57,0
7470,2024-01-29,email,0,0,0.0,1
7471,2024-01-29,email,1,0,0.0,0
7472,2024-01-29,email,1,0,0.0,0
7473,2024-01-29,email,0,0,0.0,1
7474,2024-01-29,email,0,0,0.0,1
7475,2024-01-29,email,0,0,0.0,1
7476,2024-01-29,email,0,0,0.0,1
7477,2024-01-29,email,1,0,0.0,0
7478,2024-01-29,email,0,0,0.0,1
7479,2024-01-29,email,0,0,0.0,1
7480,2024-01-29,email,0,0,0.0,1
7481,2024-01-29,email,1,0,0.0,0
7482,2024-01-29,email,1,0,0.0,0
7483,2024-01-29,email,1,0,0.0,0
7484,2024-01-29,email,1,0,0.0,0
7485,2024-01-29,email,0,0,0.0,1
7486,2024-01-29,email,1,0,0.0,0
7487,2024-01-29,email,0,0,0.0,1
7488,2024-01-29,email,0,0,0.0,1
7489,2024-01-29,email,1,0,0.0,0
7490,2024-01-29,email,0,0,0.0,0
7491,2024-01-29,email,1,0,0.0,0
7492,2024-01-29,email,0,0,0.0,1
7493,2024-01-29,email,0,0,0.0,1
7494,2024-01-29,email,0,0,0.0,1
7495,2024-01-29,email,0,0,0.0,1
7496,2024-01-29,email,0,0,0.0,1
7497,2024-01-29,email,0,0,0.0,0
7498,2024-01-29,email,1,0,0.0,0
7499,2024-01-29,email,0,0,0.0,1
7500,2024-01-29,email,0,0,0.0,1
7501,2024-02-05,email,0,0,0.0,0
7502,2024-02-05,email,1,0,0.0,0
7503,2024-02-05,email,1,1,48.67,0
7504,2024-02-05,email,1,0,0.0,0
7505,2024-02-05,email,1,0,0.0,1
7506,2024-02-05,email,0,0,0.0,0
7507,2024-02-05,email,1,0,0.0,0
7508,2024-02-05,email,1,0,0.0,0
7509,2024-02-05,email,1,0,0.0,0
7510,2024-02-05,email,0,0,0.0,1
7511,2024-02-05,email,1,0,0.0,0
7512,2024-02-05,email,0,1,46.24,1
7513,2024-02-05,email,1,0,0.0,1
7514,2024-02-05,email,1,0,0.0,0
7515,2024-02-05,email,0,0,0.0,1
7516,2024-02-05,email,0,0,0.0,1
7517,2024-02-05,email,0,0,0.0,0
7518,2024-02-05,email,0,0,0.0,1
7519,2024-02-05,email,1,0,0.0,0
7520,2024-02-05,email,1,1,40.47,0
7521,2024-02-05,email,0,0,0.0,1
7522,2024-02-05,email,0,0,0.0,0
7523,2024-02-05,email,1,0,0.0,0
7524,2024-02-05,email,1,0,0.0,0
7525,2024-02-05,email,1,0,0.0,0
7526,2024-02-05,email,0,0,0.0,0
7527,2024-02-05,email,1,0,0.0,0
7528,2024-02-05,email,1,0,0.0,0
7529,2024-02-05,email,0,0,0.0,0
7530,2024-02-05,email,0,0,0.0,1
7531,2024-02-05,email,1,0,0.0,0
7532,2024-02-05,email,0,0,0.0,1
7533,2024-02-05,email,1,0,0.0,0
7534,2024-02-05,email,0,0,0.0,1
7535,2024-02-05,email,0,0,0.0,1
7536,2024-02-05,email,1,0,0.0,0
7537,2024-02-05,email,1,0,0.0,0
7538,2024-02-05,email,1,0,0.0,0
7539,2024-02-05,email,0,0,0.0,0
7540,2024-02-05,email,0,0,0.0,1
7541,2024-02-05,email,1,0,0.0,0
7542,2024-02-05,email,1,0,0.0,0
7543,2024-02-05,email,0,1,50.36,1
7544,2024-02-05,email,1,0,0.0,0
7545,2024-02-05,email,0,0,0.0,1
7546,2024-02-05,email,1,0,0.0,1
7547,2024-02-05,email,1,0,0.0,0
7548,2024-02-05,email,0,0,0.0,1
7549,2024-02-05,email,0,0,0.0,1
7550,2024-02-05,email,0,0,0.0,1
7551,2024-02-05,email,0,0,0.0,1
7552,2024-02-05,email,1,0,0.0,0
7553,2024-02-05,email,0,0,0.0,1
7554,2024-02-05,email,1,0,0.0,1
7555,2024-02-05,email,1,0,0.0,1
7556,2024-02-05,email,1,0,0.0,0
7557,2024-02-05,email,0,0,0.0,1
7558,2024-02-05,email,1,1,128.39,0
7559,2024-02-05,email,0,0,0.0,0
7560,2024-02-05,email,1,0,0.0,0
7561,2024-02-05,email,0,0,0.0,1
7562,2024-02-05,email,1,0,0.0,0
7563,2024-02-05,email,0,1,90.69,1
7564,2024-02-05,email,1,0,0.0,0
7565,2024-02-05,email,1,0,0.0,0
7566,2024-02-05,email,0,1,24.71,1
7567,2024-02-05,email,1,0,0.0,0
7568,2024-02-05,email,0,0,0.0,0
7569,2024-02-05,email,0,0,0.0,1
7570,2024-02-05,email,1,0,0.0,0
7571,2024-02-05,email,0,0,0.0,1
7572,2024-02-05,email,1,0,0.0,1
7573,2024-02-05,email,0,0,0.0,0
7574,2024-02-05,email,0,0,0.0,0
7575,2024-02-05,email,1,0,0.0,0
7576,2024-02-05,email,1,0,0.0,0
7577,2024-02-05,email,1,0,0.0,0
7578,2024-02-05,email,0,0,0.0,1
7579,2024-02-05,email,0,0,0.0,1
7580,2024-02-05,email,1,0,0.0,0
7581,2024-02-05,email,0,0,0.0,1
7582,2024-02-05,email,1,0,0.0,0
7583,2024-02-05,email,1,0,0.0,0
7584,2024-02-05,email,1,0,0.0,0
7585,2024-02-05,email,0,0,0.0,0
7586,2024-02-05,email,1,0,0.0,0
7587,2024-02-05,email,0,0,0.0,1
7588,2024-02-05,email,0,0,0.0,0
7589,2024-02-05,email,0,0,0.0,1
7590,2024-02-05,email,1,0,0.0,0
7591,2024-02-05,email,1,0,0.0,0
7592,2024-02-05,email,1,0,0.0,1
7593,2024-02-05,email,1,1,64.71,0
7594,2024-02-05,email,1,0,0.0,0
7595,2024-02-05,email,1,0,0.0,0
7596,2024-02-05,email,0,0,0.0,1
7597,2024-02-05,email,0,0,0.0,0
7598,2024-02-05,email,1,0,0.0,0
7599,2024-02-05,email,1,0,0.0,0
7600,2024-02-05,email,1,0,0.0,0
7601,2024-02-05,email,0,0,0.0,1
7602,2024-02-05,email,0,0,0.0,0
7603,2024-02-05,email,0,0,0.0,1
7604,2024-02-05,email,0,0,0.0,1
7605,2024-02-05,email,1,0,0.0,0
7606,2024-02-05,email,0,0,0.0,1
7607,2024-02-05,email,1,0,0.0,0
7608,2024-02-05,email,0,0,0.0,1
7609,2024-02-05,email,0,0,0.0,1
7610,2024-02-05,email,0,0,0.0,0
7611,2024-02-05,email,1,0,0.0,0
7612,2024-02-05,email,1,0,0.0,0
7613,2024-02-05,email,0,0,0.0,1
7614,2024-02-05,email,0,0,0.0,1
7615,2024-02-05,email,0,0,0.0,1
7616,2024-02-05,email,0,0,0.0,1
7617,2024-02-05,email,0,0,0.0,0
7618,2024-02-05,email,1,0,0.0,0
7619,2024-02-05,email,0,0,0.0,0
7620,2024-02-05,email,0,0,0.0,1
7621,2024-02-05,email,0,0,0.0,1
7622,2024-02-05,email,1,0,0.0,0
7623,2024-02-05,email,0,0,0.0,1
7624,2024-02-05,email,0,0,0.0,1
7625,2024-02-05,email,1,0,0.0,0
7626,2024-02-05,email,1,0,0.0,0
7627,2024-02-05,email,1,0,0.0,0
7628,2024-02-05,email,0,0,0.0,1
7629,2024-02-05,email,1,0,0.0,0
7630,2024-02-05,email,1,0,0.0,0
7631,2024-02-05,email,1,0,0.0,0
7632,2024-02-05,email,0,0,0.0,0
7633,2024-02-05,email,1,0,0.0,0
7634,2024-02-05,email,1,0,0.0,0
7635,2024-02-05,email,1,0,0.0,0
7636,2024-02-05,email,1,0,0.0,0
7637,2024-02-05,email,0,0,0.0,1
7638,2024-02-05,email,1,0,0.0,0
7639,2024-02-05,email,1,0,0.0,0
7640,2024-02-05,email,0,0,0.0,1
7641,2024-02-05,email,1,0,0.0,0
7642,2024-02-05,email,0,1,44.92,1
7643,2024-02-05,email,1,0,0.0,0
7644,2024-02-05,email,0,0,0.0,1
7645,2024-02-05,email,1,0,0.0,1
7646,2024-02-05,email,0,0,0.0,1
7647,2024-02-05,email,0,0,0.0,1
7648,2024-02-05,email,0,0,0.0,0
7649,2024-02-05,email,1,0,0.0,0
7650,2024-02-05,email,0,0,0.0,0
7651,2024-02-05,email,0,0,0.0,1
7652,2024-02-05,email,0,0,0.0,1
7653,2024-02-05,email,0,0,0.0,1
7654,2024-02-05,email,1,0,0.0,0
7655,2024-02-05,email,0,0,0.0,1
7656,2024-02-05,email,0,0,0.0,1
7657,2024-02-05,email,0,0,0.0,0
7658,2024-02-05,email,1,0,0.0,0
7659,2024-02-05,email,1,0,0.0,0
7660,2024-02-05,email,1,0,0.0,0
7661,2024-02-05,email,1,0,0.0,0
7662,2024-02-05,email,0,0,0.0,1
7663,2024-02-05,email,1,0,0.0,0
7664,2024-02-05,email,1,0,0.0,0
7665,2024-02-05,email,0,0,0.0,0
7666,2024-02-05,email,0,0,0.0,1
7667,2024-02-05,email,0,0,0.0,1
7668,2024-02-05,email,1,0,0.0,0
7669,2024-02-05,email,1,0,0.0,0
7670,2024-02-05,email,0,0,0.0,0
7671,2024-02-05,email,0,0,0.0,1
7672,2024-02-05,email,0,0,0.0,1
7673,2024-02-05,email,0,0,0.0,1
7674,2024-02-05,email,1,0,0.0,1
7675,2024-02-05,email,0,0,0.0,0
7676,2024-02-05,email,1,0,0.0,0
7677,2024-02-05,email,0,0,0.0,1
7678,2024-02-05,email,0,0,0.0,0
7679,2024-02-05,email,0,0,0.0,1
7680,2024-02-05,email,1,0,0.0,0
7681,2024-02-05,email,0,0,0.0,0
7682,2024-02-05,email,1,0,0.0,0
7683,2024-02-05,email,1,0,0.0,0
7684,2024-02-05,email,1,0,0.0,0
7685,2024-02-05,email,0,0,0.0,0
7686,2024-02-05,email,0,0,0.0,1
7687,2024-02-05,email,1,0,0.0,0
7688,2024-02-05,email,0,0,0.0,1
7689,2024-02-05,email,1,0,0.0,0
7690,2024-02-05,email,0,0,0.0,1
7691,2024-02-05,email,1,0,0.0,1
7692,2024-02-05,email,0,0,0.0,0
7693,2024-02-05,email,0,0,0.0,1
7694,2024-02-05,email,1,0,0.0,0
7695,2024-02-05,email,1,0,0.0,0
7696,2024-02-05,email,0,0,0.0,1
7697,2024-02-05,email,1,0,0.0,0
7698,2024-02-05,email,1,0,0.0,0
7699,2024-02-05,email,0,0,0.0,1
7700,2024-02-05,email,1,1,84.64,0
7701,2024-02-05,email,0,0,0.0,1
7702,2024-02-05,email,0,0,0.0,1
7703,2024-02-05,email,1,0,0.0,0
7704,2024-02-05,email,1,0,0.0,0
7705,2024-02-05,email,0,0,0.0,1
7706,2024-02-05,email,0,0,0.0,1
7707,2024-02-05,email,0,0,0.0,1
7708,2024-02-05,email,0,0,0.0,1
7709,2024-02-05,email,0,0,0.0,1
7710,2024-02-05,email,0,0,0.0,1
7711,2024-02-05,email,1,0,0.0,0
7712,2024-02-05,email,0,0,0.0,1
7713,2024-02-05,email,0,0,0.0,0
7714,2024-02-05,email,0,0,0.0,1
7715,2024-02-05,email,1,1,30.11,0
7716,2024-02-05,email,0,0,0.0,1
7717,2024-02-05,email,1,0,0.0,0
7718,2024-02-05,email,1,0,0.0,0
7719,2024-02-05,email,0,0,0.0,1
7720,2024-02-05,email,1,0,0.0,0
7721,2024-02-05,email,1,0,0.0,0
7722,2024-02-05,email,0,0,0.0,1
7723,2024-02-05,email,1,0,0.0,0
7724,2024-02-05,email,1,0,0.0,1
7725,2024-02-05,email,1,0,0.0,0
7726,2024-02-05,email,1,0,0.0,0
7727,2024-02-05,email,1,0,0.0,0
7728,2024-02-05,email,1,0,0.0,0
7729,2024-02-05,email,0,0,0.0,1
7730,2024-02-05,email,1,0,0.0,0
7731,2024-02-05,email,1,0,0.0,0
7732,2024-02-05,email,1,0,0.0,0
7733,2024-02-05,email,0,0,0.0,0
7734,2024-02-05,email,0,0,0.0,1
7735,2024-02-05,email,1,0,0.0,0
7736,2024-02-05,email,0,0,0.0,1
7737,2024-02-05,email,1,0,0.0,0
7738,2024-02-05,email,1,0,0.0,0
7739,2024-02-05,email,1,0,0.0,0
7740,2024-02-05,email,0,0,0.0,1
7741,2024-02-05,email,0,0,0.0,0
7742,2024-02-05,email,1,0,0.0,0
7743,2024-02-05,email,1,0,0.0,0
7744,2024-02-05,email,0,1,52.67,1
7745,2024-02-05,email,0,0,0.0,1
7746,2024-02-05,email,1,0,0.0,0
7747,2024-02-05,email,1,0,0.0,0
7748,2024-02-05,email,1,0,0.0,0
7749,2024-02-05,email,0,0,0.0,1
7750,2024-02-05,email,1,0,0.0,0
7751,2024-02-05,email,0,0,0.0,1
7752,2024-02-05,email,1,0,0.0,0
7753,2024-02-05,email,0,0,0.0,1
7754,2024-02-05,email,1,0,0.0,0
7755,2024-02-05,email,0,0,0.0,1
7756,2024-02-05,email,0,0,0.0,0
7757,2024-02-05,email,1,0,0.0,0
7758,2024-02-05,email,1,0,0.0,0
7759,2024-02-05,email,0,0,0.0,0
7760,2024-02-05,email,1,0,0.0,0
7761,2024-02-05,email,0,0,0.0,1
7762,2024-02-05,email,1,0,0.0,0
7763,2024-02-05,email,0,0,0.0,0
7764,2024-02-05,email,0,0,0.0,0
7765,2024-02-05,email,1,0,0.0,1
7766,2024-02-05,email,1,0,0.0,0
7767,2024-02-05,email,0,1,43.04,1
7768,2024-02-05,email,1,0,0.0,0
7769,2024-02-05,email,1,0,0.0,1
7770,2024-02-05,email,1,0,0.0,0
7771,2024-02-05,email,0,0,0.0,1
7772,2024-02-05,email,1,0,0.0,0
7773,2024-02-05,email,0,0,0.0,1
7774,2024-02-05,email,0,0,0.0,1
7775,2024-02-05,email,1,0,0.0,0
7776,2024-02-05,email,0,0,0.0,1
7777,2024-02-05,email,1,0,0.0,0
7778,2024-02-05,email,0,0,0.0,1
7779,2024-02-05,email,1,0,0.0,0
7780,2024-02-05,email,0,0,0.0,1
7781,2024-02-05,email,0,0,0.0,1
7782,2024-02-05,email,1,0,0.0,0
7783,2024-02-05,email,1,0,0.0,0
7784,2024-02-05,email,1,0,0.0,1
7785,2024-02-05,email,0,0,0.0,0
7786,2024-02-05,email,0,0,0.0,1
7787,2024-02-05,email,1,0,0.0,1
7788,2024-02-05,email,0,0,0.0,1
7789,2024-02-05,email,1,0,0.0,0
7790,2024-02-05,email,0,0,0.0,1
7791,2024-02-05,email,0,0,0.0,1
7792,2024-02-05,email,1,0,0.0,0
7793,2024-02-05,email,1,0,0.0,0
7794,2024-02-05,email,1,0,0.0,0
7795,2024-02-05,email,0,0,0.0,1
7796,2024-02-05,email,0,0,0.0,0
7797,2024-02-05,email,1,1,34.47,0
7798,2024-02-05,email,0,0,0.0,1
7799,2024-02-05,email,1,0,0.0,0
7800,2024-02-05,email,1,0,0.0,0
7801,2024-02-05,email,1,0,0.0,0
7802,2024-02-05,email,0,0,0.0,0
7803,2024-02-05,email,1,0,0.0,0
7804,2024-02-05,email,1,0,0.0,0
7805,2024-02-05,email,1,1,40.37,0
7806,2024-02-05,email,0,0,0.0,1
7807,2024-02-05,email,0,0,0.0,1
7808,2024-02-05,email,0,0,0.0,1
7809,2024-02-05,email,0,0,0.0,1
7810,2024-02-05,email,0,0,0.0,0
7811,2024-02-05,email,1,1,54.77,0
7812,2024-02-05,email,0,0,0.0,0
7813,2024-02-05,email,1,0,0.0,0
7814,2024-02-05,email,0,0,0.0,1
7815,2024-02-05,email,0,0,0.0,1
7816,2024-02-05,email,1,0,0.0,0
7817,2024-02-05,email,1,0,0.0,0
7818,2024-02-05,email,1,1,32.46,0
7819,2024-02-05,email,1,0,0.0,0
7820,2024-02-05,email,0,0,0.0,1
7821,2024-02-05,email,1,1,52.63,0
7822,2024-02-05,email,1,0,0.0,0
7823,2024-02-05,email,1,0,0.0,0
7824,2024-02-05,email,1,0,0.0,0
7825,2024-02-05,email,1,0,0.0,0
7826,2024-02-05,email,1,0,0.0,0
7827,2024-02-05,email,0,0,0.0,1
7828,2024-02-05,email,1,0,0.0,0
7829,2024-02-05,email,0,0,0.0,1
7830,2024-02-05,email,0,0,0.0,1
7831,2024-02-05,email,1,0,0.0,0
7832,2024-02-05,email,1,0,0.0,0
7833,2024-02-05,email,0,1,25.15,1
7834,2024-02-05,email,1,0,0.0,0
7835,2024-02-05,email,0,0,0.0,0
7836,2024-02-05,email,0,0,0.0,1
7837,2024-02-05,email,0,0,0.0,1
7838,2024-02-05,email,1,0,0.0,0
7839,2024-02-05,email,0,0,0.0,0
7840,2024-02-05,email,0,0,0.0,0
7841,2024-02-05,email,1,0,0.0,0
7842,2024-02-05,email,0,0,0.0,1
7843,2024-02-05,email,0,0,0.0,0
7844,2024-02-05,email,0,0,0.0,0
7845,2024-02-05,email,1,0,0.0,0
7846,2024-02-05,email,1,0,0.0,0
7847,2024-02-05,email,0,0,0.0,0
7848,2024-02-05,email,0,0,0.0,0
7849,2024-02-05,email,1,0,0.0,0
7850,2024-02-05,email,1,0,0.0,0
7851,2024-02-05,email,0,0,0.0,0
7852,2024-02-05,email,0,0,0.0,1
7853,2024-02-05,email,1,0,0.0,0
7854,2024-02-05,email,1,1,66.54,0
7855,2024-02-05,email,0,0,0.0,1
7856,2024-02-05,email,1,0,0.0,1
7857,2024-02-05,email,0,0,0.0,1
7858,2024-02-05,email,0,0,0.0,1
7859,2024-02-05,email,0,0,0.0,1
7860,2024-02-05,email,0,0,0.0,1
7861,2024-02-05,email,1,0,0.0,0
7862,2024-02-05,email,0,0,0.0,1
7863,2024-02-05,email,0,0,0.0,1
7864,2024-02-05,email,0,1,54.05,1
7865,2024-02-05,email,1,0,0.0,0
7866,2024-02-05,email,0,0,0.0,0
7867,2024-02-05,email,1,0,0.0,0
7868,2024-02-05,email,0,0,0.0,1
7869,2024-02-05,email,0,0,0.0,0
7870,2024-02-05,email,1,0,0.0,0
7871,2024-02-05,email,1,0,0.0,0
7872,2024-02-05,email,1,0,0.0,0
7873,2024-02-05,email,1,0,0.0,0
7874,2024-02-05,email,0,0,0.0,1
7875,2024-02-05,email,0,0,0.0,1
7876,2024-02-05,email,1,0,0.0,0
7877,2024-02-05,email,1,0,0.0,0
7878,2024-02-05,email,1,0,0.0,0
7879,2024-02-05,email,0,0,0.0,1
7880,2024-02-05,email,0,0,0.0,0
7881,2024-02-05,email,0,1,32.55,1
7882,2024-02-05,email,1,0,0.0,0
7883,2024-02-05,email,0,0,0.0,0
7884,2024-02-05,email,1,0,0.0,0
7885,2024-02-05,email,1,0,0.0,0
7886,2024-02-05,email,0,0,0.0,0
7887,2024-02-05,email,1,0,0.0,0
7888,2024-02-05,email,1,0,0.0,0
7889,2024-02-05,email,1,0,0.0,0
7890,2024-02-05,email,1,0,0.0,0
7891,2024-02-05,email,1,0,0.0,0
7892,2024-02-05,email,1,1,60.37,0
7893,2024-02-05,email,1,0,0.0,0
7894,2024-02-05,email,1,0,0.0,0
7895,2024-02-05,email,1,0,0.0,0
7896,2024-02-05,email,0,0,0.0,0
7897,2024-02-05,email,1,0,0.0,0
7898,2024-02-05,email,1,0,0.0,0
7899,2024-02-05,email,0,0,0.0,1
7900,2024-02-05,email,1,0,0.0,0
7901,2024-02-05,email,1,0,0.0,0
7902,2024-02-05,email,0,0,0.0,1
7903,2024-02-05,email,1,0,0.0,0
7904,2024-02-05,email,1,0,0.0,0
7905,2024-02-05,email,0,0,0.0,1
7906,2024-02-05,email,0,0,0.0,1
7907,2024-02-05,email,1,1,23.33,0
7908,2024-02-05,email,0,0,0.0,0
7909,2024-02-05,email,0,0,0.0,1
7910,2024-02-05,email,0,0,0.0,1
7911,2024-02-05,email,1,0,0.0,0
7912,2024-02-05,email,0,0,0.0,1
7913,2024-02-05,email,0,0,0.0,1
7914,2024-02-05,email,1,0,0.0,0
7915,2024-02-05,email,1,0,0.0,0
7916,2024-02-05,email,0,0,0.0,1
7917,2024-02-05,email,1,1,78.9,0
7918,2024-02-05,email,0,0,0.0,1
7919,2024-02-05,email,0,0,0.0,1
7920,2024-02-05,email,1,0,0.0,0
7921,2024-02-05,email,1,0,0.0,0
7922,2024-02-05,email,0,0,0.0,1
7923,2024-02-05,email,1,0,0.0,0
7924,2024-02-05,email,0,0,0.0,1
7925,2024-02-05,email,0,0,0.0,1
7926,2024-02-05,email,1,0,0.0,0
7927,2024-02-05,email,1,0,0.0,0
7928,2024-02-05,email,1,0,0.0,0
7929,2024-02-05,email,1,0,0.0,0
7930,2024-02-05,email,1,0,0.0,0
7931,2024-02-05,email,1,0,0.0,0
7932,2024-02-05,email,0,0,0.0,1
7933,2024-02-05,email,1,0,0.0,0
7934,2024-02-05,email,0,0,0.0,1
7935,2024-02-05,email,1,0,0.0,0
7936,2024-02-05,email,0,0,0.0,0
7937,2024-02-05,email,1,0,0.0,0
7938,2024-02-05,email,0,0,0.0,0
7939,2024-02-05,email,1,0,0.0,0
7940,2024-02-05,email,1,0,0.0,0
7941,2024-02-05,email,1,1,54.32,0
7942,2024-02-05,email,1,0,0.0,0
7943,2024-02-05,email,1,0,0.0,0
7944,2024-02-05,email,1,0,0.0,0
7945,2024-02-05,email,0,0,0.0,1
7946,2024-02-05,email,0,0,0.0,0
7947,2024-02-05,email,0,0,0.0,1
7948,2024-02-05,email,0,0,0.0,1
7949,2024-02-05,email,0,0,0.0,1
7950,2024-02-05,email,0,0,0.0,1
7951,2024-02-05,email,0,0,0.0,1
7952,2024-02-05,email,1,0,0.0,0
7953,2024-02-05,email,1,0,0.0,1
7954,2024-02-05,email,0,0,0.0,0
7955,2024-02-05,email,0,0,0.0,0
7956,2024-02-05,email,1,0,0.0,0
7957,2024-02-05,email,0,0,0.0,0
7958,2024-02-05,email,0,0,0.0,1
7959,2024-02-05,email,1,0,0.0,0
7960,2024-02-05,email,1,1,32.6,0
7961,2024-02-05,email,0,0,0.0,0
7962,2024-02-05,email,1,0,0.0,0
7963,2024-02-05,email,1,0,0.0,0
7964,2024-02-05,email,1,0,0.0,0
7965,2024-02-05,email,0,0,0.0,1
7966,2024-02-05,email,0,0,0.0,1
7967,2024-02-05,email,0,0,0.0,1
7968,2024-02-05,email,1,0,0.0,0
7969,2024-02-05,email,0,0,0.0,1
7970,2024-02-05,email,0,0,0.0,1
7971,2024-02-05,email,1,0,0.0,0
7972,2024-02-05,email,1,0,0.0,0
7973,2024-02-05,email,1,0,0.0,1
7974,2024-02-05,email,1,0,0.0,0
7975,2024-02-05,email,1,0,0.0,0
7976,2024-02-05,email,1,1,54.4,1
7977,2024-02-05,email,0,0,0.0,0
7978,2024-02-05,email,1,0,0.0,0
7979,2024-02-05,email,1,0,0.0,0
7980,2024-02-05,email,0,0,0.0,1
7981,2024-02-05,email,0,0,0.0,0
7982,2024-02-05,email,0,0,0.0,1
7983,2024-02-05,email,1,1,34.15,0
7984,2024-02-05,email,1,0,0.0,0
7985,2024-02-05,email,1,0,0.0,0
7986,2024-02-05,email,1,0,0.0,0
7987,2024-02-05,email,1,0,0.0,0
7988,2024-02-05,email,0,0,0.0,1
7989,2024-02-05,email,0,0,0.0,1
7990,2024-02-05,email,1,1,44.59,0
7991,2024-02-05,email,1,0,0.0,1
7992,2024-02-05,email,1,0,0.0,0
7993,2024-02-05,email,0,0,0.0,0
7994,2024-02-05,email,1,0,0.0,1
7995,2024-02-05,email,1,0,0.0,0
7996,2024-02-05,email,1,0,0.0,0
7997,2024-02-05,email,0,0,0.0,1
7998,2024-02-05,email,1,0,0.0,0
7999,2024-02-05,email,1,0,0.0,0
8000,2024-02-05,email,0,0,0.0,1
8001,2024-02-05,email,1,0,0.0,0
8002,2024-02-05,email,1,0,0.0,0
8003,2024-02-05,email,0,0,0.0,0
8004,2024-02-05,email,1,0,0.0,0
8005,2024-02-05,email,1,0,0.0,0
8006,2024-02-05,email,0,0,0.0,1
8007,2024-02-05,email,1,0,0.0,0
8008,2024-02-05,email,0,0,0.0,1
8009,2024-02-05,email,0,0,0.0,1
8010,2024-02-05,email,1,0,0.0,0
8011,2024-02-05,email,1,0,0.0,0
8012,2024-02-05,email,1,0,0.0,0
8013,2024-02-05,email,1,0,0.0,0
8014,2024-02-05,email,1,0,0.0,1
8015,2024-02-05,email,1,1,32.42,0
8016,2024-02-05,email,0,0,0.0,1
8017,2024-02-05,email,0,0,0.0,1
8018,2024-02-05,email,0,0,0.0,1
8019,2024-02-05,email,1,0,0.0,0
8020,2024-02-05,email,1,0,0.0,1
8021,2024-02-05,email,1,0,0.0,0
8022,2024-02-05,email,1,0,0.0,0
8023,2024-02-05,email,0,0,0.0,1
8024,2024-02-05,email,1,0,0.0,0
8025,2024-02-05,email,1,0,0.0,0
8026,2024-02-05,email,1,0,0.0,0
8027,2024-02-05,email,1,0,0.0,0
8028,2024-02-05,email,0,0,0.0,1
8029,2024-02-05,email,0,0,0.0,1
8030,2024-02-05,email,0,1,55.96,1
8031,2024-02-05,email,0,0,0.0,1
8032,2024-02-05,email,1,0,0.0,0
8033,2024-02-05,email,1,0,0.0,1
8034,2024-02-05,email,0,0,0.0,1
8035,2024-02-05,email,1,0,0.0,0
8036,2024-02-05,email,1,0,0.0,0
8037,2024-02-05,email,1,0,0.0,0
8038,2024-02-05,email,1,0,0.0,0
8039,2024-02-05,email,0,0,0.0,0
8040,2024-02-05,email,0,0,0.0,1
8041,2024-02-05,email,1,0,0.0,0
8042,2024-02-05,email,1,0,0.0,0
8043,2024-02-05,email,0,0,0.0,1
8044,2024-02-05,email,0,0,0.0,0
8045,2024-02-05,email,0,0,0.0,1
8046,2024-02-05,email,0,0,0.0,1
8047,2024-02-05,email,1,0,0.0,0
8048,2024-02-05,email,1,0,0.0,0
8049,2024-02-05,email,1,0,0.0,0
8050,2024-02-05,email,1,0,0.0,0
8051,2024-02-05,email,1,0,0.0,0
8052,2024-02-05,email,0,0,0.0,1
8053,2024-02-05,email,0,0,0.0,1
8054,2024-02-05,email,1,0,0.0,0
8055,2024-02-05,email,1,0,0.0,0
8056,2024-02-05,email,1,0,0.0,0
8057,2024-02-05,email,0,0,0.0,1
8058,2024-02-05,email,1,0,0.0,1
8059,2024-02-05,email,1,0,0.0,0
8060,2024-02-05,email,1,0,0.0,0
8061,2024-02-05,email,0,0,0.0,1
8062,2024-02-05,email,1,0,0.0,1
8063,2024-02-05,email,0,0,0.0,1
8064,2024-02-05,email,1,0,0.0,0
8065,2024-02-05,email,1,0,0.0,1
8066,2024-02-05,email,1,0,0.0,1
8067,2024-02-05,email,1,0,0.0,0
8068,2024-02-05,email,1,0,0.0,0
8069,2024-02-05,email,0,0,0.0,1
8070,2024-02-05,email,0,0,0.0,1
8071,2024-02-05,email,0,0,0.0,1
8072,2024-02-05,email,0,0,0.0,1
8073,2024-02-05,email,0,0,0.0,1
8074,2024-02-05,email,0,0,0.0,1
8075,2024-02-05,email,1,0,0.0,0
8076,2024-02-05,email,1,0,0.0,0
8077,2024-02-05,email,1,0,0.0,1
8078,2024-02-05,email,1,0,0.0,0
8079,2024-02-05,email,0,0,0.0,1
8080,2024-02-05,email,0,0,0.0,1
8081,2024-02-05,email,0,0,0.0,1
8082,2024-02-05,email,0,0,0.0,1
8083,2024-02-05,email,1,0,0.0,0
8084,2024-02-05,email,0,0,0.0,0
8085,2024-02-05,email,1,0,0.0,0
8086,2024-02-05,email,1,0,0.0,0
8087,2024-02-05,email,1,0,0.0,0
8088,2024-02-05,email,0,0,0.0,1
8089,2024-02-05,email,0,0,0.0,0
8090,2024-02-05,email,1,0,0.0,0
8091,2024-02-05,email,1,0,0.0,0
8092,2024-02-05,email,0,0,0.0,0
8093,2024-02-05,email,1,0,0.0,0
8094,2024-02-05,email,0,0,0.0,1
8095,2024-02-05,email,0,0,0.0,1
8096,2024-02-05,email,1,0,0.0,0
8097,2024-02-05,email,0,0,0.0,0
8098,2024-02-05,email,1,0,0.0,0
8099,2024-02-05,email,1,0,0.0,0
8100,2024-02-05,email,1,0,0.0,0
8101,2024-02-05,email,0,0,0.0,1
8102,2024-02-05,email,1,0,0.0,0
8103,2024-02-05,email,0,0,0.0,1
8104,2024-02-05,email,1,0,0.0,0
8105,2024-02-05,email,1,0,0.0,0
8106,2024-02-05,email,1,1,63.4,0
8107,2024-02-05,email,1,0,0.0,1
8108,2024-02-05,email,0,0,0.0,1
8109,2024-02-05,email,0,0,0.0,1
8110,2024-02-05,email,0,0,0.0,1
8111,2024-02-05,email,0,0,0.0,1
8112,2024-02-05,email,0,0,0.0,1
8113,2024-02-05,email,1,0,0.0,0
8114,2024-02-05,email,1,0,0.0,0
8115,2024-02-05,email,1,0,0.0,0
8116,2024-02-05,email,1,0,0.0,0
8117,2024-02-05,email,1,0,0.0,0
8118,2024-02-05,email,0,0,0.0,1
8119,2024-02-05,email,0,0,0.0,1
8120,2024-02-05,email,1,0,0.0,0
8121,2024-02-05,email,0,0,0.0,0
8122,2024-02-05,email,1,0,0.0,0
8123,2024-02-05,email,1,0,0.0,0
8124,2024-02-05,email,0,0,0.0,1
8125,2024-02-05,email,1,0,0.0,0
8126,2024-02-05,email,0,0,0.0,0
8127,2024-02-05,email,0,0,0.0,1
8128,2024-02-05,email,1,1,66.13,0
8129,2024-02-05,email,1,0,0.0,0
8130,2024-02-05,email,0,0,0.0,1
8131,2024-02-05,email,1,0,0.0,0
8132,2024-02-05,email,1,0,0.0,0
8133,2024-02-05,email,0,0,0.0,1
8134,2024-02-05,email,0,0,0.0,1
8135,2024-02-05,email,0,0,0.0,1
8136,2024-02-05,email,0,0,0.0,1
8137,2024-02-05,email,1,0,0.0,0
8138,2024-02-05,email,1,0,0.0,0
8139,2024-02-05,email,1,0,0.0,0
8140,2024-02-05,email,0,0,0.0,1
8141,2024-02-05,email,0,0,0.0,1
8142,2024-02-05,email,0,0,0.0,1
8143,2024-02-05,email,1,0,0.0,0
8144,2024-02-05,email,1,0,0.0,0
8145,2024-02-05,email,1,0,0.0,0
8146,2024-02-05,email,1,0,0.0,0
8147,2024-02-05,email,0,0,0.0,0
8148,2024-02-05,email,1,0,0.0,0
8149,2024-02-05,email,0,0,0.0,1
8150,2024-02-05,email,0,0,0.0,0
8151,2024-02-05,email,0,0,0.0,0
8152,2024-02-05,email,0,0,0.0,0
8153,2024-02-05,email,1,0,0.0,0
8154,2024-02-05,email,0,0,0.0,1
8155,2024-02-05,email,0,0,0.0,1
8156,2024-02-05,email,1,0,0.0,0
8157,2024-02-05,email,0,0,0.0,1
8158,2024-02-05,email,0,0,0.0,1
8159,2024-02-05,email,0,0,0.0,1
8160,2024-02-05,email,1,0,0.0,1
8161,2024-02-05,email,1,0,0.0,1
8162,2024-02-05,email,1,0,0.0,0
8163,2024-02-05,email,0,0,0.0,1
8164,2024-02-05,email,0,0,0.0,1
8165,2024-02-05,email,1,0,0.0,0
8166,2024-02-05,email,1,0,0.0,0
8167,2024-02-05,email,1,0,0.0,0
8168,2024-02-05,email,1,0,0.0,0
8169,2024-02-05,email,0,0,0.0,1
8170,2024-02-05,email,0,0,0.0,1
8171,2024-02-05,email,1,0,0.0,0
8172,2024-02-05,email,1,0,0.0,0
8173,2024-02-05,email,0,0,0.0,1
8174,2024-02-05,email,1,0,0.0,1
8175,2024-02-05,email,0,0,0.0,1
8176,2024-02-05,email,1,0,0.0,0
8177,2024-02-05,email,0,0,0.0,1
8178,2024-02-05,email,0,0,0.0,1
8179,2024-02-05,email,1,0,0.0,0
8180,2024-02-05,email,1,0,0.0,0
8181,2024-02-05,email,1,0,0.0,0
8182,2024-02-05,email,0,0,0.0,1
8183,2024-02-05,email,1,1,24.66,1
8184,2024-02-05,email,0,0,0.0,0
8185,2024-02-05,email,1,0,0.0,0
8186,2024-02-05,email,0,0,0.0,1
8187,2024-02-05,email,1,0,0.0,1
8188,2024-02-05,email,0,0,0.0,1
8189,2024-02-05,email,1,1,35.34,0
8190,2024-02-05,email,0,0,0.0,1
8191,2024-02-05,email,1,0,0.0,0
8192,2024-02-05,email,1,0,0.0,0
8193,2024-02-05,email,0,0,0.0,1
8194,2024-02-05,email,1,0,0.0,0
8195,2024-02-05,email,0,0,0.0,0
8196,2024-02-05,email,0,0,0.0,0
8197,2024-02-05,email,0,0,0.0,0
8198,2024-02-05,email,1,0,0.0,1
8199,2024-02-05,email,1,0,0.0,0
8200,2024-02-05,email,0,0,0.0,1
8201,2024-02-05,email,0,0,0.0,0
8202,2024-02-05,email,0,0,0.0,1
8203,2024-02-05,email,0,0,0.0,0
8204,2024-02-05,email,0,0,0.0,0
8205,2024-02-05,email,1,0,0.0,1
8206,2024-02-05,email,0,0,0.0,1
8207,2024-02-05,email,0,0,0.0,0
8208,2024-02-05,email,1,0,0.0,0
8209,2024-02-05,email,1,0,0.0,0
8210,2024-02-05,email,0,0,0.0,1
8211,2024-02-05,email,0,0,0.0,1
8212,2024-02-05,email,0,1,76.99,1
8213,2024-02-05,email,0,0,0.0,1
8214,2024-02-05,email,0,0,0.0,0
8215,2024-02-05,email,1,0,0.0,0
8216,2024-02-05,email,1,0,0.0,0
8217,2024-02-05,email,1,0,0.0,0
8218,2024-02-05,email,0,0,0.0,1
8219,2024-02-05,email,0,0,0.0,1
8220,2024-02-05,email,0,0,0.0,1
8221,2024-02-05,email,0,0,0.0,0
8222,2024-02-05,email,0,0,0.0,1
8223,2024-02-05,email,0,0,0.0,1
8224,2024-02-05,email,0,0,0.0,1
8225,2024-02-05,email,0,0,0.0,1
8226,2024-02-05,email,1,0,0.0,0
8227,2024-02-05,email,0,0,0.0,1
8228,2024-02-05,email,0,0,0.0,1
8229,2024-02-05,email,0,0,0.0,1
8230,2024-02-05,email,0,0,0.0,1
8231,2024-02-05,email,1,0,0.0,0
8232,2024-02-05,email,1,0,0.0,0
8233,2024-02-05,email,1,0,0.0,0
8234,2024-02-05,email,0,0,0.0,1
8235,2024-02-05,email,0,0,0.0,0
8236,2024-02-05,email,0,0,0.0,1
8237,2024-02-05,email,1,0,0.0,0
8238,2024-02-05,email,0,0,0.0,1
8239,2024-02-05,email,1,0,0.0,0
8240,2024-02-05,email,1,0,0.0,0
8241,2024-02-05,email,0,0,0.0,1
8242,2024-02-05,email,0,0,0.0,1
8243,2024-02-05,email,0,0,0.0,1
8244,2024-02-05,email,1,0,0.0,0
8245,2024-02-05,email,1,0,0.0,0
8246,2024-02-05,email,0,0,0.0,0
8247,2024-02-05,email,0,0,0.0,1
8248,2024-02-05,email,1,0,0.0,1
8249,2024-02-05,email,1,0,0.0,0
8250,2024-02-05,email,1,0,0.0,1
8251,2024-02-05,email,1,1,37.21,0
8252,2024-02-05,email,1,0,0.0,1
8253,2024-02-05,email,0,0,0.0,0
8254,2024-02-05,email,0,0,0.0,1
8255,2024-02-05,email,0,0,0.0,1
8256,2024-02-05,email,0,0,0.0,0
8257,2024-02-05,email,0,0,0.0,1
8258,2024-02-05,email,1,0,0.0,0
8259,2024-02-05,email,1,0,0.0,1
8260,2024-02-05,email,1,0,0.0,0
8261,2024-02-05,email,0,0,0.0,0
8262,2024-02-05,email,1,0,0.0,0
8263,2024-02-05,email,0,0,0.0,0
8264,2024-02-05,email,1,0,0.0,0
8265,2024-02-05,email,1,0,0.0,1
8266,2024-02-05,email,1,0,0.0,0
8267,2024-02-05,email,0,0,0.0,1
8268,2024-02-05,email,1,0,0.0,0
8269,2024-02-05,email,0,0,0.0,0
8270,2024-02-05,email,1,0,0.0,1
8271,2024-02-05,email,1,0,0.0,0
8272,2024-02-05,email,1,0,0.0,1
8273,2024-02-05,email,0,0,0.0,0
8274,2024-02-05,email,1,0,0.0,0
8275,2024-02-05,email,1,0,0.0,0
8276,2024-02-05,email,0,0,0.0,1
8277,2024-02-05,email,1,0,0.0,0
8278,2024-02-05,email,1,0,0.0,0
8279,2024-02-05,email,1,0,0.0,0
8280,2024-02-05,email,1,0,0.0,0
8281,2024-02-05,email,0,0,0.0,1
8282,2024-02-05,email,0,0,0.0,1
8283,2024-02-05,email,0,0,0.0,1
8284,2024-02-05,email,1,0,0.0,0
8285,2024-02-05,email,1,0,0.0,0
8286,2024-02-05,email,1,0,0.0,1
8287,2024-02-05,email,1,0,0.0,0
8288,2024-02-05,email,0,0,0.0,1
8289,2024-02-05,email,0,0,0.0,0
8290,2024-02-05,email,0,0,0.0,1
8291,2024-02-05,email,0,0,0.0,1
8292,2024-02-05,email,1,0,0.0,0
8293,2024-02-05,email,0,0,0.0,1
8294,2024-02-05,email,1,0,0.0,0
8295,2024-02-05,email,1,1,30.95,0
8296,2024-02-05,email,1,0,0.0,0
8297,2024-02-05,email,1,0,0.0,0
8298,2024-02-05,email,1,0,0.0,1
8299,2024-02-05,email,0,0,0.0,0
8300,2024-02-05,email,0,0,0.0,1
8301,2024-02-05,email,1,0,0.0,0
8302,2024-02-05,email,0,0,0.0,1
8303,2024-02-05,email,0,0,0.0,0
8304,2024-02-05,email,0,0,0.0,1
8305,2024-02-05,email,1,0,0.0,0
8306,2024-02-05,email,0,0,0.0,1
8307,2024-02-05,email,0,0,0.0,0
8308,2024-02-05,email,1,0,0.0,0
8309,2024-02-05,email,0,0,0.0,1
8310,2024-02-05,email,1,0,0.0,0
8311,2024-02-05,email,1,0,0.0,0
8312,2024-02-05,email,1,0,0.0,0
8313,2024-02-05,email,1,0,0.0,0
8314,2024-02-05,email,0,0,0.0,0
8315,2024-02-05,email,0,0,0.0,1
8316,2024-02-05,email,1,0,0.0,0
8317,2024-02-05,email,1,0,0.0,0
8318,2024-02-05,email,1,0,0.0,0
8319,2024-02-05,email,0,0,0.0,1
8320,2024-02-05,email,0,1,76.26,0
8321,2024-02-05,email,1,1,30.61,0
8322,2024-02-05,email,1,0,0.0,0
8323,2024-02-05,email,0,0,0.0,1
8324,2024-02-05,email,1,0,0.0,0
8325,2024-02-05,email,1,0,0.0,0
8326,2024-02-05,email,1,1,55.0,0
8327,2024-02-05,email,0,0,0.0,1
8328,2024-02-05,email,1,0,0.0,0
8329,2024-02-05,email,0,0,0.0,1
8330,2024-02-05,email,0,0,0.0,0
8331,2024-02-05,email,0,0,0.0,1
8332,2024-02-05,email,1,0,0.0,1
8333,2024-02-05,email,1,0,0.0,0
8334,2024-02-05,email,1,0,0.0,0
8335,2024-02-05,email,1,0,0.0,0
8336,2024-02-05,email,1,0,0.0,0
8337,2024-02-05,email,1,0,0.0,0
8338,2024-02-05,email,1,1,31.36,0
8339,2024-02-05,email,0,0,0.0,1
8340,2024-02-05,email,1,0,0.0,0
8341,2024-02-05,email,1,0,0.0,0
8342,2024-02-05,email,0,0,0.0,0
8343,2024-02-05,email,0,0,0.0,1
8344,2024-02-05,email,1,0,0.0,0
8345,2024-02-05,email,1,0,0.0,0
8346,2024-02-05,email,0,0,0.0,1
8347,2024-02-05,email,1,0,0.0,0
8348,2024-02-05,email,0,0,0.0,1
8349,2024-02-05,email,0,0,0.0,1
8350,2024-02-05,email,0,0,0.0,1
8351,2024-02-05,email,1,0,0.0,0
8352,2024-02-05,email,0,0,0.0,1
8353,2024-02-05,email,1,0,0.0,0
8354,2024-02-05,email,1,0,0.0,0
8355,2024-02-05,email,0,0,0.0,1
8356,2024-02-05,email,0,0,0.0,1
8357,2024-02-05,email,1,0,0.0,1
8358,2024-02-05,email,1,0,0.0,0
8359,2024-02-05,email,1,0,0.0,0
8360,2024-02-05,email,0,0,0.0,1
8361,2024-02-05,email,0,0,0.0,1
8362,2024-02-05,email,1,0,0.0,0
8363,2024-02-05,email,0,0,0.0,0
8364,2024-02-05,email,0,0,0.0,1
8365,2024-02-05,email,1,0,0.0,0
8366,2024-02-05,email,0,0,0.0,1
8367,2024-02-05,email,0,0,0.0,1
8368,2024-02-05,email,1,0,0.0,0
8369,2024-02-05,email,1,1,45.37,0
8370,2024-02-05,email,0,0,0.0,1
8371,2024-02-05,email,0,0,0.0,1
8372,2024-02-05,email,1,0,0.0,0
8373,2024-02-05,email,1,1,48.86,0
8374,2024-02-05,email,1,0,0.0,0
8375,2024-02-05,email,0,0,0.0,1
8376,2024-02-05,email,0,0,0.0,1
8377,2024-02-05,email,0,0,0.0,0
8378,2024-02-05,email,0,0,0.0,1
8379,2024-02-05,email,0,0,0.0,0
8380,2024-02-05,email,1,1,80.47,0
8381,2024-02-05,email,0,0,0.0,1
8382,2024-02-05,email,1,0,0.0,0
8383,2024-02-05,email,0,0,0.0,1
8384,2024-02-05,email,1,0,0.0,0
8385,2024-02-05,email,0,0,0.0,0
8386,2024-02-05,email,1,0,0.0,0
8387,2024-02-05,email,0,0,0.0,1
8388,2024-02-05,email,0,0,0.0,0
8389,2024-02-05,email,1,1,60.71,1
8390,2024-02-05,email,0,0,0.0,0
8391,2024-02-05,email,0,0,0.0,0
8392,2024-02-05,email,1,0,0.0,1
8393,2024-02-05,email,1,0,0.0,1
8394,2024-02-05,email,0,0,0.0,0
8395,2024-02-05,email,0,0,0.0,1
8396,2024-02-05,email,1,0,0.0,0
8397,2024-02-05,email,1,0,0.0,0
8398,2024-02-05,email,0,0,0.0,1
8399,2024-02-05,email,0,0,0.0,0
8400,2024-02-05,email,1,0,0.0,0
8401,2024-02-05,email,0,0,0.0,0
8402,2024-02-05,email,0,0,0.0,1
8403,2024-02-05,email,1,0,0.0,0
8404,2024-02-05,email,0,0,0.0,1
8405,2024-02-05,email,1,0,0.0,0
8406,2024-02-05,email,0,0,0.0,1
8407,2024-02-05,email,1,0,0.0,0
8408,2024-02-05,email,0,0,0.0,1
8409,2024-02-05,email,1,0,0.0,0
8410,2024-02-05,email,0,0,0.0,1
8411,2024-02-05,email,1,0,0.0,0
8412,2024-02-05,email,0,0,0.0,1
8413,2024-02-05,email,0,0,0.0,1
8414,2024-02-05,email,0,0,0.0,1
8415,2024-02-05,email,1,0,0.0,0
8416,2024-02-05,email,1,0,0.0,0
8417,2024-02-05,email,1,0,0.0,0
8418,2024-02-05,email,0,0,0.0,0
8419,2024-02-05,email,1,0,0.0,0
8420,2024-02-05,email,1,0,0.0,1
8421,2024-02-05,email,0,0,0.0,1
8422,2024-02-05,email,1,0,0.0,0
8423,2024-02-05,email,1,0,0.0,0
8424,2024-02-05,email,1,0,0.0,0
8425,2024-02-05,email,1,0,0.0,0
8426,2024-02-05,email,0,0,0.0,1
8427,2024-02-05,email,1,0,0.0,0
8428,2024-02-05,email,0,0,0.0,1
8429,2024-02-05,email,0,0,0.0,0
8430,2024-02-05,email,0,0,0.0,1
8431,2024-02-05,email,0,0,0.0,1
8432,2024-02-05,email,0,0,0.0,1
8433,2024-02-05,email,0,0,0.0,0
8434,2024-02-05,email,1,0,0.0,0
8435,2024-02-05,email,0,0,0.0,1
8436,2024-02-05,email,1,0,0.0,0
8437,2024-02-05,email,0,0,0.0,1
8438,2024-02-05,email,1,0,0.0,0
8439,2024-02-05,email,1,0,0.0,0
8440,2024-02-05,email,1,0,0.0,0
8441,2024-02-05,email,1,0,0.0,0
8442,2024-02-05,email,0,0,0.0,0
8443,2024-02-05,email,0,0,0.0,0
8444,2024-02-05,email,0,0,0.0,1
8445,2024-02-05,email,0,0,0.0,1
8446,2024-02-05,email,0,0,0.0,1
8447,2024-02-05,email,0,0,0.0,1
8448,2024-02-05,email,1,0,0.0,0
8449,2024-02-05,email,1,0,0.0,0
8450,2024-02-05,email,0,0,0.0,0
8451,2024-02-05,email,0,0,0.0,1
8452,2024-02-05,email,1,0,0.0,0
8453,2024-02-05,email,0,0,0.0,1
8454,2024-02-05,email,1,0,0.0,0
8455,2024-02-05,email,1,0,0.0,0
8456,2024-02-05,email,1,0,0.0,0
8457,2024-02-05,email,0,0,0.0,1
8458,2024-02-05,email,1,0,0.0,0
8459,2024-02-05,email,1,0,0.0,0
8460,2024-02-05,email,0,0,0.0,0
8461,2024-02-05,email,0,0,0.0,1
8462,2024-02-05,email,1,0,0.0,0
8463,2024-02-05,email,0,0,0.0,0
8464,2024-02-05,email,1,0,0.0,0
8465,2024-02-05,email,1,0,0.0,0
8466,2024-02-05,email,1,0,0.0,0
8467,2024-02-05,email,0,0,0.0,1
8468,2024-02-05,email,1,0,0.0,0
8469,2024-02-05,email,1,0,0.0,0
8470,2024-02-05,email,0,0,0.0,1
8471,2024-02-05,email,0,0,0.0,0
8472,2024-02-05,email,0,1,51.31,1
8473,2024-02-05,email,0,0,0.0,1
8474,2024-02-05,email,1,0,0.0,0
8475,2024-02-05,email,0,0,0.0,1
8476,2024-02-05,email,0,0,0.0,1
8477,2024-02-05,email,0,0,0.0,1
8478,2024-02-05,email,0,0,0.0,1
8479,2024-02-05,email,1,0,0.0,0
8480,2024-02-05,email,1,0,0.0,0
8481,2024-02-05,email,1,0,0.0,0
8482,2024-02-05,email,0,0,0.0,0
8483,2024-02-05,email,0,0,0.0,1
8484,2024-02-05,email,1,0,0.0,0
8485,2024-02-05,email,0,0,0.0,1
8486,2024-02-05,email,1,0,0.0,1
8487,2024-02-05,email,0,0,0.0,0
8488,2024-02-05,email,0,0,0.0,1
8489,2024-02-05,email,0,0,0.0,0
8490,2024-02-05,email,0,0,0.0,1
8491,2024-02-05,email,0,0,0.0,1
8492,2024-02-05,email,1,1,77.29,0
8493,2024-02-05,email,1,0,0.0,0
8494,2024-02-05,email,0,0,0.0,1
8495,2024-02-05,email,1,0,0.0,0
8496,2024-02-05,email,1,0,0.0,0
8497,2024-02-05,email,0,0,0.0,0
8498,2024-02-05,email,0,0,0.0,1
8499,2024-02-05,email,0,0,0.0,1
8500,2024-02-05,email,1,0,0.0,0
8501,2024-02-05,email,1,0,0.0,1
8502,2024-02-05,email,1,0,0.0,0
8503,2024-02-05,email,1,0,0.0,0
8504,2024-02-05,email,1,0,0.0,0
8505,2024-02-05,email,0,0,0.0,1
8506,2024-02-05,email,1,0,0.0,0
8507,2024-02-05,email,0,0,0.0,1
8508,2024-02-05,email,1,0,0.0,0
8509,2024-02-05,email,1,0,0.0,0
8510,2024-02-05,email,1,0,0.0,0
8511,2024-02-05,email,0,0,0.0,1
8512,2024-02-05,email,1,0,0.0,0
8513,2024-02-05,email,1,0,0.0,0
8514,2024-02-05,email,0,0,0.0,0
8515,2024-02-05,email,0,0,0.0,0
8516,2024-02-05,email,1,0,0.0,0
8517,2024-02-05,email,0,0,0.0,1
8518,2024-02-05,email,1,0,0.0,0
8519,2024-02-05,email,1,0,0.0,0
8520,2024-02-05,email,1,0,0.0,0
8521,2024-02-05,email,0,0,0.0,1
8522,2024-02-05,email,1,0,0.0,0
8523,2024-02-05,email,1,0,0.0,0
8524,2024-02-05,email,0,0,0.0,0
8525,2024-02-05,email,1,0,0.0,0
8526,2024-02-05,email,1,0,0.0,0
8527,2024-02-05,email,1,0,0.0,0
8528,2024-02-05,email,0,0,0.0,1
8529,2024-02-05,email,0,0,0.0,0
8530,2024-02-05,email,0,0,0.0,1
8531,2024-02-05,email,0,0,0.0,0
8532,2024-02-05,email,0,0,0.0,1
8533,2024-02-05,email,1,0,0.0,0
8534,2024-02-05,email,0,0,0.0,1
8535,2024-02-05,email,1,0,0.0,0
8536,2024-02-05,email,0,0,0.0,0
8537,2024-02-05,email,1,1,51.9,0
8538,2024-02-05,email,0,0,0.0,1
8539,2024-02-05,email,1,0,0.0,0
8540,2024-02-05,email,1,0,0.0,0
8541,2024-02-05,email,0,0,0.0,1
8542,2024-02-05,email,0,0,0.0,1
8543,2024-02-05,email,0,0,0.0,1
8544,2024-02-05,email,0,0,0.0,1
8545,2024-02-05,email,1,0,0.0,0
8546,2024-02-05,email,0,0,0.0,0
8547,2024-02-05,email,0,0,0.0,0
8548,2024-02-05,email,0,0,0.0,1
8549,2024-02-05,email,0,0,0.0,0
8550,2024-02-05,email,1,0,0.0,0
8551,2024-02-05,email,1,0,0.0,0
8552,2024-02-05,email,0,1,64.42,1
8553,2024-02-05,email,1,0,0.0,0
8554,2024-02-05,email,0,0,0.0,0
8555,2024-02-05,email,1,0,0.0,0
8556,2024-02-05,email,1,0,0.0,0
8557,2024-02-05,email,1,0,0.0,1
8558,2024-02-05,email,1,0,0.0,1
8559,2024-02-05,email,0,0,0.0,1
8560,2024-02-05,email,1,0,0.0,0
8561,2024-02-05,email,0,0,0.0,1
8562,2024-02-05,email,1,0,0.0,0
8563,2024-02-05,email,0,0,0.0,0
8564,2024-02-05,email,0,0,0.0,0
8565,2024-02-05,email,1,0,0.0,0
8566,2024-02-05,email,0,1,44.8,1
8567,2024-02-05,email,1,1,37.54,1
8568,2024-02-05,email,1,0,0.0,1
8569,2024-02-05,email,0,0,0.0,0
8570,2024-02-05,email,0,0,0.0,1
8571,2024-02-05,email,1,0,0.0,0
8572,2024-02-05,email,0,0,0.0,0
8573,2024-02-05,email,1,0,0.0,1
8574,2024-02-05,email,0,0,0.0,1
8575,2024-02-05,email,1,0,0.0,0
8576,2024-02-05,email,1,0,0.0,1
8577,2024-02-05,email,0,0,0.0,0
8578,2024-02-05,email,0,0,0.0,1
8579,2024-02-05,email,1,0,0.0,0
8580,2024-02-05,email,0,0,0.0,0
8581,2024-02-05,email,1,0,0.0,0
8582,2024-02-05,email,0,0,0.0,1
8583,2024-02-05,email,0,0,0.0,1
8584,2024-02-05,email,0,0,0.0,1
8585,2024-02-05,email,1,0,0.0,0
8586,2024-02-05,email,0,0,0.0,1
8587,2024-02-05,email,0,0,0.0,1
8588,2024-02-05,email,1,0,0.0,0
8589,2024-02-05,email,1,0,0.0,0
8590,2024-02-05,email,1,0,0.0,0
8591,2024-02-05,email,1,0,0.0,0
8592,2024-02-05,email,0,0,0.0,1
8593,2024-02-05,email,0,0,0.0,1
8594,2024-02-05,email,1,0,0.0,0
8595,2024-02-05,email,1,0,0.0,0
8596,2024-02-05,email,0,0,0.0,1
8597,2024-02-05,email,0,0,0.0,1
8598,2024-02-05,email,1,0,0.0,0
8599,2024-02-05,email,0,0,0.0,0
8600,2024-02-05,email,0,0,0.0,1
8601,2024-02-05,email,1,1,61.19,0
8602,2024-02-05,email,0,0,0.0,1
8603,2024-02-05,email,1,0,0.0,0
8604,2024-02-05,email,0,0,0.0,0
8605,2024-02-05,email,1,0,0.0,0
8606,2024-02-05,email,1,0,0.0,0
8607,2024-02-05,email,0,0,0.0,1
8608,2024-02-05,email,1,0,0.0,0
8609,2024-02-05,email,1,0,0.0,0
8610,2024-02-05,email,1,0,0.0,0
8611,2024-02-05,email,1,1,82.0,0
8612,2024-02-05,email,0,0,0.0,1
8613,2024-02-05,email,0,0,0.0,1
8614,2024-02-05,email,1,0,0.0,0
8615,2024-02-05,email,0,0,0.0,1
8616,2024-02-05,email,1,0,0.0,0
8617,2024-02-05,email,0,0,0.0,1
8618,2024-02-05,email,1,0,0.0,0
8619,2024-02-05,email,0,0,0.0,1
8620,2024-02-05,email,0,0,0.0,1
8621,2024-02-05,email,0,0,0.0,1
8622,2024-02-05,email,1,0,0.0,1
8623,2024-02-05,email,1,0,0.0,0
8624,2024-02-05,email,0,0,0.0,1
8625,2024-02-05,email,0,0,0.0,1
8626,2024-02-05,email,1,0,0.0,1
8627,2024-02-05,email,1,0,0.0,0
8628,2024-02-05,email,1,0,0.0,0
8629,2024-02-05,email,0,0,0.0,1
8630,2024-02-05,email,0,0,0.0,1
8631,2024-02-05,email,1,0,0.0,0
8632,2024-02-05,email,1,0,0.0,0
8633,2024-02-05,email,0,0,0.0,1
8634,2024-02-05,email,0,0,0.0,1
8635,2024-02-05,email,0,0,0.0,1
8636,2024-02-05,email,1,0,0.0,0
8637,2024-02-05,email,1,0,0.0,0
8638,2024-02-05,email,0,0,0.0,1
8639,2024-02-05,email,1,0,0.0,0
8640,2024-02-05,email,0,0,0.0,1
8641,2024-02-05,email,0,0,0.0,0
8642,2024-02-05,email,1,0,0.0,0
8643,2024-02-05,email,0,0,0.0,1
8644,2024-02-05,email,1,0,0.0,0
8645,2024-02-05,email,1,0,0.0,0
8646,2024-02-05,email,1,0,0.0,0
8647,2024-02-05,email,1,0,0.0,0
8648,2024-02-05,email,1,0,0.0,0
8649,2024-02-05,email,0,0,0.0,1
8650,2024-02-05,email,1,0,0.0,0
8651,2024-02-05,email,1,0,0.0,0
8652,2024-02-05,email,0,0,0.0,1
8653,2024-02-05,email,0,0,0.0,0
8654,2024-02-05,email,1,0,0.0,0
8655,2024-02-05,email,1,1,55.59,0
8656,2024-02-05,email,1,0,0.0,0
8657,2024-02-05,email,1,0,0.0,0
8658,2024-02-05,email,1,0,0.0,1
8659,2024-02-05,email,1,1,22.3,0
8660,2024-02-05,email,0,0,0.0,1
8661,2024-02-05,email,1,0,0.0,0
8662,2024-02-05,email,1,0,0.0,1
8663,2024-02-05,email,0,0,0.0,0
8664,2024-02-05,email,0,0,0.0,1
8665,2024-02-05,email,1,0,0.0,0
8666,2024-02-05,email,1,0,0.0,0
8667,2024-02-05,email,0,0,0.0,0
8668,2024-02-05,email,0,0,0.0,1
8669,2024-02-05,email,0,0,0.0,1
8670,2024-02-05,email,1,0,0.0,0
8671,2024-02-05,email,0,0,0.0,1
8672,2024-02-05,email,0,0,0.0,1
8673,2024-02-05,email,0,0,0.0,1
8674,2024-02-05,email,0,0,0.0,0
8675,2024-02-05,email,1,0,0.0,0
8676,2024-02-05,email,1,0,0.0,0
8677,2024-02-05,email,1,0,0.0,0
8678,2024-02-05,email,0,0,0.0,0
8679,2024-02-05,email,0,0,0.0,1
8680,2024-02-05,email,0,0,0.0,0
8681,2024-02-05,email,1,0,0.0,0
8682,2024-02-05,email,0,0,0.0,1
8683,2024-02-05,email,0,0,0.0,1
8684,2024-02-05,email,0,0,0.0,1
8685,2024-02-05,email,1,0,0.0,0
8686,2024-02-05,email,0,0,0.0,1
8687,2024-02-05,email,0,0,0.0,0
8688,2024-02-05,email,0,0,0.0,1
8689,2024-02-05,email,0,0,0.0,0
8690,2024-02-05,email,0,0,0.0,1
8691,2024-02-05,email,0,0,0.0,0
8692,2024-02-05,email,1,0,0.0,0
8693,2024-02-05,email,1,0,0.0,1
8694,2024-02-05,email,0,0,0.0,1
8695,2024-02-05,email,0,0,0.0,1
8696,2024-02-05,email,0,0,0.0,1
8697,2024-02-05,email,0,0,0.0,1
8698,2024-02-05,email,1,0,0.0,0
8699,2024-02-05,email,1,0,0.0,0
8700,2024-02-05,email,0,1,80.49,1
8701,2024-02-05,email,0,0,0.0,1
8702,2024-02-05,email,1,0,0.0,0
8703,2024-02-05,email,0,0,0.0,1
8704,2024-02-05,email,0,0,0.0,1
8705,2024-02-05,email,1,0,0.0,0
8706,2024-02-05,email,0,0,0.0,1
8707,2024-02-05,email,1,0,0.0,0
8708,2024-02-05,email,1,0,0.0,0
8709,2024-02-05,email,0,0,0.0,1
8710,2024-02-05,email,1,0,0.0,0
8711,2024-02-05,email,0,1,66.43,1
8712,2024-02-05,email,1,0,0.0,1
8713,2024-02-05,email,0,0,0.0,0
8714,2024-02-05,email,1,1,20.9,0
8715,2024-02-05,email,1,0,0.0,0
8716,2024-02-05,email,0,1,86.44,1
8717,2024-02-05,email,0,0,0.0,1
8718,2024-02-05,email,0,0,0.0,1
8719,2024-02-05,email,1,0,0.0,0
8720,2024-02-05,email,1,0,0.0,0
8721,2024-02-05,email,0,0,0.0,0
8722,2024-02-05,email,1,0,0.0,0
8723,2024-02-05,email,0,0,0.0,1
8724,2024-02-05,email,1,0,0.0,0
8725,2024-02-05,email,1,0,0.0,0
8726,2024-02-05,email,0,0,0.0,1
8727,2024-02-05,email,1,0,0.0,0
8728,2024-02-05,email,1,0,0.0,0
8729,2024-02-05,email,0,0,0.0,1
8730,2024-02-05,email,0,0,0.0,1
8731,2024-02-05,email,0,0,0.0,1
8732,2024-02-05,email,1,0,0.0,0
8733,2024-02-05,email,0,0,0.0,1
8734,2024-02-05,email,1,0,0.0,1
8735,2024-02-05,email,1,0,0.0,0
8736,2024-02-05,email,0,0,0.0,1
8737,2024-02-05,email,0,0,0.0,1
8738,2024-02-05,email,1,0,0.0,0
8739,2024-02-05,email,1,0,0.0,1
8740,2024-02-05,email,0,0,0.0,1
8741,2024-02-05,email,0,0,0.0,0
8742,2024-02-05,email,0,0,0.0,0
8743,2024-02-05,email,1,0,0.0,0
8744,2024-02-05,email,0,0,0.0,1
8745,2024-02-05,email,1,0,0.0,0
8746,2024-02-05,email,1,0,0.0,0
8747,2024-02-05,email,0,0,0.0,1
8748,2024-02-05,email,1,0,0.0,0
8749,2024-02-05,email,1,0,0.0,1
8750,2024-02-05,email,1,0,0.0,0
8751,2024-02-05,email,1,0,0.0,0
8752,2024-02-05,email,1,0,0.0,0
8753,2024-02-05,email,0,0,0.0,1
8754,2024-02-05,email,0,0,0.0,1
8755,2024-02-05,email,1,0,0.0,0
8756,2024-02-05,email,1,0,0.0,0
8757,2024-02-05,email,0,0,0.0,1
8758,2024-02-05,email,1,0,0.0,0
8759,2024-02-05,email,0,0,0.0,1
8760,2024-02-05,email,0,0,0.0,1
8761,2024-02-05,email,0,0,0.0,1
8762,2024-02-05,email,1,1,26.49,0
8763,2024-02-05,email,1,0,0.0,0
8764,2024-02-05,email,1,0,0.0,0
8765,2024-02-05,email,1,0,0.0,0
8766,2024-02-05,email,1,0,0.0,0
8767,2024-02-05,email,1,0,0.0,0
8768,2024-02-05,email,0,0,0.0,1
8769,2024-02-05,email,1,0,0.0,0
8770,2024-02-05,email,1,0,0.0,0
8771,2024-02-05,email,0,0,0.0,1
8772,2024-02-05,email,1,0,0.0,1
8773,2024-02-05,email,0,0,0.0,1
8774,2024-02-05,email,0,0,0.0,1
8775,2024-02-05,email,1,0,0.0,0
8776,2024-02-05,email,0,0,0.0,1
8777,2024-02-05,email,0,0,0.0,1
8778,2024-02-05,email,0,0,0.0,0
8779,2024-02-05,email,1,0,0.0,0
8780,2024-02-05,email,1,0,0.0,1
8781,2024-02-05,email,1,0,0.0,0
8782,2024-02-05,email,1,0,0.0,0
8783,2024-02-05,email,1,0,0.0,0
8784,2024-02-05,email,1,0,0.0,0
8785,2024-02-05,email,0,0,0.0,1
8786,2024-02-05,email,0,0,0.0,1
8787,2024-02-05,email,0,0,0.0,1
8788,2024-02-05,email,0,0,0.0,1
8789,2024-02-05,email,0,0,0.0,1
8790,2024-02-05,email,1,0,0.0,0
8791,2024-02-05,email,0,0,0.0,1
8792,2024-02-05,email,1,0,0.0,0
8793,2024-02-05,email,1,0,0.0,0
8794,2024-02-05,email,0,0,0.0,0
8795,2024-02-05,email,0,1,39.08,1
8796,2024-02-05,email,1,0,0.0,0
8797,2024-02-05,email,0,0,0.0,1
8798,2024-02-05,email,1,0,0.0,0
8799,2024-02-05,email,1,0,0.0,0
8800,2024-02-05,email,1,0,0.0,0
8801,2024-02-05,email,1,0,0.0,0
8802,2024-02-05,email,0,1,40.86,1
8803,2024-02-05,email,0,1,39.26,0
8804,2024-02-05,email,1,0,0.0,0
8805,2024-02-05,email,0,0,0.0,1
8806,2024-02-05,email,1,0,0.0,0
8807,2024-02-05,email,0,0,0.0,1
8808,2024-02-05,email,1,0,0.0,0
8809,2024-02-05,email,0,0,0.0,1
8810,2024-02-05,email,1,0,0.0,0
8811,2024-02-05,email,1,0,0.0,0
8812,2024-02-05,email,1,0,0.0,0
8813,2024-02-05,email,0,0,0.0,1
8814,2024-02-05,email,0,0,0.0,1
8815,2024-02-05,email,1,0,0.0,0
8816,2024-02-05,email,1,0,0.0,0
8817,2024-02-05,email,1,0,0.0,0
8818,2024-02-05,email,0,0,0.0,1
8819,2024-02-05,email,0,0,0.0,1
8820,2024-02-05,email,0,0,0.0,0
8821,2024-02-05,email,1,0,0.0,0
8822,2024-02-05,email,1,0,0.0,0
8823,2024-02-05,email,0,0,0.0,1
8824,2024-02-05,email,0,0,0.0,0
8825,2024-02-05,email,0,0,0.0,1
8826,2024-02-05,email,1,0,0.0,1
8827,2024-02-05,email,1,0,0.0,0
8828,2024-02-05,email,1,0,0.0,0
8829,2024-02-05,email,0,0,0.0,1
8830,2024-02-05,email,0,0,0.0,1
8831,2024-02-05,email,0,0,0.0,1
8832,2024-02-05,email,0,0,0.0,0
8833,2024-02-05,email,1,0,0.0,0
8834,2024-02-05,email,1,0,0.0,0
8835,2024-02-05,email,1,0,0.0,0
8836,2024-02-05,email,0,0,0.0,0
8837,2024-02-05,email,1,0,0.0,0
8838,2024-02-05,email,1,0,0.0,0
8839,2024-02-05,email,0,0,0.0,1
8840,2024-02-05,email,1,0,0.0,0
8841,2024-02-05,email,1,0,0.0,0
8842,2024-02-05,email,0,0,0.0,1
8843,2024-02-05,email,1,0,0.0,0
8844,2024-02-05,email,0,0,0.0,1
8845,2024-02-05,email,1,0,0.0,0
8846,2024-02-05,email,1,0,0.0,0
8847,2024-02-05,email,0,0,0.0,1
8848,2024-02-05,email,1,0,0.0,0
8849,2024-02-05,email,0,0,0.0,1
8850,2024-02-05,email,1,0,0.0,0
8851,2024-02-05,email,1,0,0.0,0
8852,2024-02-05,email,1,0,0.0,0
8853,2024-02-05,email,0,0,0.0,1
8854,2024-02-05,email,0,0,0.0,1
8855,2024-02-05,email,0,0,0.0,1
8856,2024-02-05,email,0,0,0.0,1
8857,2024-02-05,email,1,0,0.0,0
8858,2024-02-05,email,0,0,0.0,1
8859,2024-02-05,email,0,0,0.0,1
8860,2024-02-05,email,0,0,0.0,1
8861,2024-02-05,email,1,0,0.0,0
8862,2024-02-05,email,1,0,0.0,0
8863,2024-02-05,email,0,0,0.0,0
8864,2024-02-05,email,0,0,0.0,1
8865,2024-02-05,email,1,0,0.0,0
8866,2024-02-05,email,0,0,0.0,1
8867,2024-02-05,email,0,0,0.0,1
8868,2024-02-05,email,1,0,0.0,0
8869,2024-02-05,email,0,0,0.0,0
8870,2024-02-05,email,0,0,0.0,0
8871,2024-02-05,email,0,0,0.0,0
8872,2024-02-05,email,0,0,0.0,1
8873,2024-02-05,email,0,0,0.0,0
8874,2024-02-05,email,1,0,0.0,1
8875,2024-02-05,email,1,0,0.0,0
8876,2024-02-05,email,1,0,0.0,0
8877,2024-02-05,email,1,0,0.0,0
8878,2024-02-05,email,0,0,0.0,0
8879,2024-02-05,email,0,0,0.0,1
8880,2024-02-05,email,1,0,0.0,0
8881,2024-02-05,email,1,0,0.0,0
8882,2024-02-05,email,1,0,0.0,0
8883,2024-02-05,email,0,0,0.0,1
8884,2024-02-05,email,0,0,0.0,0
8885,2024-02-05,email,1,0,0.0,0
8886,2024-02-05,email,1,1,34.56,0
8887,2024-02-05,email,1,0,0.0,0
8888,2024-02-05,email,0,0,0.0,1
8889,2024-02-05,email,0,0,0.0,0
8890,2024-02-05,email,0,0,0.0,1
8891,2024-02-05,email,1,0,0.0,0
8892,2024-02-05,email,1,0,0.0,0
8893,2024-02-05,email,1,0,0.0,0
8894,2024-02-05,email,1,0,0.0,0
8895,2024-02-05,email,0,0,0.0,1
8896,2024-02-05,email,1,0,0.0,0
8897,2024-02-05,email,1,0,0.0,0
8898,2024-02-05,email,1,0,0.0,0
8899,2024-02-05,email,0,0,0.0,1
8900,2024-02-05,email,1,0,0.0,0
8901,2024-02-05,email,1,0,0.0,0
8902,2024-02-05,email,1,0,0.0,0
8903,2024-02-05,email,1,0,0.0,0
8904,2024-02-05,email,0,0,0.0,1
8905,2024-02-05,email,0,0,0.0,1
8906,2024-02-05,email,1,0,0.0,0
8907,2024-02-05,email,1,0,0.0,0
8908,2024-02-05,email,1,0,0.0,0
8909,2024-02-05,email,1,0,0.0,0
8910,2024-02-05,email,1,0,0.0,0
8911,2024-02-05,email,0,0,0.0,1
8912,2024-02-05,email,0,0,0.0,1
8913,2024-02-05,email,1,0,0.0,0
8914,2024-02-05,email,0,0,0.0,0
8915,2024-02-05,email,1,0,0.0,0
8916,2024-02-05,email,1,0,0.0,0
8917,2024-02-05,email,0,0,0.0,0
8918,2024-02-05,email,0,0,0.0,1
8919,2024-02-05,email,1,0,0.0,0
8920,2024-02-05,email,1,0,0.0,0
8921,2024-02-05,email,1,0,0.0,1
8922,2024-02-05,email,1,0,0.0,1
8923,2024-02-05,email,0,0,0.0,1
8924,2024-02-05,email,0,0,0.0,0
8925,2024-02-05,email,0,0,0.0,1
8926,2024-02-05,email,0,0,0.0,1
8927,2024-02-05,email,0,0,0.0,1
8928,2024-02-05,email,1,0,0.0,0
8929,2024-02-05,email,1,0,0.0,0
8930,2024-02-05,email,1,0,0.0,0
8931,2024-02-05,email,0,0,0.0,1
8932,2024-02-05,email,1,0,0.0,0
8933,2024-02-05,email,0,0,0.0,0
8934,2024-02-05,email,1,0,0.0,0
8935,2024-02-05,email,1,0,0.0,0
8936,2024-02-05,email,0,0,0.0,0
8937,2024-02-05,email,0,0,0.0,0
8938,2024-02-05,email,0,0,0.0,0
8939,2024-02-05,email,0,0,0.0,1
8940,2024-02-05,email,0,0,0.0,1
8941,2024-02-05,email,0,0,0.0,1
8942,2024-02-05,email,1,0,0.0,0
8943,2024-02-05,email,0,0,0.0,1
8944,2024-02-05,email,0,0,0.0,1
8945,2024-02-05,email,0,0,0.0,1
8946,2024-02-05,email,0,0,0.0,1
8947,2024-02-05,email,1,0,0.0,0
8948,2024-02-05,email,0,0,0.0,1
8949,2024-02-05,email,0,0,0.0,1
8950,2024-02-05,email,1,0,0.0,1
8951,2024-02-05,email,1,0,0.0,0
8952,2024-02-05,email,0,0,0.0,0
8953,2024-02-05,email,1,0,0.0,0
8954,2024-02-05,email,1,0,0.0,0
8955,2024-02-05,email,1,0,0.0,0
8956,2024-02-05,email,1,0,0.0,0
8957,2024-02-05,email,0,0,0.0,1
8958,2024-02-05,email,0,0,0.0,1
8959,2024-02-05,email,1,0,0.0,0
8960,2024-02-05,email,0,0,0.0,1
8961,2024-02-05,email,0,0,0.0,0
8962,2024-02-05,email,0,0,0.0,0
8963,2024-02-05,email,0,0,0.0,1
8964,2024-02-05,email,1,0,0.0,0
8965,2024-02-05,email,1,0,0.0,0
8966,2024-02-05,email,1,0,0.0,0
8967,2024-02-05,email,1,0,0.0,0
8968,2024-02-05,email,0,0,0.0,1
8969,2024-02-05,email,0,0,0.0,1
8970,2024-02-05,email,1,0,0.0,0
8971,2024-02-05,email,1,0,0.0,0
8972,2024-02-05,email,0,0,0.0,1
8973,2024-02-05,email,1,0,0.0,0
8974,2024-02-05,email,0,0,0.0,0
8975,2024-02-05,email,0,0,0.0,1
8976,2024-02-05,email,0,0,0.0,1
8977,2024-02-05,email,0,1,41.47,0
8978,2024-02-05,email,0,1,13.35,0
8979,2024-02-05,email,1,0,0.0,0
8980,2024-02-05,email,1,0,0.0,0
8981,2024-02-05,email,0,0,0.0,1
8982,2024-02-05,email,1,0,0.0,0
8983,2024-02-05,email,1,0,0.0,0
8984,2024-02-05,email,1,0,0.0,0
8985,2024-02-05,email,0,0,0.0,0
8986,2024-02-05,email,1,0,0.0,0
8987,2024-02-05,email,1,1,34.18,0
8988,2024-02-05,email,0,0,0.0,1
8989,2024-02-05,email,1,0,0.0,0
8990,2024-02-05,email,0,0,0.0,1
8991,2024-02-05,email,1,0,0.0,0
8992,2024-02-05,email,0,0,0.0,1
8993,2024-02-05,email,1,0,0.0,0
8994,2024-02-05,email,1,1,36.94,0
8995,2024-02-05,email,1,0,0.0,0
8996,2024-02-05,email,0,0,0.0,1
8997,2024-02-05,email,1,0,0.0,0
8998,2024-02-05,email,1,0,0.0,0
8999,2024-02-05,email,1,0,0.0,0
9000,2024-02-05,email,0,0,0.0,0
9001,2024-02-12,email,1,1,32.21,0
9002,2024-02-12,email,1,0,0.0,0
9003,2024-02-12,email,1,0,0.0,0
9004,2024-02-12,email,0,0,0.0,0
9005,2024-02-12,email,0,0,0.0,0
9006,2024-02-12,email,0,0,0.0,1
9007,2024-02-12,email,1,0,0.0,0
9008,2024-02-12,email,1,0,0.0,0
9009,2024-02-12,email,0,0,0.0,1
9010,2024-02-12,email,0,0,0.0,1
9011,2024-02-12,email,1,0,0.0,0
9012,2024-02-12,email,0,0,0.0,1
9013,2024-02-12,email,0,0,0.0,1
9014,2024-02-12,email,0,0,0.0,1
9015,2024-02-12,email,1,0,0.0,0
9016,2024-02-12,email,0,0,0.0,1
9017,2024-02-12,email,0,0,0.0,1
9018,2024-02-12,email,0,0,0.0,1
9019,2024-02-12,email,0,0,0.0,1
9020,2024-02-12,email,0,0,0.0,0
9021,2024-02-12,email,1,0,0.0,0
9022,2024-02-12,email,0,0,0.0,1
9023,2024-02-12,email,1,0,0.0,1
9024,2024-02-12,email,0,0,0.0,1
9025,2024-02-12,email,0,0,0.0,1
9026,2024-02-12,email,1,0,0.0,0
9027,2024-02-12,email,1,1,36.03,0
9028,2024-02-12,email,1,0,0.0,0
9029,2024-02-12,email,1,0,0.0,0
9030,2024-02-12,email,1,0,0.0,1
9031,2024-02-12,email,1,0,0.0,0
9032,2024-02-12,email,1,0,0.0,0
9033,2024-02-12,email,0,0,0.0,1
9034,2024-02-12,email,0,0,0.0,1
9035,2024-02-12,email,1,0,0.0,0
9036,2024-02-12,email,1,0,0.0,0
9037,2024-02-12,email,1,0,0.0,0
9038,2024-02-12,email,1,0,0.0,0
9039,2024-02-12,email,1,0,0.0,0
9040,2024-02-12,email,0,0,0.0,1
9041,2024-02-12,email,1,0,0.0,0
9042,2024-02-12,email,1,0,0.0,0
9043,2024-02-12,email,1,0,0.0,0
9044,2024-02-12,email,1,0,0.0,0
9045,2024-02-12,email,1,0,0.0,0
9046,2024-02-12,email,1,0,0.0,0
9047,2024-02-12,email,1,1,26.5,1
9048,2024-02-12,email,0,0,0.0,1
9049,2024-02-12,email,1,1,73.83,0
9050,2024-02-12,email,0,0,0.0,1
9051,2024-02-12,email,1,0,0.0,0
9052,2024-02-12,email,0,0,0.0,1
9053,2024-02-12,email,0,0,0.0,0
9054,2024-02-12,email,1,0,0.0,0
9055,2024-02-12,email,1,0,0.0,1
9056,2024-02-12,email,0,0,0.0,1
9057,2024-02-12,email,0,0,0.0,1
9058,2024-02-12,email,0,0,0.0,1
9059,2024-02-12,email,1,0,0.0,1
9060,2024-02-12,email,0,0,0.0,1
9061,2024-02-12,email,1,0,0.0,0
9062,2024-02-12,email,1,0,0.0,0
9063,2024-02-12,email,0,0,0.0,1
9064,2024-02-12,email,1,0,0.0,0
9065,2024-02-12,email,1,0,0.0,0
9066,2024-02-12,email,0,0,0.0,1
9067,2024-02-12,email,0,0,0.0,1
9068,2024-02-12,email,0,0,0.0,0
9069,2024-02-12,email,0,0,0.0,1
9070,2024-02-12,email,0,0,0.0,0
9071,2024-02-12,email,0,0,0.0,1
9072,2024-02-12,email,0,0,0.0,1
9073,2024-02-12,email,0,1,51.87,1
9074,2024-02-12,email,1,0,0.0,0
9075,2024-02-12,email,1,0,0.0,0
9076,2024-02-12,email,1,1,58.93,0
9077,2024-02-12,email,1,0,0.0,0
9078,2024-02-12,email,0,0,0.0,1
9079,2024-02-12,email,0,0,0.0,1
9080,2024-02-12,email,0,0,0.0,1
9081,2024-02-12,email,1,0,0.0,1
9082,2024-02-12,email,0,0,0.0,1
9083,2024-02-12,email,0,0,0.0,1
9084,2024-02-12,email,1,0,0.0,1
9085,2024-02-12,email,1,0,0.0,0
9086,2024-02-12,email,1,0,0.0,0
9087,2024-02-12,email,1,0,0.0,0
9088,2024-02-12,email,1,0,0.0,0
9089,2024-02-12,email,0,0,0.0,1
9090,2024-02-12,email,0,0,0.0,0
9091,2024-02-12,email,1,1,40.33,1
9092,2024-02-12,email,0,0,0.0,0
9093,2024-02-12,email,1,0,0.0,0
9094,2024-02-12,email,0,0,0.0,1
9095,2024-02-12,email,0,0,0.0,1
9096,2024-02-12,email,1,1,51.21,0
9097,2024-02-12,email,1,1,51.77,0
9098,2024-02-12,email,1,0,0.0,0
9099,2024-02-12,email,1,0,0.0,0
9100,2024-02-12,email,0,0,0.0,0
9101,2024-02-12,email,0,0,0.0,0
9102,2024-02-12,email,1,0,0.0,0
9103,2024-02-12,email,0,0,0.0,1
9104,2024-02-12,email,1,0,0.0,0
9105,2024-02-12,email,0,0,0.0,1
9106,2024-02-12,email,1,0,0.0,0
9107,2024-02-12,email,0,0,0.0,1
9108,2024-02-12,email,1,0,0.0,0
9109,2024-02-12,email,1,0,0.0,0
9110,2024-02-12,email,0,0,0.0,1
9111,2024-02-12,email,0,0,0.0,1
9112,2024-02-12,email,1,0,0.0,0
9113,2024-02-12,email,1,0,0.0,0
9114,2024-02-12,email,1,0,0.0,0
9115,2024-02-12,email,0,0,0.0,0
9116,2024-02-12,email,0,0,0.0,1
9117,2024-02-12,email,0,0,0.0,1
9118,2024-02-12,email,0,0,0.0,1
9119,2024-02-12,email,0,0,0.0,0
9120,2024-02-12,email,1,0,0.0,0
9121,2024-02-12,email,0,0,0.0,1
9122,2024-02-12,email,0,0,0.0,0
9123,2024-02-12,email,0,0,0.0,1
9124,2024-02-12,email,1,0,0.0,0
9125,2024-02-12,email,0,0,0.0,1
9126,2024-02-12,email,0,0,0.0,0
9127,2024-02-12,email,1,0,0.0,1
9128,2024-02-12,email,1,0,0.0,0
9129,2024-02-12,email,1,0,0.0,0
9130,2024-02-12,email,0,0,0.0,0
9131,2024-02-12,email,0,0,0.0,1
9132,2024-02-12,email,0,0,0.0,0
9133,2024-02-12,email,0,0,0.0,1
9134,2024-02-12,email,1,0,0.0,0
9135,2024-02-12,email,1,0,0.0,0
9136,2024-02-12,email,0,0,0.0,0
9137,2024-02-12,email,0,0,0.0,1
9138,2024-02-12,email,1,0,0.0,0
9139,2024-02-12,email,0,0,0.0,1
9140,2024-02-12,email,1,0,0.0,0
9141,2024-02-12,email,1,0,0.0,1
9142,2024-02-12,email,0,0,0.0,1
9143,2024-02-12,email,0,0,0.0,0
9144,2024-02-12,email,1,0,0.0,0
9145,2024-02-12,email,1,0,0.0,0
9146,2024-02-12,email,1,0,0.0,0
9147,2024-02-12,email,0,0,0.0,1
9148,2024-02-12,email,1,0,0.0,0
9149,2024-02-12,email,1,0,0.0,0
9150,2024-02-12,email,1,0,0.0,0
9151,2024-02-12,email,1,0,0.0,0
9152,2024-02-12,email,0,0,0.0,0
9153,2024-02-12,email,1,0,0.0,0
9154,2024-02-12,email,0,0,0.0,1
9155,2024-02-12,email,1,0,0.0,0
9156,2024-02-12,email,1,0,0.0,0
9157,2024-02-12,email,1,0,0.0,0
9158,2024-02-12,email,0,0,0.0,1
9159,2024-02-12,email,0,0,0.0,1
9160,2024-02-12,email,0,0,0.0,1
9161,2024-02-12,email,1,0,0.0,0
9162,2024-02-12,email,0,0,0.0,1
9163,2024-02-12,email,1,0,0.0,0
9164,2024-02-12,email,0,0,0.0,0
9165,2024-02-12,email,1,0,0.0,0
9166,2024-02-12,email,0,0,0.0,0
9167,2024-02-12,email,0,0,0.0,1
9168,2024-02-12,email,0,0,0.0,0
9169,2024-02-12,email,1,0,0.0,0
9170,2024-02-12,email,0,0,0.0,1
9171,2024-02-12,email,1,0,0.0,0
9172,2024-02-12,email,0,0,0.0,1
9173,2024-02-12,email,1,0,0.0,0
9174,2024-02-12,email,0,0,0.0,1
9175,2024-02-12,email,1,0,0.0,0
9176,2024-02-12,email,1,0,0.0,0
9177,2024-02-12,email,0,0,0.0,1
9178,2024-02-12,email,1,0,0.0,0
9179,2024-02-12,email,1,0,0.0,0
9180,2024-02-12,email,1,0,0.0,0
9181,2024-02-12,email,1,0,0.0,0
9182,2024-02-12,email,0,0,0.0,0
9183,2024-02-12,email,1,1,42.04,0
9184,2024-02-12,email,1,0,0.0,1
9185,2024-02-12,email,0,0,0.0,1
9186,2024-02-12,email,1,0,0.0,0
9187,2024-02-12,email,1,0,0.0,0
9188,2024-02-12,email,1,0,0.0,0
9189,2024-02-12,email,0,0,0.0,0
9190,2024-02-12,email,1,0,0.0,0
9191,2024-02-12,email,1,0,0.0,0
9192,2024-02-12,email,0,0,0.0,1
9193,2024-02-12,email,0,0,0.0,0
9194,2024-02-12,email,1,0,0.0,0
9195,2024-02-12,email,0,0,0.0,1
9196,2024-02-12,email,1,0,0.0,0
9197,2024-02-12,email,0,0,0.0,1
9198,2024-02-12,email,1,0,0.0,0
9199,2024-02-12,email,1,0,0.0,0
9200,2024-02-12,email,0,0,0.0,1
9201,2024-02-12,email,0,0,0.0,1
9202,2024-02-12,email,1,0,0.0,0
9203,2024-02-12,email,0,0,0.0,1
9204,2024-02-12,email,0,0,0.0,1
9205,2024-02-12,email,0,0,0.0,1
9206,2024-02-12,email,1,0,0.0,0
9207,2024-02-12,email,1,1,100.53,0
9208,2024-02-12,email,0,0,0.0,0
9209,2024-02-12,email,0,0,0.0,1
9210,2024-02-12,email,0,0,0.0,1
9211,2024-02-12,email,1,0,0.0,0
9212,2024-02-12,email,1,0,0.0,0
9213,2024-02-12,email,1,0,0.0,0
9214,2024-02-12,email,0,0,0.0,1
9215,2024-02-12,email,0,0,0.0,1
9216,2024-02-12,email,1,0,0.0,0
9217,2024-02-12,email,0,0,0.0,1
9218,2024-02-12,email,0,0,0.0,1
9219,2024-02-12,email,1,0,0.0,0
9220,2024-02-12,email,0,0,0.0,1
9221,2024-02-12,email,1,0,0.0,0
9222,2024-02-12,email,1,0,0.0,0
9223,2024-02-12,email,0,0,0.0,1
9224,2024-02-12,email,0,0,0.0,1
9225,2024-02-12,email,1,0,0.0,0
9226,2024-02-12,email,0,0,0.0,1
9227,2024-02-12,email,0,0,0.0,1
9228,2024-02-12,email,0,0,0.0,0
9229,2024-02-12,email,1,0,0.0,0
9230,2024-02-12,email,0,0,0.0,1
9231,2024-02-12,email,1,0,0.0,0
9232,2024-02-12,email,1,0,0.0,0
9233,2024-02-12,email,0,0,0.0,1
9234,2024-02-12,email,0,0,0.0,1
9235,2024-02-12,email,1,0,0.0,0
9236,2024-02-12,email,1,0,0.0,0
9237,2024-02-12,email,0,0,0.0,1
9238,2024-02-12,email,1,0,0.0,0
9239,2024-02-12,email,1,0,0.0,0
9240,2024-02-12,email,1,0,0.0,0
9241,2024-02-12,email,0,0,0.0,1
9242,2024-02-12,email,1,0,0.0,0
9243,2024-02-12,email,1,0,0.0,0
9244,2024-02-12,email,1,0,0.0,0
9245,2024-02-12,email,0,0,0.0,1
9246,2024-02-12,email,0,0,0.0,1
9247,2024-02-12,email,0,0,0.0,0
9248,2024-02-12,email,1,0,0.0,0
9249,2024-02-12,email,1,0,0.0,1
9250,2024-02-12,email,1,0,0.0,0
9251,2024-02-12,email,1,0,0.0,0
9252,2024-02-12,email,0,0,0.0,0
9253,2024-02-12,email,1,0,0.0,0
9254,2024-02-12,email,1,1,29.54,0
9255,2024-02-12,email,1,0,0.0,0
9256,2024-02-12,email,1,0,0.0,0
9257,2024-02-12,email,1,0,0.0,0
9258,2024-02-12,email,1,0,0.0,0
9259,2024-02-12,email,1,0,0.0,0
9260,2024-02-12,email,1,0,0.0,0
9261,2024-02-12,email,0,0,0.0,1
9262,2024-02-12,email,1,0,0.0,0
9263,2024-02-12,email,0,0,0.0,0
9264,2024-02-12,email,0,0,0.0,1
9265,2024-02-12,email,0,0,0.0,0
9266,2024-02-12,email,1,0,0.0,0
9267,2024-02-12,email,0,0,0.0,1
9268,2024-02-12,email,0,0,0.0,0
9269,2024-02-12,email,0,0,0.0,1
9270,2024-02-12,email,1,0,0.0,1
9271,2024-02-12,email,0,0,0.0,0
9272,2024-02-12,email,1,0,0.0,1
9273,2024-02-12,email,0,0,0.0,0
9274,2024-02-12,email,1,0,0.0,0
9275,2024-02-12,email,0,0,0.0,1
9276,2024-02-12,email,1,0,0.0,1
9277,2024-02-12,email,1,0,0.0,0
9278,2024-02-12,email,0,0,0.0,1
9279,2024-02-12,email,1,0,0.0,0
9280,2024-02-12,email,0,0,0.0,1
9281,2024-02-12,email,0,0,0.0,1
9282,2024-02-12,email,0,0,0.0,0
9283,2024-02-12,email,1,0,0.0,0
9284,2024-02-12,email,1,0,0.0,0
9285,2024-02-12,email,0,0,0.0,0
9286,2024-02-12,email,1,0,0.0,0
9287,2024-02-12,email,0,0,0.0,1
9288,2024-02-12,email,1,0,0.0,0
9289,2024-02-12,email,1,0,0.0,0
9290,2024-02-12,email,0,0,0.0,1
9291,2024-02-12,email,0,0,0.0,1
9292,2024-02-12,email,1,0,0.0,0
9293,2024-02-12,email,1,0,0.0,0
9294,2024-02-12,email,0,0,0.0,1
9295,2024-02-12,email,1,0,0.0,0
9296,2024-02-12,email,0,0,0.0,1
9297,2024-02-12,email,0,0,0.0,0
9298,2024-02-12,email,0,0,0.0,1
9299,2024-02-12,email,0,0,0.0,1
9300,2024-02-12,email,0,0,0.0,0
9301,2024-02-12,email,0,0,0.0,1
9302,2024-02-12,email,0,0,0.0,1
9303,2024-02-12,email,1,0,0.0,0
9304,2024-02-12,email,1,0,0.0,0
9305,2024-02-12,email,0,0,0.0,1
9306,2024-02-12,email,0,1,22.28,1
9307,2024-02-12,email,1,0,0.0,0
9308,2024-02-12,email,0,1,70.31,0
9309,2024-02-12,email,1,0,0.0,0
9310,2024-02-12,email,0,0,0.0,1
9311,2024-02-12,email,1,0,0.0,0
9312,2024-02-12,email,1,0,0.0,0
9313,2024-02-12,email,1,0,0.0,0
9314,2024-02-12,email,1,0,0.0,0
9315,2024-02-12,email,1,1,46.13,0
9316,2024-02-12,email,1,0,0.0,0
9317,2024-02-12,email,0,0,0.0,1
9318,2024-02-12,email,1,0,0.0,1
9319,2024-02-12,email,1,0,0.0,0
9320,2024-02-12,email,0,0,0.0,1
9321,2024-02-12,email,0,0,0.0,0
9322,2024-02-12,email,0,0,0.0,1
9323,2024-02-12,email,0,0,0.0,1
9324,2024-02-12,email,1,0,0.0,1
9325,2024-02-12,email,1,0,0.0,0
9326,2024-02-12,email,0,0,0.0,0
9327,2024-02-12,email,1,1,36.43,0
9328,2024-02-12,email,0,0,0.0,1
9329,2024-02-12,email,0,0,0.0,1
9330,2024-02-12,email,1,0,0.0,0
9331,2024-02-12,email,0,0,0.0,1
9332,2024-02-12,email,0,0,0.0,1
9333,2024-02-12,email,0,0,0.0,0
9334,2024-02-12,email,0,0,0.0,1
9335,2024-02-12,email,0,0,0.0,1
9336,2024-02-12,email,1,0,0.0,0
9337,2024-02-12,email,0,0,0.0,1
9338,2024-02-12,email,0,0,0.0,1
9339,2024-02-12,email,1,0,0.0,0
9340,2024-02-12,email,1,0,0.0,0
9341,2024-02-12,email,0,0,0.0,1
9342,2024-02-12,email,0,0,0.0,1
9343,2024-02-12,email,1,0,0.0,0
9344,2024-02-12,email,1,0,0.0,0
9345,2024-02-12,email,1,0,0.0,0
9346,2024-02-12,email,1,0,0.0,0
9347,2024-02-12,email,1,0,0.0,0
9348,2024-02-12,email,1,0,0.0,0
9349,2024-02-12,email,0,0,0.0,1
9350,2024-02-12,email,0,0,0.0,1
9351,2024-02-12,email,0,0,0.0,1
9352,2024-02-12,email,0,0,0.0,0
9353,2024-02-12,email,1,0,0.0,0
9354,2024-02-12,email,1,1,54.83,0
9355,2024-02-12,email,0,0,0.0,1
9356,2024-02-12,email,1,0,0.0,0
9357,2024-02-12,email,0,0,0.0,1
9358,2024-02-12,email,1,0,0.0,0
9359,2024-02-12,email,0,0,0.0,1
9360,2024-02-12,email,1,0,0.0,1
9361,2024-02-12,email,1,0,0.0,0
9362,2024-02-12,email,1,0,0.0,0
9363,2024-02-12,email,1,0,0.0,0
9364,2024-02-12,email,1,0,0.0,0
9365,2024-02-12,email,1,0,0.0,0
9366,2024-02-12,email,0,0,0.0,0
9367,2024-02-12,email,0,0,0.0,1
9368,2024-02-12,email,1,1,42.57,1
9369,2024-02-12,email,1,1,49.71,0
9370,2024-02-12,email,0,0,0.0,1
9371,2024-02-12,email,0,1,56.38,1
9372,2024-02-12,email,1,0,0.0,0
9373,2024-02-12,email,1,0,0.0,0
9374,2024-02-12,email,0,0,0.0,0
9375,2024-02-12,email,1,0,0.0,0
9376,2024-02-12,email,1,0,0.0,0
9377,2024-02-12,email,0,0,0.0,1
9378,2024-02-12,email,1,0,0.0,0
9379,2024-02-12,email,0,0,0.0,0
9380,2024-02-12,email,1,0,0.0,0
9381,2024-02-12,email,1,0,0.0,0
9382,2024-02-12,email,1,0,0.0,0
9383,2024-02-12,email,1,0,0.0,0
9384,2024-02-12,email,1,0,0.0,0
9385,2024-02-12,email,1,0,0.0,0
9386,2024-02-12,email,1,0,0.0,0
9387,2024-02-12,email,1,0,0.0,0
9388,2024-02-12,email,0,0,0.0,1
9389,2024-02-12,email,1,0,0.0,0
9390,2024-02-12,email,0,0,0.0,1
9391,2024-02-12,email,0,0,0.0,1
9392,2024-02-12,email,1,0,0.0,0
9393,2024-02-12,email,1,0,0.0,0
9394,2024-02-12,email,0,0,0.0,1
9395,2024-02-12,email,1,0,0.0,0
9396,2024-02-12,email,1,0,0.0,0
9397,2024-02-12,email,1,0,0.0,0
9398,2024-02-12,email,1,1,41.33,0
9399,2024-02-12,email,1,0,0.0,0
9400,2024-02-12,email,1,0,0.0,0
9401,2024-02-12,email,1,0,0.0,0
9402,2024-02-12,email,1,0,0.0,0
9403,2024-02-12,email,0,0,0.0,1
9404,2024-02-12,email,1,1,35.62,0
9405,2024-02-12,email,0,0,0.0,1
9406,2024-02-12,email,1,0,0.0,1
9407,2024-02-12,email,1,0,0.0,0
9408,2024-02-12,email,1,0,0.0,0
9409,2024-02-12,email,0,0,0.0,1
9410,2024-02-12,email,0,0,0.0,0
9411,2024-02-12,email,0,0,0.0,1
9412,2024-02-12,email,0,0,0.0,1
9413,2024-02-12,email,0,0,0.0,1
9414,2024-02-12,email,0,0,0.0,1
9415,2024-02-12,email,1,0,0.0,0
9416,2024-02-12,email,1,0,0.0,0
9417,2024-02-12,email,0,0,0.0,1
9418,2024-02-12,email,1,0,0.0,0
9419,2024-02-12,email,1,1,64.0,0
9420,2024-02-12,email,1,0,0.0,0
9421,2024-02-12,email,1,0,0.0,0
9422,2024-02-12,email,1,0,0.0,0
9423,2024-02-12,email,0,0,0.0,1
9424,2024-02-12,email,0,0,0.0,1
9425,2024-02-12,email,1,0,0.0,1
9426,2024-02-12,email,1,0,0.0,0
9427,2024-02-12,email,1,0,0.0,0
9428,2024-02-12,email,1,0,0.0,0
9429,2024-02-12,email,1,0,0.0,0
9430,2024-02-12,email,0,0,0.0,0
9431,2024-02-12,email,1,0,0.0,1
9432,2024-02-12,email,1,0,0.0,1
9433,2024-02-12,email,1,0,0.0,0
9434,2024-02-12,email,0,0,0.0,0
9435,2024-02-12,email,1,0,0.0,0
9436,2024-02-12,email,1,0,0.0,0
9437,2024-02-12,email,0,0,0.0,1
9438,2024-02-12,email,1,0,0.0,0
9439,2024-02-12,email,0,0,0.0,1
9440,2024-02-12,email,1,0,0.0,0
9441,2024-02-12,email,0,0,0.0,1
9442,2024-02-12,email,0,0,0.0,1
9443,2024-02-12,email,0,0,0.0,0
9444,2024-02-12,email,0,0,0.0,0
9445,2024-02-12,email,1,0,0.0,0
9446,2024-02-12,email,1,0,0.0,0
9447,2024-02-12,email,1,0,0.0,0
9448,2024-02-12,email,1,0,0.0,0
9449,2024-02-12,email,1,0,0.0,1
9450,2024-02-12,email,0,0,0.0,1
9451,2024-02-12,email,1,0,0.0,0
9452,2024-02-12,email,1,0,0.0,1
9453,2024-02-12,email,1,0,0.0,1
9454,2024-02-12,email,0,0,0.0,0
9455,2024-02-12,email,0,0,0.0,1
9456,2024-02-12,email,1,0,0.0,0
9457,2024-02-12,email,1,0,0.0,0
9458,2024-02-12,email,1,0,0.0,0
9459,2024-02-12,email,1,0,0.0,0
9460,2024-02-12,email,0,0,0.0,0
9461,2024-02-12,email,0,0,0.0,1
9462,2024-02-12,email,0,0,0.0,0
9463,2024-02-12,email,0,0,0.0,1
9464,2024-02-12,email,1,0,0.0,0
9465,2024-02-12,email,0,0,0.0,1
9466,2024-02-12,email,1,0,0.0,0
9467,2024-02-12,email,0,0,0.0,1
9468,2024-02-12,email,0,0,0.0,1
9469,2024-02-12,email,1,0,0.0,0
9470,2024-02-12,email,0,0,0.0,1
9471,2024-02-12,email,0,0,0.0,1
9472,2024-02-12,email,1,0,0.0,0
9473,2024-02-12,email,0,0,0.0,0
9474,2024-02-12,email,1,0,0.0,0
9475,2024-02-12,email,0,0,0.0,0
9476,2024-02-12,email,0,0,0.0,0
9477,2024-02-12,email,0,0,0.0,1
9478,2024-02-12,email,0,0,0.0,1
9479,2024-02-12,email,0,0,0.0,0
9480,2024-02-12,email,0,0,0.0,1
9481,2024-02-12,email,0,0,0.0,1
9482,2024-02-12,email,1,0,0.0,0
9483,2024-02-12,email,0,0,0.0,0
9484,2024-02-12,email,0,0,0.0,1
9485,2024-02-12,email,0,0,0.0,1
9486,2024-02-12,email,1,0,0.0,1
9487,2024-02-12,email,0,0,0.0,1
9488,2024-02-12,email,1,0,0.0,0
9489,2024-02-12,email,0,0,0.0,1
9490,2024-02-12,email,1,0,0.0,0
9491,2024-02-12,email,1,0,0.0,0
9492,2024-02-12,email,1,0,0.0,0
9493,2024-02-12,email,0,0,0.0,1
9494,2024-02-12,email,0,0,0.0,1
9495,2024-02-12,email,1,0,0.0,1
9496,2024-02-12,email,1,0,0.0,0
9497,2024-02-12,email,1,0,0.0,0
9498,2024-02-12,email,1,1,25.32,0
9499,2024-02-12,email,1,0,0.0,0
9500,2024-02-12,email,1,0,0.0,0
9501,2024-02-12,email,0,0,0.0,1
9502,2024-02-12,email,1,0,0.0,0
9503,2024-02-12,email,1,0,0.0,0
9504,2024-02-12,email,1,0,0.0,0
9505,2024-02-12,email,1,0,0.0,0
9506,2024-02-12,email,1,0,0.0,1
9507,2024-02-12,email,0,0,0.0,1
9508,2024-02-12,email,1,0,0.0,0
9509,2024-02-12,email,1,0,0.0,0
9510,2024-02-12,email,0,0,0.0,0
9511,2024-02-12,email,0,0,0.0,1
9512,2024-02-12,email,1,0,0.0,0
9513,2024-02-12,email,0,0,0.0,1
9514,2024-02-12,email,0,0,0.0,1
9515,2024-02-12,email,0,0,0.0,1
9516,2024-02-12,email,0,0,0.0,1
9517,2024-02-12,email,1,1,106.6,0
9518,2024-02-12,email,1,0,0.0,0
9519,2024-02-12,email,1,0,0.0,0
9520,2024-02-12,email,0,0,0.0,1
9521,2024-02-12,email,1,0,0.0,0
9522,2024-02-12,email,0,0,0.0,1
9523,2024-02-12,email,1,0,0.0,0
9524,2024-02-12,email,0,0,0.0,0
9525,2024-02-12,email,0,1,73.25,1
9526,2024-02-12,email,1,0,0.0,0
9527,2024-02-12,email,0,0,0.0,0
9528,2024-02-12,email,0,0,0.0,0
9529,2024-02-12,email,1,0,0.0,0
9530,2024-02-12,email,0,0,0.0,0
9531,2024-02-12,email,0,0,0.0,1
9532,2024-02-12,email,0,0,0.0,1
9533,2024-02-12,email,0,0,0.0,1
9534,2024-02-12,email,0,0,0.0,1
9535,2024-02-12,email,0,0,0.0,0
9536,2024-02-12,email,0,0,0.0,1
9537,2024-02-12,email,1,0,0.0,0
9538,2024-02-12,email,0,0,0.0,0
9539,2024-02-12,email,0,0,0.0,1
9540,2024-02-12,email,1,1,28.29,1
9541,2024-02-12,email,1,0,0.0,0
9542,2024-02-12,email,1,0,0.0,0
9543,2024-02-12,email,0,0,0.0,1
9544,2024-02-12,email,0,0,0.0,0
9545,2024-02-12,email,1,0,0.0,0
9546,2024-02-12,email,1,1,52.02,0
9547,2024-02-12,email,1,0,0.0,0
9548,2024-02-12,email,1,1,48.65,0
9549,2024-02-12,email,1,0,0.0,0
9550,2024-02-12,email,0,0,0.0,1
9551,2024-02-12,email,1,1,51.03,0
9552,2024-02-12,email,0,0,0.0,0
9553,2024-02-12,email,1,0,0.0,0
9554,2024-02-12,email,1,0,0.0,0
9555,2024-02-12,email,1,0,0.0,0
9556,2024-02-12,email,1,0,0.0,0
9557,2024-02-12,email,1,0,0.0,0
9558,2024-02-12,email,0,0,0.0,1
9559,2024-02-12,email,0,0,0.0,0
9560,2024-02-12,email,0,0,0.0,0
9561,2024-02-12,email,0,0,0.0,1
9562,2024-02-12,email,1,0,0.0,0
9563,2024-02-12,email,0,0,0.0,1
9564,2024-02-12,email,1,0,0.0,0
9565,2024-02-12,email,1,0,0.0,0
9566,2024-02-12,email,0,0,0.0,1
9567,2024-02-12,email,1,1,33.56,0
9568,2024-02-12,email,0,1,47.43,1
9569,2024-02-12,email,0,0,0.0,0
9570,2024-02-12,email,0,0,0.0,1
9571,2024-02-12,email,0,0,0.0,0
9572,2024-02-12,email,1,0,0.0,0
9573,2024-02-12,email,0,0,0.0,1
9574,2024-02-12,email,0,0,0.0,0
9575,2024-02-12,email,0,0,0.0,0
9576,2024-02-12,email,0,0,0.0,0
9577,2024-02-12,email,0,0,0.0,1
9578,2024-02-12,email,0,0,0.0,1
9579,2024-02-12,email,1,0,0.0,0
9580,2024-02-12,email,0,0,0.0,0
9581,2024-02-12,email,1,0,0.0,0
9582,2024-02-12,email,1,1,33.42,0
9583,2024-02-12,email,0,0,0.0,0
9584,2024-02-12,email,1,0,0.0,0
9585,2024-02-12,email,1,0,0.0,0
9586,2024-02-12,email,0,0,0.0,0
9587,2024-02-12,email,0,0,0.0,0
9588,2024-02-12,email,1,0,0.0,0
9589,2024-02-12,email,1,0,0.0,0
9590,2024-02-12,email,1,0,0.0,0
9591,2024-02-12,email,1,0,0.0,0
9592,2024-02-12,email,1,0,0.0,0
9593,2024-02-12,email,1,0,0.0,0
9594,2024-02-12,email,1,0,0.0,0
9595,2024-02-12,email,0,0,0.0,0
9596,2024-02-12,email,1,0,0.0,1
9597,2024-02-12,email,0,0,0.0,1
9598,2024-02-12,email,0,0,0.0,1
9599,2024-02-12,email,1,0,0.0,0
9600,2024-02-12,email,0,0,0.0,0
9601,2024-02-12,email,1,0,0.0,1
9602,2024-02-12,email,0,0,0.0,1
9603,2024-02-12,email,0,0,0.0,1
9604,2024-02-12,email,1,0,0.0,1
9605,2024-02-12,email,1,0,0.0,0
9606,2024-02-12,email,1,0,0.0,0
9607,2024-02-12,email,0,0,0.0,0
9608,2024-02-12,email,0,0,0.0,1
9609,2024-02-12,email,0,0,0.0,1
9610,2024-02-12,email,0,0,0.0,1
9611,2024-02-12,email,0,0,0.0,0
9612,2024-02-12,email,1,0,0.0,0
9613,2024-02-12,email,1,0,0.0,0
9614,2024-02-12,email,1,0,0.0,0
9615,2024-02-12,email,1,0,0.0,0
9616,2024-02-12,email,1,0,0.0,0
9617,2024-02-12,email,1,0,0.0,0
9618,2024-02-12,email,0,0,0.0,1
9619,2024-02-12,email,0,0,0.0,0
9620,2024-02-12,email,1,0,0.0,0
9621,2024-02-12,email,1,0,0.0,0
9622,2024-02-12,email,0,0,0.0,1
9623,2024-02-12,email,1,0,0.0,0
9624,2024-02-12,email,0,0,0.0,1
9625,2024-02-12,email,1,0,0.0,0
9626,2024-02-12,email,1,0,0.0,0
9627,2024-02-12,email,0,0,0.0,1
9628,2024-02-12,email,1,0,0.0,0
9629,2024-02-12,email,1,0,0.0,0
9630,2024-02-12,email,0,0,0.0,1
9631,2024-02-12,email,0,0,0.0,1
9632,2024-02-12,email,0,0,0.0,0
9633,2024-02-12,email,0,0,0.0,1
9634,2024-02-12,email,0,0,0.0,1
9635,2024-02-12,email,0,0,0.0,1
9636,2024-02-12,email,1,0,0.0,0
9637,2024-02-12,email,1,0,0.0,0
9638,2024-02-12,email,1,0,0.0,0
9639,2024-02-12,email,1,0,0.0,1
9640,2024-02-12,email,1,0,0.0,0
9641,2024-02-12,email,0,0,0.0,1
9642,2024-02-12,email,1,0,0.0,1
9643,2024-02-12,email,1,0,0.0,0
9644,2024-02-12,email,0,0,0.0,1
9645,2024-02-12,email,0,0,0.0,1
9646,2024-02-12,email,1,0,0.0,0
9647,2024-02-12,email,1,0,0.0,0
9648,2024-02-12,email,0,0,0.0,1
9649,2024-02-12,email,0,0,0.0,1
9650,2024-02-12,email,1,0,0.0,0
9651,2024-02-12,email,1,1,31.82,1
9652,2024-02-12,email,0,1,39.14,1
9653,2024-02-12,email,1,0,0.0,0
9654,2024-02-12,email,0,0,0.0,1
9655,2024-02-12,email,1,0,0.0,0
9656,2024-02-12,email,0,0,0.0,1
9657,2024-02-12,email,1,0,0.0,0
9658,2024-02-12,email,1,0,0.0,0
9659,2024-02-12,email,1,0,0.0,1
9660,2024-02-12,email,1,0,0.0,0
9661,2024-02-12,email,0,0,0.0,0
9662,2024-02-12,email,1,0,0.0,0
9663,2024-02-12,email,1,0,0.0,0
9664,2024-02-12,email,0,0,0.0,0
9665,2024-02-12,email,0,0,0.0,1
9666,2024-02-12,email,1,0,0.0,0
9667,2024-02-12,email,1,0,0.0,0
9668,2024-02-12,email,0,0,0.0,1
9669,2024-02-12,email,1,0,0.0,0
9670,2024-02-12,email,0,0,0.0,1
9671,2024-02-12,email,0,0,0.0,1
9672,2024-02-12,email,1,0,0.0,0
9673,2024-02-12,email,0,0,0.0,1
9674,2024-02-12,email,1,0,0.0,1
9675,2024-02-12,email,1,0,0.0,0
9676,2024-02-12,email,0,0,0.0,0
9677,2024-02-12,email,1,0,0.0,0
9678,2024-02-12,email,1,0,0.0,0
9679,2024-02-12,email,1,0,0.0,0
9680,2024-02-12,email,1,0,0.0,0
9681,2024-02-12,email,1,0,0.0,0
9682,2024-02-12,email,1,0,0.0,0
9683,2024-02-12,email,0,0,0.0,1
9684,2024-02-12,email,0,0,0.0,1
9685,2024-02-12,email,0,0,0.0,1
9686,2024-02-12,email,0,0,0.0,1
9687,2024-02-12,email,0,0,0.0,1
9688,2024-02-12,email,1,0,0.0,0
9689,2024-02-12,email,0,0,0.0,1
9690,2024-02-12,email,0,0,0.0,1
9691,2024-02-12,email,0,0,0.0,1
9692,2024-02-12,email,0,0,0.0,1
9693,2024-02-12,email,0,0,0.0,1
9694,2024-02-12,email,0,0,0.0,1
9695,2024-02-12,email,1,0,0.0,0
9696,2024-02-12,email,0,0,0.0,0
9697,2024-02-12,email,1,0,0.0,0
9698,2024-02-12,email,1,0,0.0,0
9699,2024-02-12,email,0,0,0.0,1
9700,2024-02-12,email,1,0,0.0,0
9701,2024-02-12,email,0,0,0.0,0
9702,2024-02-12,email,0,1,25.97,1
9703,2024-02-12,email,1,0,0.0,0
9704,2024-02-12,email,1,0,0.0,0
9705,2024-02-12,email,1,0,0.0,0
9706,2024-02-12,email,1,0,0.0,0
9707,2024-02-12,email,0,0,0.0,1
9708,2024-02-12,email,0,0,0.0,0
9709,2024-02-12,email,0,1,30.82,0
9710,2024-02-12,email,1,0,0.0,0
9711,2024-02-12,email,0,0,0.0,1
9712,2024-02-12,email,0,0,0.0,1
9713,2024-02-12,email,1,0,0.0,0
9714,2024-02-12,email,1,0,0.0,0
9715,2024-02-12,email,1,0,0.0,0
9716,2024-02-12,email,1,0,0.0,1
9717,2024-02-12,email,1,1,30.56,0
9718,2024-02-12,email,1,0,0.0,0
9719,2024-02-12,email,1,0,0.0,0
9720,2024-02-12,email,0,0,0.0,1
9721,2024-02-12,email,1,0,0.0,0
9722,2024-02-12,email,1,0,0.0,0
9723,2024-02-12,email,1,0,0.0,1
9724,2024-02-12,email,0,0,0.0,0
9725,2024-02-12,email,1,0,0.0,0
9726,2024-02-12,email,1,0,0.0,0
9727,2024-02-12,email,1,0,0.0,0
9728,2024-02-12,email,0,0,0.0,0
9729,2024-02-12,email,0,0,0.0,1
9730,2024-02-12,email,1,0,0.0,1
9731,2024-02-12,email,0,0,0.0,0
9732,2024-02-12,email,1,0,0.0,0
9733,2024-02-12,email,0,0,0.0,1
9734,2024-02-12,email,0,0,0.0,0
9735,2024-02-12,email,1,0,0.0,0
9736,2024-02-12,email,0,0,0.0,1
9737,2024-02-12,email,0,0,0.0,0
9738,2024-02-12,email,0,0,0.0,1
9739,2024-02-12,email,1,0,0.0,0
9740,2024-02-12,email,1,0,0.0,1
9741,2024-02-12,email,1,1,55.64,0
9742,2024-02-12,email,1,0,0.0,0
9743,2024-02-12,email,0,0,0.0,1
9744,2024-02-12,email,1,0,0.0,0
9745,2024-02-12,email,1,0,0.0,0
9746,2024-02-12,email,0,1,105.52,0
9747,2024-02-12,email,0,0,0.0,0
9748,2024-02-12,email,0,0,0.0,0
9749,2024-02-12,email,0,0,0.0,0
9750,2024-02-12,email,1,0,0.0,1
9751,2024-02-12,email,0,0,0.0,0
9752,2024-02-12,email,1,0,0.0,0
9753,2024-02-12,email,1,1,34.36,0
9754,2024-02-12,email,0,0,0.0,1
9755,2024-02-12,email,0,0,0.0,1
9756,2024-02-12,email,0,0,0.0,0
9757,2024-02-12,email,1,0,0.0,0
9758,2024-02-12,email,1,1,48.3,0
9759,2024-02-12,email,1,0,0.0,0
9760,2024-02-12,email,1,0,0.0,0
9761,2024-02-12,email,1,0,0.0,0
9762,2024-02-12,email,0,0,0.0,1
9763,2024-02-12,email,1,0,0.0,0
9764,2024-02-12,email,1,0,0.0,1
9765,2024-02-12,email,0,0,0.0,1
9766,2024-02-12,email,0,0,0.0,0
9767,2024-02-12,email,1,0,0.0,0
9768,2024-02-12,email,1,0,0.0,0
9769,2024-02-12,email,1,0,0.0,0
9770,2024-02-12,email,1,0,0.0,0
9771,2024-02-12,email,1,0,0.0,0
9772,2024-02-12,email,0,0,0.0,1
9773,2024-02-12,email,1,0,0.0,0
9774,2024-02-12,email,0,0,0.0,1
9775,2024-02-12,email,1,0,0.0,0
9776,2024-02-12,email,0,0,0.0,1
9777,2024-02-12,email,1,1,65.3,0
9778,2024-02-12,email,1,0,0.0,0
9779,2024-02-12,email,0,0,0.0,0
9780,2024-02-12,email,0,0,0.0,1
9781,2024-02-12,email,1,0,0.0,0
9782,2024-02-12,email,0,0,0.0,1
9783,2024-02-12,email,0,0,0.0,1
9784,2024-02-12,email,1,0,0.0,0
9785,2024-02-12,email,0,0,0.0,1
9786,2024-02-12,email,1,0,0.0,0
9787,2024-02-12,email,1,0,0.0,0
9788,2024-02-12,email,0,0,0.0,1
9789,2024-02-12,email,1,0,0.0,0
9790,2024-02-12,email,1,0,0.0,0
9791,2024-02-12,email,1,0,0.0,0
9792,2024-02-12,email,0,0,0.0,0
9793,2024-02-12,email,0,0,0.0,1
9794,2024-02-12,email,1,0,0.0,0
9795,2024-02-12,email,1,0,0.0,0
9796,2024-02-12,email,0,0,0.0,1
9797,2024-02-12,email,1,0,0.0,1
9798,2024-02-12,email,1,0,0.0,1
9799,2024-02-12,email,1,0,0.0,0
9800,2024-02-12,email,1,0,0.0,0
9801,2024-02-12,email,1,0,0.0,0
9802,2024-02-12,email,1,0,0.0,0
9803,2024-02-12,email,1,0,0.0,0
9804,2024-02-12,email,0,0,0.0,1
9805,2024-02-12,email,0,0,0.0,1
9806,2024-02-12,email,0,0,0.0,1
9807,2024-02-12,email,1,0,0.0,1
9808,2024-02-12,email,1,0,0.0,0
9809,2024-02-12,email,1,0,0.0,0
9810,2024-02-12,email,1,0,0.0,0
9811,2024-02-12,email,1,0,0.0,0
9812,2024-02-12,email,1,0,0.0,1
9813,2024-02-12,email,1,0,0.0,1
9814,2024-02-12,email,1,0,0.0,0
9815,2024-02-12,email,0,0,0.0,1
9816,2024-02-12,email,1,0,0.0,0
9817,2024-02-12,email,1,0,0.0,0
9818,2024-02-12,email,1,0,0.0,0
9819,2024-02-12,email,1,0,0.0,0
9820,2024-02-12,email,1,0,0.0,0
9821,2024-02-12,email,0,0,0.0,1
9822,2024-02-12,email,1,0,0.0,0
9823,2024-02-12,email,1,1,82.44,0
9824,2024-02-12,email,1,0,0.0,0
9825,2024-02-12,email,1,0,0.0,0
9826,2024-02-12,email,1,0,0.0,0
9827,2024-02-12,email,0,0,0.0,0
9828,2024-02-12,email,1,1,30.46,0
9829,2024-02-12,email,1,0,0.0,0
9830,2024-02-12,email,1,0,0.0,0
9831,2024-02-12,email,1,0,0.0,0
9832,2024-02-12,email,1,0,0.0,0
9833,2024-02-12,email,1,0,0.0,0
9834,2024-02-12,email,1,0,0.0,0
9835,2024-02-12,email,1,0,0.0,0
9836,2024-02-12,email,0,0,0.0,0
9837,2024-02-12,email,0,0,0.0,1
9838,2024-02-12,email,0,0,0.0,0
9839,2024-02-12,email,0,0,0.0,1
9840,2024-02-12,email,1,1,57.77,0
9841,2024-02-12,email,1,0,0.0,0
9842,2024-02-12,email,0,0,0.0,1
9843,2024-02-12,email,1,0,0.0,0
9844,2024-02-12,email,0,0,0.0,1
9845,2024-02-12,email,1,0,0.0,0
9846,2024-02-12,email,0,0,0.0,1
9847,2024-02-12,email,0,0,0.0,1
9848,2024-02-12,email,1,0,0.0,1
9849,2024-02-12,email,1,0,0.0,0
9850,2024-02-12,email,1,0,0.0,0
9851,2024-02-12,email,0,0,0.0,1
9852,2024-02-12,email,0,0,0.0,1
9853,2024-02-12,email,0,0,0.0,1
9854,2024-02-12,email,1,0,0.0,0
9855,2024-02-12,email,0,0,0.0,0
9856,2024-02-12,email,1,0,0.0,1
9857,2024-02-12,email,1,0,0.0,1
9858,2024-02-12,email,1,0,0.0,1
9859,2024-02-12,email,1,0,0.0,0
9860,2024-02-12,email,0,0,0.0,1
9861,2024-02-12,email,1,0,0.0,0
9862,2024-02-12,email,1,0,0.0,1
9863,2024-02-12,email,1,0,0.0,1
9864,2024-02-12,email,1,0,0.0,0
9865,2024-02-12,email,0,0,0.0,1
9866,2024-02-12,email,1,0,0.0,1
9867,2024-02-12,email,1,0,0.0,1
9868,2024-02-12,email,1,0,0.0,1
9869,2024-02-12,email,0,0,0.0,1
9870,2024-02-12,email,0,0,0.0,1
9871,2024-02-12,email,0,0,0.0,0
9872,2024-02-12,email,1,0,0.0,0
9873,2024-02-12,email,0,0,0.0,0
9874,2024-02-12,email,0,0,0.0,1
9875,2024-02-12,email,1,0,0.0,0
9876,2024-02-12,email,0,0,0.0,1
9877,2024-02-12,email,1,0,0.0,0
9878,2024-02-12,email,1,0,0.0,0
9879,2024-02-12,email,0,0,0.0,1
9880,2024-02-12,email,0,0,0.0,1
9881,2024-02-12,email,0,0,0.0,1
9882,2024-02-12,email,1,0,0.0,0
9883,2024-02-12,email,1,0,0.0,0
9884,2024-02-12,email,0,0,0.0,1
9885,2024-02-12,email,1,0,0.0,0
9886,2024-02-12,email,1,0,0.0,0
9887,2024-02-12,email,0,0,0.0,1
9888,2024-02-12,email,0,0,0.0,1
9889,2024-02-12,email,1,0,0.0,0
9890,2024-02-12,email,0,0,0.0,1
9891,2024-02-12,email,1,0,0.0,0
9892,2024-02-12,email,1,0,0.0,0
9893,2024-02-12,email,0,1,59.25,1
9894,2024-02-12,email,0,1,47.08,1
9895,2024-02-12,email,1,0,0.0,0
9896,2024-02-12,email,1,0,0.0,0
9897,2024-02-12,email,0,0,0.0,1
9898,2024-02-12,email,0,0,0.0,1
9899,2024-02-12,email,1,0,0.0,0
9900,2024-02-12,email,0,0,0.0,1
9901,2024-02-12,email,1,0,0.0,1
9902,2024-02-12,email,1,0,0.0,0
9903,2024-02-12,email,1,0,0.0,0
9904,2024-02-12,email,1,0,0.0,0
9905,2024-02-12,email,1,0,0.0,0
9906,2024-02-12,email,0,0,0.0,1
9907,2024-02-12,email,0,0,0.0,1
9908,2024-02-12,email,0,0,0.0,1
9909,2024-02-12,email,1,0,0.0,0
9910,2024-02-12,email,1,0,0.0,0
9911,2024-02-12,email,0,0,0.0,1
9912,2024-02-12,email,0,0,0.0,1
9913,2024-02-12,email,0,0,0.0,1
9914,2024-02-12,email,0,1,35.02,1
9915,2024-02-12,email,1,0,0.0,0
9916,2024-02-12,email,1,0,0.0,1
9917,2024-02-12,email,0,0,0.0,1
9918,2024-02-12,email,0,0,0.0,0
9919,2024-02-12,email,0,0,0.0,1
9920,2024-02-12,email,0,0,0.0,0
9921,2024-02-12,email,1,0,0.0,0
9922,2024-02-12,email,0,0,0.0,1
9923,2024-02-12,email,1,0,0.0,0
9924,2024-02-12,email,1,0,0.0,0
9925,2024-02-12,email,1,0,0.0,0
9926,2024-02-12,email,0,0,0.0,0
9927,2024-02-12,email,1,0,0.0,0
9928,2024-02-12,email,0,0,0.0,0
9929,2024-02-12,email,1,0,0.0,0
9930,2024-02-12,email,0,0,0.0,1
9931,2024-02-12,email,0,0,0.0,1
9932,2024-02-12,email,1,0,0.0,0
9933,2024-02-12,email,1,0,0.0,0
9934,2024-02-12,email,1,0,0.0,0
9935,2024-02-12,email,0,0,0.0,1
9936,2024-02-12,email,0,0,0.0,1
9937,2024-02-12,email,1,0,0.0,0
9938,2024-02-12,email,1,0,0.0,0
9939,2024-02-12,email,1,1,84.52,0
9940,2024-02-12,email,1,0,0.0,0
9941,2024-02-12,email,1,0,0.0,0
9942,2024-02-12,email,0,0,0.0,0
9943,2024-02-12,email,1,0,0.0,1
9944,2024-02-12,email,0,0,0.0,0
9945,2024-02-12,email,0,0,0.0,1
9946,2024-02-12,email,0,0,0.0,1
9947,2024-02-12,email,0,0,0.0,1
9948,2024-02-12,email,1,0,0.0,0
9949,2024-02-12,email,0,0,0.0,0
9950,2024-02-12,email,1,0,0.0,0
9951,2024-02-12,email,1,0,0.0,0
9952,2024-02-12,email,1,0,0.0,1
9953,2024-02-12,email,0,0,0.0,1
9954,2024-02-12,email,1,0,0.0,1
9955,2024-02-12,email,0,0,0.0,0
9956,2024-02-12,email,0,0,0.0,1
9957,2024-02-12,email,1,0,0.0,0
9958,2024-02-12,email,1,0,0.0,1
9959,2024-02-12,email,1,0,0.0,0
9960,2024-02-12,email,1,0,0.0,0
9961,2024-02-12,email,1,0,0.0,0
9962,2024-02-12,email,1,0,0.0,0
9963,2024-02-12,email,1,0,0.0,0
9964,2024-02-12,email,1,0,0.0,0
9965,2024-02-12,email,1,0,0.0,0
9966,2024-02-12,email,1,0,0.0,0
9967,2024-02-12,email,0,0,0.0,1
9968,2024-02-12,email,1,0,0.0,0
9969,2024-02-12,email,0,0,0.0,1
9970,2024-02-12,email,0,0,0.0,1
9971,2024-02-12,email,1,0,0.0,1
9972,2024-02-12,email,1,0,0.0,0
9973,2024-02-12,email,0,0,0.0,0
9974,2024-02-12,email,1,0,0.0,0
9975,2024-02-12,email,1,0,0.0,1
9976,2024-02-12,email,0,0,0.0,0
9977,2024-02-12,email,0,0,0.0,1
9978,2024-02-12,email,0,0,0.0,1
9979,2024-02-12,email,1,0,0.0,1
9980,2024-02-12,email,0,0,0.0,0
9981,2024-02-12,email,0,0,0.0,1
9982,2024-02-12,email,1,0,0.0,0
9983,2024-02-12,email,0,0,0.0,1
9984,2024-02-12,email,0,0,0.0,0
9985,2024-02-12,email,0,0,0.0,0
9986,2024-02-12,email,0,0,0.0,1
9987,2024-02-12,email,0,0,0.0,1
9988,2024-02-12,email,0,0,0.0,1
9989,2024-02-12,email,1,0,0.0,0
9990,2024-02-12,email,0,0,0.0,1
9991,2024-02-12,email,0,0,0.0,0
9992,2024-02-12,email,0,0,0.0,1
9993,2024-02-12,email,1,0,0.0,0
9994,2024-02-12,email,1,0,0.0,0
9995,2024-02-12,email,1,0,0.0,0
9996,2024-02-12,email,0,0,0.0,1
9997,2024-02-12,email,1,0,0.0,0
9998,2024-02-12,email,0,0,0.0,0
9999,2024-02-12,email,1,0,0.0,0
10000,2024-02-12,email,0,0,0.0,1
10001,2024-02-12,email,1,0,0.0,1
10002,2024-02-12,email,0,0,0.0,1
10003,2024-02-12,email,1,0,0.0,0
10004,2024-02-12,email,1,0,0.0,0
10005,2024-02-12,email,0,0,0.0,1
10006,2024-02-12,email,0,0,0.0,1
10007,2024-02-12,email,0,0,0.0,1
10008,2024-02-12,email,0,0,0.0,1
10009,2024-02-12,email,1,0,0.0,0
10010,2024-02-12,email,1,0,0.0,0
10011,2024-02-12,email,1,0,0.0,1
10012,2024-02-12,email,1,0,0.0,0
10013,2024-02-12,email,0,0,0.0,1
10014,2024-02-12,email,1,0,0.0,0
10015,2024-02-12,email,0,0,0.0,1
10016,2024-02-12,email,0,0,0.0,1
10017,2024-02-12,email,0,0,0.0,0
10018,2024-02-12,email,1,0,0.0,0
10019,2024-02-12,email,1,0,0.0,0
10020,2024-02-12,email,0,0,0.0,1
10021,2024-02-12,email,1,0,0.0,0
10022,2024-02-12,email,1,0,0.0,0
10023,2024-02-12,email,1,0,0.0,0
10024,2024-02-12,email,1,0,0.0,0
10025,2024-02-12,email,1,0,0.0,0
10026,2024-02-12,email,1,0,0.0,0
10027,2024-02-12,email,0,1,55.26,1
10028,2024-02-12,email,0,0,0.0,1
10029,2024-02-12,email,1,0,0.0,0
10030,2024-02-12,email,1,0,0.0,0
10031,2024-02-12,email,0,0,0.0,0
10032,2024-02-12,email,0,0,0.0,1
10033,2024-02-12,email,0,0,0.0,0
10034,2024-02-12,email,1,0,0.0,0
10035,2024-02-12,email,1,0,0.0,0
10036,2024-02-12,email,1,0,0.0,1
10037,2024-02-12,email,1,0,0.0,0
10038,2024-02-12,email,0,0,0.0,1
10039,2024-02-12,email,0,0,0.0,1
10040,2024-02-12,email,1,0,0.0,0
10041,2024-02-12,email,1,0,0.0,0
10042,2024-02-12,email,1,0,0.0,0
10043,2024-02-12,email,1,0,0.0,0
10044,2024-02-12,email,1,0,0.0,1
10045,2024-02-12,email,1,0,0.0,0
10046,2024-02-12,email,0,0,0.0,1
10047,2024-02-12,email,0,0,0.0,0
10048,2024-02-12,email,0,0,0.0,1
10049,2024-02-12,email,0,0,0.0,1
10050,2024-02-12,email,1,0,0.0,0
10051,2024-02-12,email,0,0,0.0,0
10052,2024-02-12,email,1,0,0.0,1
10053,2024-02-12,email,1,0,0.0,0
10054,2024-02-12,email,1,0,0.0,0
10055,2024-02-12,email,0,0,0.0,1
10056,2024-02-12,email,1,1,46.97,0
10057,2024-02-12,email,0,0,0.0,0
10058,2024-02-12,email,1,0,0.0,0
10059,2024-02-12,email,0,0,0.0,1
10060,2024-02-12,email,1,0,0.0,0
10061,2024-02-12,email,0,0,0.0,1
10062,2024-02-12,email,1,0,0.0,0
10063,2024-02-12,email,0,0,0.0,1
10064,2024-02-12,email,0,0,0.0,1
10065,2024-02-12,email,1,0,0.0,0
10066,2024-02-12,email,1,0,0.0,0
10067,2024-02-12,email,1,0,0.0,0
10068,2024-02-12,email,0,0,0.0,1
10069,2024-02-12,email,1,0,0.0,0
10070,2024-02-12,email,0,0,0.0,1
10071,2024-02-12,email,1,0,0.0,0
10072,2024-02-12,email,1,0,0.0,0
10073,2024-02-12,email,1,0,0.0,0
10074,2024-02-12,email,0,0,0.0,0
10075,2024-02-12,email,0,0,0.0,0
10076,2024-02-12,email,1,0,0.0,0
10077,2024-02-12,email,0,0,0.0,1
10078,2024-02-12,email,0,0,0.0,1
10079,2024-02-12,email,1,0,0.0,0
10080,2024-02-12,email,1,1,58.73,0
10081,2024-02-12,email,1,0,0.0,0
10082,2024-02-12,email,1,0,0.0,0
10083,2024-02-12,email,1,0,0.0,0
10084,2024-02-12,email,1,0,0.0,0
10085,2024-02-12,email,0,0,0.0,1
10086,2024-02-12,email,1,0,0.0,0
10087,2024-02-12,email,0,0,0.0,1
10088,2024-02-12,email,0,0,0.0,0
10089,2024-02-12,email,0,0,0.0,1
10090,2024-02-12,email,0,0,0.0,0
10091,2024-02-12,email,1,0,0.0,0
10092,2024-02-12,email,0,0,0.0,0
10093,2024-02-12,email,1,0,0.0,0
10094,2024-02-12,email,0,0,0.0,1
10095,2024-02-12,email,1,0,0.0,0
10096,2024-02-12,email,0,0,0.0,1
10097,2024-02-12,email,1,0,0.0,0
10098,2024-02-12,email,0,0,0.0,1
10099,2024-02-12,email,1,0,0.0,0
10100,2024-02-12,email,0,0,0.0,1
10101,2024-02-12,email,1,0,0.0,1
10102,2024-02-12,email,0,0,0.0,1
10103,2024-02-12,email,0,0,0.0,1
10104,2024-02-12,email,0,0,0.0,1
10105,2024-02-12,email,0,0,0.0,1
10106,2024-02-12,email,1,0,0.0,0
10107,2024-02-12,email,1,0,0.0,0
10108,2024-02-12,email,1,0,0.0,0
10109,2024-02-12,email,0,0,0.0,0
10110,2024-02-12,email,0,0,0.0,1
10111,2024-02-12,email,0,0,0.0,1
10112,2024-02-12,email,1,0,0.0,0
10113,2024-02-12,email,1,0,0.0,0
10114,2024-02-12,email,0,0,0.0,1
10115,2024-02-12,email,1,0,0.0,0
10116,2024-02-12,email,1,0,0.0,0
10117,2024-02-12,email,1,0,0.0,0
10118,2024-02-12,email,0,0,0.0,1
10119,2024-02-12,email,0,0,0.0,1
10120,2024-02-12,email,0,0,0.0,1
10121,2024-02-12,email,0,0,0.0,0
10122,2024-02-12,email,1,0,0.0,0
10123,2024-02-12,email,1,0,0.0,0
10124,2024-02-12,email,0,0,0.0,1
10125,2024-02-12,email,0,0,0.0,1
10126,2024-02-12,email,1,0,0.0,1
10127,2024-02-12,email,0,0,0.0,1
10128,2024-02-12,email,0,0,0.0,0
10129,2024-02-12,email,1,0,0.0,0
10130,2024-02-12,email,1,0,0.0,0
10131,2024-02-12,email,1,0,0.0,0
10132,2024-02-12,email,1,0,0.0,0
10133,2024-02-12,email,1,0,0.0,0
10134,2024-02-12,email,0,0,0.0,1
10135,2024-02-12,email,0,0,0.0,0
10136,2024-02-12,email,1,0,0.0,0
10137,2024-02-12,email,0,0,0.0,1
10138,2024-02-12,email,0,1,44.31,0
10139,2024-02-12,email,1,0,0.0,0
10140,2024-02-12,email,0,0,0.0,0
10141,2024-02-12,email,0,0,0.0,1
10142,2024-02-12,email,1,0,0.0,0
10143,2024-02-12,email,1,0,0.0,0
10144,2024-02-12,email,0,0,0.0,1
10145,2024-02-12,email,0,0,0.0,0
10146,2024-02-12,email,1,0,0.0,0
10147,2024-02-12,email,1,0,0.0,0
10148,2024-02-12,email,1,0,0.0,0
10149,2024-02-12,email,1,0,0.0,1
10150,2024-02-12,email,0,0,0.0,1
10151,2024-02-12,email,1,0,0.0,0
10152,2024-02-12,email,0,0,0.0,1
10153,2024-02-12,email,1,0,0.0,0
10154,2024-02-12,email,0,0,0.0,1
10155,2024-02-12,email,0,0,0.0,1
10156,2024-02-12,email,1,0,0.0,1
10157,2024-02-12,email,1,0,0.0,0
10158,2024-02-12,email,1,0,0.0,1
10159,2024-02-12,email,0,0,0.0,1
10160,2024-02-12,email,0,0,0.0,1
10161,2024-02-12,email,0,0,0.0,0
10162,2024-02-12,email,1,0,0.0,0
10163,2024-02-12,email,0,0,0.0,1
10164,2024-02-12,email,1,0,0.0,1
10165,2024-02-12,email,1,0,0.0,0
10166,2024-02-12,email,1,0,0.0,0
10167,2024-02-12,email,0,1,38.96,0
10168,2024-02-12,email,0,0,0.0,0
10169,2024-02-12,email,0,0,0.0,1
10170,2024-02-12,email,1,0,0.0,0
10171,2024-02-12,email,0,0,0.0,0
10172,2024-02-12,email,0,0,0.0,1
10173,2024-02-12,email,1,0,0.0,0
10174,2024-02-12,email,0,0,0.0,0
10175,2024-02-12,email,1,0,0.0,0
10176,2024-02-12,email,1,0,0.0,0
10177,2024-02-12,email,1,0,0.0,0
10178,2024-02-12,email,1,0,0.0,0
10179,2024-02-12,email,0,0,0.0,1
10180,2024-02-12,email,0,0,0.0,1
10181,2024-02-12,email,0,0,0.0,0
10182,2024-02-12,email,1,0,0.0,0
10183,2024-02-12,email,1,0,0.0,0
10184,2024-02-12,email,0,0,0.0,1
10185,2024-02-12,email,0,0,0.0,1
10186,2024-02-12,email,1,0,0.0,0
10187,2024-02-12,email,0,0,0.0,1
10188,2024-02-12,email,1,0,0.0,0
10189,2024-02-12,email,1,0,0.0,0
10190,2024-02-12,email,1,0,0.0,0
10191,2024-02-12,email,0,0,0.0,1
10192,2024-02-12,email,0,0,0.0,1
10193,2024-02-12,email,1,1,61.05,0
10194,2024-02-12,email,1,0,0.0,0
10195,2024-02-12,email,0,0,0.0,1
10196,2024-02-12,email,1,0,0.0,0
10197,2024-02-12,email,1,0,0.0,0
10198,2024-02-12,email,0,0,0.0,1
10199,2024-02-12,email,0,0,0.0,1
10200,2024-02-12,email,1,0,0.0,0
10201,2024-02-12,email,0,0,0.0,0
10202,2024-02-12,email,1,0,0.0,0
10203,2024-02-12,email,0,0,0.0,0
10204,2024-02-12,email,1,0,0.0,0
10205,2024-02-12,email,0,0,0.0,0
10206,2024-02-12,email,1,0,0.0,0
10207,2024-02-12,email,0,0,0.0,1
10208,2024-02-12,email,0,1,54.68,1
10209,2024-02-12,email,0,0,0.0,0
10210,2024-02-12,email,0,0,0.0,0
10211,2024-02-12,email,1,0,0.0,0
10212,2024-02-12,email,1,0,0.0,0
10213,2024-02-12,email,0,0,0.0,1
10214,2024-02-12,email,1,0,0.0,1
10215,2024-02-12,email,0,0,0.0,1
10216,2024-02-12,email,0,0,0.0,0
10217,2024-02-12,email,1,0,0.0,0
10218,2024-02-12,email,1,0,0.0,0
10219,2024-02-12,email,1,0,0.0,0
10220,2024-02-12,email,0,0,0.0,1
10221,2024-02-12,email,1,0,0.0,0
10222,2024-02-12,email,0,0,0.0,0
10223,2024-02-12,email,1,0,0.0,0
10224,2024-02-12,email,0,0,0.0,0
10225,2024-02-12,email,0,0,0.0,0
10226,2024-02-12,email,0,0,0.0,1
10227,2024-02-12,email,1,0,0.0,0
10228,2024-02-12,email,0,0,0.0,0
10229,2024-02-12,email,1,0,0.0,0
10230,2024-02-12,email,1,0,0.0,0
10231,2024-02-12,email,1,0,0.0,1
10232,2024-02-12,email,1,0,0.0,0
10233,2024-02-12,email,0,0,0.0,1
10234,2024-02-12,email,0,0,0.0,1
10235,2024-02-12,email,0,0,0.0,1
10236,2024-02-12,email,1,0,0.0,0
10237,2024-02-12,email,1,0,0.0,1
10238,2024-02-12,email,1,0,0.0,0
10239,2024-02-12,email,0,0,0.0,1
10240,2024-02-12,email,1,0,0.0,0
10241,2024-02-12,email,0,0,0.0,1
10242,2024-02-12,email,0,0,0.0,1
10243,2024-02-12,email,0,0,0.0,1
10244,2024-02-12,email,1,0,0.0,0
10245,2024-02-12,email,0,0,0.0,1
10246,2024-02-12,email,0,0,0.0,1
10247,2024-02-12,email,0,0,0.0,1
10248,2024-02-12,email,1,0,0.0,0
10249,2024-02-12,email,1,0,0.0,0
10250,2024-02-12,email,0,0,0.0,1
10251,2024-02-12,email,1,0,0.0,0
10252,2024-02-12,email,0,0,0.0,0
10253,2024-02-12,email,1,0,0.0,1
10254,2024-02-12,email,0,0,0.0,1
10255,2024-02-12,email,0,0,0.0,1
10256,2024-02-12,email,1,0,0.0,0
10257,2024-02-12,email,0,0,0.0,1
10258,2024-02-12,email,1,0,0.0,0
10259,2024-02-12,email,1,0,0.0,1
10260,2024-02-12,email,0,0,0.0,1
10261,2024-02-12,email,1,1,58.84,0
10262,2024-02-12,email,1,0,0.0,0
10263,2024-02-12,email,1,0,0.0,0
10264,2024-02-12,email,0,0,0.0,1
10265,2024-02-12,email,0,0,0.0,1
10266,2024-02-12,email,0,0,0.0,1
10267,2024-02-12,email,1,0,0.0,1
10268,2024-02-12,email,1,0,0.0,0
10269,2024-02-12,email,0,0,0.0,1
10270,2024-02-12,email,1,0,0.0,0
10271,2024-02-12,email,1,0,0.0,0
10272,2024-02-12,email,0,0,0.0,1
10273,2024-02-12,email,1,0,0.0,0
10274,2024-02-12,email,0,0,0.0,1
10275,2024-02-12,email,0,0,0.0,0
10276,2024-02-12,email,0,0,0.0,1
10277,2024-02-12,email,1,0,0.0,0
10278,2024-02-12,email,0,0,0.0,1
10279,2024-02-12,email,1,0,0.0,0
10280,2024-02-12,email,1,0,0.0,0
10281,2024-02-12,email,0,0,0.0,1
10282,2024-02-12,email,1,0,0.0,0
10283,2024-02-12,email,0,0,0.0,1
10284,2024-02-12,email,1,0,0.0,0
10285,2024-02-12,email,1,0,0.0,0
10286,2024-02-12,email,1,0,0.0,0
10287,2024-02-12,email,0,0,0.0,1
10288,2024-02-12,email,1,0,0.0,0
10289,2024-02-12,email,0,0,0.0,1
10290,2024-02-12,email,0,0,0.0,1
10291,2024-02-12,email,1,0,0.0,0
10292,2024-02-12,email,0,0,0.0,1
10293,2024-02-12,email,0,0,0.0,1
10294,2024-02-12,email,0,0,0.0,1
10295,2024-02-12,email,1,0,0.0,0
10296,2024-02-12,email,0,0,0.0,1
10297,2024-02-12,email,1,0,0.0,0
10298,2024-02-12,email,0,0,0.0,1
10299,2024-02-12,email,1,0,0.0,0
10300,2024-02-12,email,1,1,59.0,0
10301,2024-02-12,email,1,0,0.0,0
10302,2024-02-12,email,1,0,0.0,0
10303,2024-02-12,email,1,0,0.0,1
10304,2024-02-12,email,0,0,0.0,1
10305,2024-02-12,email,1,0,0.0,0
10306,2024-02-12,email,0,0,0.0,0
10307,2024-02-12,email,0,1,33.74,1
10308,2024-02-12,email,0,0,0.0,1
10309,2024-02-12,email,1,0,0.0,1
10310,2024-02-12,email,1,0,0.0,0
10311,2024-02-12,email,1,0,0.0,0
10312,2024-02-12,email,0,0,0.0,0
10313,2024-02-12,email,0,0,0.0,1
10314,2024-02-12,email,0,0,0.0,0
10315,2024-02-12,email,1,1,51.79,0
10316,2024-02-12,email,0,0,0.0,1
10317,2024-02-12,email,1,0,0.0,1
10318,2024-02-12,email,1,0,0.0,0
10319,2024-02-12,email,0,0,0.0,1
10320,2024-02-12,email,0,0,0.0,0
10321,2024-02-12,email,0,0,0.0,1
10322,2024-02-12,email,0,0,0.0,0
10323,2024-02-12,email,0,0,0.0,1
10324,2024-02-12,email,1,0,0.0,0
10325,2024-02-12,email,1,0,0.0,0
10326,2024-02-12,email,0,0,0.0,1
10327,2024-02-12,email,1,0,0.0,0
10328,2024-02-12,email,1,0,0.0,0
10329,2024-02-12,email,0,0,0.0,1
10330,2024-02-12,email,0,0,0.0,0
10331,2024-02-12,email,0,0,0.0,1
10332,2024-02-12,email,1,0,0.0,0
10333,2024-02-12,email,1,0,0.0,1
10334,2024-02-12,email,0,0,0.0,0
10335,2024-02-12,email,0,0,0.0,1
10336,2024-02-12,email,1,0,0.0,0
10337,2024-02-12,email,0,0,0.0,1
10338,2024-02-12,email,0,1,37.08,1
10339,2024-02-12,email,1,0,0.0,0
10340,2024-02-12,email,0,0,0.0,1
10341,2024-02-12,email,1,0,0.0,0
10342,2024-02-12,email,0,0,0.0,1
10343,2024-02-12,email,0,0,0.0,1
10344,2024-02-12,email,0,0,0.0,1
10345,2024-02-12,email,0,0,0.0,1
10346,2024-02-12,email,1,0,0.0,0
10347,2024-02-12,email,1,0,0.0,0
10348,2024-02-12,email,0,0,0.0,1
10349,2024-02-12,email,1,0,0.0,0
10350,2024-02-12,email,0,0,0.0,0
10351,2024-02-12,email,0,0,0.0,1
10352,2024-02-12,email,0,0,0.0,0
10353,2024-02-12,email,1,0,0.0,0
10354,2024-02-12,email,0,0,0.0,1
10355,2024-02-12,email,1,0,0.0,0
10356,2024-02-12,email,0,0,0.0,1
10357,2024-02-12,email,1,0,0.0,0
10358,2024-02-12,email,0,0,0.0,1
10359,2024-02-12,email,0,0,0.0,1
10360,2024-02-12,email,1,0,0.0,0
10361,2024-02-12,email,1,0,0.0,0
10362,2024-02-12,email,1,0,0.0,0
10363,2024-02-12,email,0,0,0.0,1
10364,2024-02-12,email,0,0,0.0,1
10365,2024-02-12,email,0,0,0.0,1
10366,2024-02-12,email,0,0,0.0,1
10367,2024-02-12,email,0,0,0.0,1
10368,2024-02-12,email,0,0,0.0,1
10369,2024-02-12,email,1,0,0.0,0
10370,2024-02-12,email,0,0,0.0,1
10371,2024-02-12,email,0,0,0.0,1
10372,2024-02-12,email,0,0,0.0,1
10373,2024-02-12,email,1,0,0.0,0
10374,2024-02-12,email,1,0,0.0,0
10375,2024-02-12,email,0,0,0.0,1
10376,2024-02-12,email,0,0,0.0,1
10377,2024-02-12,email,0,0,0.0,1
10378,2024-02-12,email,0,0,0.0,1
10379,2024-02-12,email,1,0,0.0,0
10380,2024-02-12,email,1,0,0.0,0
10381,2024-02-12,email,1,0,0.0,0
10382,2024-02-12,email,1,0,0.0,0
10383,2024-02-12,email,1,0,0.0,0
10384,2024-02-12,email,1,0,0.0,0
10385,2024-02-12,email,0,0,0.0,1
10386,2024-02-12,email,0,0,0.0,0
10387,2024-02-12,email,1,0,0.0,0
10388,2024-02-12,email,0,0,0.0,1
10389,2024-02-12,email,0,0,0.0,0
10390,2024-02-12,email,1,0,0.0,0
10391,2024-02-12,email,1,0,0.0,0
10392,2024-02-12,email,1,0,0.0,0
10393,2024-02-12,email,0,0,0.0,0
10394,2024-02-12,email,1,0,0.0,0
10395,2024-02-12,email,1,0,0.0,0
10396,2024-02-12,email,1,0,0.0,1
10397,2024-02-12,email,0,0,0.0,0
10398,2024-02-12,email,1,0,0.0,0
10399,2024-02-12,email,0,0,0.0,1
10400,2024-02-12,email,1,0,0.0,0
10401,2024-02-12,email,1,0,0.0,0
10402,2024-02-12,email,1,0,0.0,1
10403,2024-02-12,email,1,0,0.0,1
10404,2024-02-12,email,1,1,51.58,0
10405,2024-02-12,email,1,0,0.0,0
10406,2024-02-12,email,1,0,0.0,0
10407,2024-02-12,email,0,0,0.0,1
10408,2024-02-12,email,1,0,0.0,0
10409,2024-02-12,email,0,0,0.0,1
10410,2024-02-12,email,0,0,0.0,1
10411,2024-02-12,email,1,0,0.0,0
10412,2024-02-12,email,1,1,31.95,0
10413,2024-02-12,email,1,0,0.0,0
10414,2024-02-12,email,1,0,0.0,0
10415,2024-02-12,email,0,0,0.0,0
10416,2024-02-12,email,0,0,0.0,1
10417,2024-02-12,email,1,0,0.0,0
10418,2024-02-12,email,1,0,0.0,0
10419,2024-02-12,email,0,0,0.0,1
10420,2024-02-12,email,0,0,0.0,1
10421,2024-02-12,email,1,0,0.0,0
10422,2024-02-12,email,1,0,0.0,0
10423,2024-02-12,email,1,0,0.0,1
10424,2024-02-12,email,0,0,0.0,0
10425,2024-02-12,email,1,0,0.0,0
10426,2024-02-12,email,1,0,0.0,0
10427,2024-02-12,email,1,0,0.0,0
10428,2024-02-12,email,0,1,33.95,1
10429,2024-02-12,email,0,0,0.0,0
10430,2024-02-12,email,0,0,0.0,0
10431,2024-02-12,email,1,0,0.0,0
10432,2024-02-12,email,1,1,50.64,0
10433,2024-02-12,email,0,0,0.0,1
10434,2024-02-12,email,0,0,0.0,1
10435,2024-02-12,email,0,0,0.0,0
10436,2024-02-12,email,0,0,0.0,1
10437,2024-02-12,email,1,0,0.0,0
10438,2024-02-12,email,0,0,0.0,1
10439,2024-02-12,email,1,0,0.0,0
10440,2024-02-12,email,1,0,0.0,1
10441,2024-02-12,email,0,0,0.0,1
10442,2024-02-12,email,1,0,0.0,0
10443,2024-02-12,email,0,0,0.0,0
10444,2024-02-12,email,0,0,0.0,0
10445,2024-02-12,email,1,0,0.0,0
10446,2024-02-12,email,1,0,0.0,1
10447,2024-02-12,email,1,0,0.0,0
10448,2024-02-12,email,0,0,0.0,1
10449,2024-02-12,email,1,0,0.0,0
10450,2024-02-12,email,1,0,0.0,1
10451,2024-02-12,email,1,0,0.0,0
10452,2024-02-12,email,1,0,0.0,0
10453,2024-02-12,email,0,0,0.0,1
10454,2024-02-12,email,1,0,0.0,0
10455,2024-02-12,email,0,1,50.51,1
10456,2024-02-12,email,0,0,0.0,0
10457,2024-02-12,email,1,0,0.0,0
10458,2024-02-12,email,1,0,0.0,0
10459,2024-02-12,email,0,0,0.0,1
10460,2024-02-12,email,0,0,0.0,0
10461,2024-02-12,email,1,0,0.0,0
10462,2024-02-12,email,0,0,0.0,0
10463,2024-02-12,email,1,0,0.0,1
10464,2024-02-12,email,0,0,0.0,1
10465,2024-02-12,email,1,0,0.0,1
10466,2024-02-12,email,0,0,0.0,1
10467,2024-02-12,email,0,0,0.0,0
10468,2024-02-12,email,0,1,50.56,1
10469,2024-02-12,email,1,0,0.0,0
10470,2024-02-12,email,0,0,0.0,1
10471,2024-02-12,email,1,0,0.0,0
10472,2024-02-12,email,0,0,0.0,1
10473,2024-02-12,email,1,1,48.97,0
10474,2024-02-12,email,0,0,0.0,0
10475,2024-02-12,email,0,1,95.71,0
10476,2024-02-12,email,0,0,0.0,0
10477,2024-02-12,email,0,0,0.0,1
10478,2024-02-12,email,0,0,0.0,1
10479,2024-02-12,email,0,0,0.0,1
10480,2024-02-12,email,1,0,0.0,0
10481,2024-02-12,email,1,0,0.0,0
10482,2024-02-12,email,1,0,0.0,0
10483,2024-02-12,email,1,0,0.0,0
10484,2024-02-12,email,0,0,0.0,1
10485,2024-02-12,email,0,0,0.0,0
10486,2024-02-12,email,1,0,0.0,0
10487,2024-02-12,email,1,0,0.0,0
10488,2024-02-12,email,0,0,0.0,1
10489,2024-02-12,email,0,0,0.0,0
10490,2024-02-12,email,1,0,0.0,0
10491,2024-02-12,email,0,1,56.16,1
10492,2024-02-12,email,1,0,0.0,0
10493,2024-02-12,email,1,0,0.0,0
10494,2024-02-12,email,0,0,0.0,1
10495,2024-02-12,email,1,0,0.0,0
10496,2024-02-12,email,0,0,0.0,1
10497,2024-02-12,email,0,0,0.0,1
10498,2024-02-12,email,1,1,21.18,0
10499,2024-02-12,email,0,0,0.0,1
10500,2024-02-12,email,0,0,0.0,1
10501,2024-02-19,email,1,0,0.0,0
10502,2024-02-19,email,1,0,0.0,0
10503,2024-02-19,email,0,0,0.0,1
10504,2024-02-19,email,1,0,0.0,0
10505,2024-02-19,email,0,0,0.0,0
10506,2024-02-19,email,1,0,0.0,0
10507,2024-02-19,email,0,0,0.0,0
10508,2024-02-19,email,1,0,0.0,0
10509,2024-02-19,email,0,0,0.0,1
10510,2024-02-19,email,0,0,0.0,0
10511,2024-02-19,email,0,0,0.0,1
10512,2024-02-19,email,1,0,0.0,0
10513,2024-02-19,email,0,0,0.0,1
10514,2024-02-19,email,0,0,0.0,1
10515,2024-02-19,email,0,0,0.0,1
10516,2024-02-19,email,0,0,0.0,0
10517,2024-02-19,email,1,0,0.0,0
10518,2024-02-19,email,0,0,0.0,0
10519,2024-02-19,email,1,0,0.0,0
10520,2024-02-19,email,1,0,0.0,0
10521,2024-02-19,email,0,0,0.0,1
10522,2024-02-19,email,1,0,0.0,0
10523,2024-02-19,email,1,0,0.0,0
10524,2024-02-19,email,0,0,0.0,1
10525,2024-02-19,email,1,0,0.0,0
10526,2024-02-19,email,0,0,0.0,1
10527,2024-02-19,email,0,0,0.0,0
10528,2024-02-19,email,0,0,0.0,1
10529,2024-02-19,email,0,0,0.0,1
10530,2024-02-19,email,0,0,0.0,1
10531,2024-02-19,email,0,0,0.0,1
10532,2024-02-19,email,0,0,0.0,0
10533,2024-02-19,email,0,0,0.0,0
10534,2024-02-19,email,1,0,0.0,0
10535,2024-02-19,email,1,0,0.0,1
10536,2024-02-19,email,1,0,0.0,0
10537,2024-02-19,email,1,0,0.0,0
10538,2024-02-19,email,0,0,0.0,1
10539,2024-02-19,email,0,0,0.0,1
10540,2024-02-19,email,1,0,0.0,0
10541,2024-02-19,email,1,0,0.0,0
10542,2024-02-19,email,0,0,0.0,0
10543,2024-02-19,email,0,0,0.0,1
10544,2024-02-19,email,1,0,0.0,0
10545,2024-02-19,email,1,0,0.0,0
10546,2024-02-19,email,1,0,0.0,0
10547,2024-02-19,email,1,1,48.86,1
10548,2024-02-19,email,1,0,0.0,0
10549,2024-02-19,email,0,0,0.0,1
10550,2024-02-19,email,1,0,0.0,0
10551,2024-02-19,email,1,0,0.0,0
10552,2024-02-19,email,0,0,0.0,1
10553,2024-02-19,email,1,0,0.0,0
10554,2024-02-19,email,1,1,41.0,0
10555,2024-02-19,email,0,0,0.0,1
10556,2024-02-19,email,0,0,0.0,1
10557,2024-02-19,email,0,0,0.0,0
10558,2024-02-19,email,1,1,55.98,0
10559,2024-02-19,email,1,0,0.0,0
10560,2024-02-19,email,0,0,0.0,0
10561,2024-02-19,email,0,0,0.0,1
10562,2024-02-19,email,0,0,0.0,1
10563,2024-02-19,email,0,0,0.0,1
10564,2024-02-19,email,1,0,0.0,0
10565,2024-02-19,email,1,0,0.0,0
10566,2024-02-19,email,1,1,41.95,0
10567,2024-02-19,email,0,0,0.0,1
10568,2024-02-19,email,1,0,0.0,0
10569,2024-02-19,email,1,1,45.18,0
10570,2024-02-19,email,1,0,0.0,0
10571,2024-02-19,email,0,0,0.0,1
10572,2024-02-19,email,0,0,0.0,1
10573,2024-02-19,email,1,1,58.58,0
10574,2024-02-19,email,1,0,0.0,0
10575,2024-02-19,email,0,0,0.0,1
10576,2024-02-19,email,0,0,0.0,1
10577,2024-02-19,email,0,0,0.0,1
10578,2024-02-19,email,1,0,0.0,0
10579,2024-02-19,email,1,0,0.0,0
10580,2024-02-19,email,0,0,0.0,1
10581,2024-02-19,email,1,0,0.0,0
10582,2024-02-19,email,0,0,0.0,1
10583,2024-02-19,email,1,0,0.0,0
10584,2024-02-19,email,1,0,0.0,0
10585,2024-02-19,email,0,0,0.0,1
10586,2024-02-19,email,0,0,0.0,1
10587,2024-02-19,email,0,0,0.0,1
10588,2024-02-19,email,0,0,0.0,1
10589,2024-02-19,email,0,0,0.0,1
10590,2024-02-19,email,0,0,0.0,0
10591,2024-02-19,email,1,0,0.0,0
10592,2024-02-19,email,1,0,0.0,0
10593,2024-02-19,email,1,1,42.23,0
10594,2024-02-19,email,0,0,0.0,1
10595,2024-02-19,email,0,0,0.0,1
10596,2024-02-19,email,0,0,0.0,0
10597,2024-02-19,email,1,0,0.0,0
10598,2024-02-19,email,1,0,0.0,0
10599,2024-02-19,email,1,0,0.0,0
10600,2024-02-19,email,1,0,0.0,0
10601,2024-02-19,email,1,0,0.0,0
10602,2024-02-19,email,0,0,0.0,1
10603,2024-02-19,email,1,0,0.0,0
10604,2024-02-19,email,0,0,0.0,1
10605,2024-02-19,email,0,0,0.0,1
10606,2024-02-19,email,1,0,0.0,0
10607,2024-02-19,email,0,0,0.0,1
10608,2024-02-19,email,0,0,0.0,1
10609,2024-02-19,email,1,0,0.0,0
10610,2024-02-19,email,1,0,0.0,0
10611,2024-02-19,email,1,0,0.0,0
10612,2024-02-19,email,1,0,0.0,0
10613,2024-02-19,email,1,0,0.0,0
10614,2024-02-19,email,0,1,56.43,0
10615,2024-02-19,email,1,0,0.0,0
10616,2024-02-19,email,1,0,0.0,0
10617,2024-02-19,email,1,0,0.0,0
10618,2024-02-19,email,0,0,0.0,1
10619,2024-02-19,email,1,0,0.0,0
10620,2024-02-19,email,1,0,0.0,0
10621,2024-02-19,email,0,0,0.0,1
10622,2024-02-19,email,1,0,0.0,0
10623,2024-02-19,email,1,0,0.0,0
10624,2024-02-19,email,1,0,0.0,0
10625,2024-02-19,email,0,0,0.0,0
10626,2024-02-19,email,1,0,0.0,0
10627,2024-02-19,email,0,0,0.0,1
10628,2024-02-19,email,0,0,0.0,1
10629,2024-02-19,email,1,0,0.0,0
10630,2024-02-19,email,1,0,0.0,0
10631,2024-02-19,email,1,0,0.0,0
10632,2024-02-19,email,1,0,0.0,0
10633,2024-02-19,email,0,0,0.0,0
10634,2024-02-19,email,0,0,0.0,1
10635,2024-02-19,email,0,0,0.0,0
10636,2024-02-19,email,1,0,0.0,0
10637,2024-02-19,email,0,0,0.0,0
10638,2024-02-19,email,1,0,0.0,0
10639,2024-02-19,email,0,0,0.0,1
10640,2024-02-19,email,0,0,0.0,1
10641,2024-02-19,email,1,0,0.0,0
10642,2024-02-19,email,1,0,0.0,0
10643,2024-02-19,email,0,0,0.0,0
10644,2024-02-19,email,0,0,0.0,1
10645,2024-02-19,email,1,0,0.0,0
10646,2024-02-19,email,1,0,0.0,0
10647,2024-02-19,email,1,0,0.0,0
10648,2024-02-19,email,0,0,0.0,1
10649,2024-02-19,email,1,0,0.0,0
10650,2024-02-19,email,1,0,0.0,1
10651,2024-02-19,email,0,0,0.0,1
10652,2024-02-19,email,1,0,0.0,1
10653,2024-02-19,email,1,0,0.0,0
10654,2024-02-19,email,0,0,0.0,1
10655,2024-02-19,email,0,0,0.0,1
10656,2024-02-19,email,1,0,0.0,0
10657,2024-02-19,email,1,0,0.0,0
10658,2024-02-19,email,1,0,0.0,0
10659,2024-02-19,email,0,0,0.0,1
10660,2024-02-19,email,0,0,0.0,1
10661,2024-02-19,email,0,0,0.0,1
10662,2024-02-19,email,1,0,0.0,0
10663,2024-02-19,email,0,1,56.84,1
10664,2024-02-19,email,1,0,0.0,0
10665,2024-02-19,email,0,0,0.0,1
10666,2024-02-19,email,0,0,0.0,0
10667,2024-02-19,email,0,1,49.81,1
10668,2024-02-19,email,0,0,0.0,1
10669,2024-02-19,email,0,0,0.0,0
10670,2024-02-19,email,1,0,0.0,0
10671,2024-02-19,email,1,0,0.0,0
10672,2024-02-19,email,1,0,0.0,1
10673,2024-02-19,email,0,1,62.34,0
10674,2024-02-19,email,1,0,0.0,0
10675,2024-02-19,email,1,0,0.0,0
10676,2024-02-19,email,1,0,0.0,0
10677,2024-02-19,email,1,0,0.0,0
10678,2024-02-19,email,0,0,0.0,1
10679,2024-02-19,email,1,0,0.0,0
10680,2024-02-19,email,1,0,0.0,0
10681,2024-02-19,email,1,0,0.0,0
10682,2024-02-19,email,0,0,0.0,1
10683,2024-02-19,email,0,0,0.0,1
10684,2024-02-19,email,0,0,0.0,1
10685,2024-02-19,email,0,0,0.0,0
10686,2024-02-19,email,1,0,0.0,0
10687,2024-02-19,email,0,0,0.0,1
10688,2024-02-19,email,1,0,0.0,0
10689,2024-02-19,email,0,0,0.0,1
10690,2024-02-19,email,1,0,0.0,0
10691,2024-02-19,email,0,0,0.0,0
10692,2024-02-19,email,1,0,0.0,0
10693,2024-02-19,email,0,0,0.0,1
10694,2024-02-19,email,0,0,0.0,1
10695,2024-02-19,email,0,0,0.0,1
10696,2024-02-19,email,1,0,0.0,0
10697,2024-02-19,email,1,0,0.0,0
10698,2024-02-19,email,0,0,0.0,1
10699,2024-02-19,email,0,0,0.0,1
10700,2024-02-19,email,0,0,0.0,1
10701,2024-02-19,email,1,0,0.0,0
10702,2024-02-19,email,1,0,0.0,0
10703,2024-02-19,email,0,0,0.0,1
10704,2024-02-19,email,1,0,0.0,0
10705,2024-02-19,email,0,0,0.0,1
10706,2024-02-19,email,0,0,0.0,1
10707,2024-02-19,email,1,0,0.0,0
10708,2024-02-19,email,0,0,0.0,1
10709,2024-02-19,email,1,0,0.0,0
10710,2024-02-19,email,0,0,0.0,1
10711,2024-02-19,email,0,0,0.0,1
10712,2024-02-19,email,0,0,0.0,0
10713,2024-02-19,email,1,0,0.0,0
10714,2024-02-19,email,1,0,0.0,0
10715,2024-02-19,email,0,0,0.0,1
10716,2024-02-19,email,1,0,0.0,0
10717,2024-02-19,email,0,0,0.0,0
10718,2024-02-19,email,0,0,0.0,1
10719,2024-02-19,email,0,0,0.0,1
10720,2024-02-19,email,0,0,0.0,1
10721,2024-02-19,email,1,0,0.0,0
10722,2024-02-19,email,1,0,0.0,0
10723,2024-02-19,email,1,0,0.0,0
10724,2024-02-19,email,1,0,0.0,0
10725,2024-02-19,email,1,0,0.0,0
10726,2024-02-19,email,1,0,0.0,0
10727,2024-02-19,email,0,0,0.0,1
10728,2024-02-19,email,1,0,0.0,0
10729,2024-02-19,email,0,0,0.0,1
10730,2024-02-19,email,1,0,0.0,0
10731,2024-02-19,email,1,1,27.87,0
10732,2024-02-19,email,0,0,0.0,1
10733,2024-02-19,email,0,0,0.0,1
10734,2024-02-19,email,0,0,0.0,1
10735,2024-02-19,email,1,0,0.0,0
10736,2024-02-19,email,1,0,0.0,0
10737,2024-02-19,email,0,0,0.0,0
10738,2024-02-19,email,0,0,0.0,1
10739,2024-02-19,email,1,0,0.0,1
10740,2024-02-19,email,0,0,0.0,1
10741,2024-02-19,email,0,0,0.0,1
10742,2024-02-19,email,0,0,0.0,1
10743,2024-02-19,email,1,0,0.0,1
10744,2024-02-19,email,0,0,0.0,1
10745,2024-02-19,email,1,0,0.0,0
10746,2024-02-19,email,0,1,29.1,1
10747,2024-02-19,email,0,1,59.98,1
10748,2024-02-19,email,0,0,0.0,1
10749,2024-02-19,email,1,1,48.01,1
10750,2024-02-19,email,1,0,0.0,0
10751,2024-02-19,email,1,0,0.0,0
10752,2024-02-19,email,1,0,0.0,0
10753,2024-02-19,email,1,0,0.0,0
10754,2024-02-19,email,1,0,0.0,0
10755,2024-02-19,email,0,0,0.0,1
10756,2024-02-19,email,0,0,0.0,1
10757,2024-02-19,email,1,0,0.0,0
10758,2024-02-19,email,1,0,0.0,0
10759,2024-02-19,email,0,0,0.0,1
10760,2024-02-19,email,1,1,45.07,0
10761,2024-02-19,email,0,0,0.0,1
10762,2024-02-19,email,1,0,0.0,0
10763,2024-02-19,email,0,0,0.0,1
10764,2024-02-19,email,1,0,0.0,0
10765,2024-02-19,email,1,0,0.0,0
10766,2024-02-19,email,0,0,0.0,1
10767,2024-02-19,email,0,0,0.0,0
10768,2024-02-19,email,1,0,0.0,0
10769,2024-02-19,email,1,0,0.0,0
10770,2024-02-19,email,1,0,0.0,0
10771,2024-02-19,email,1,0,0.0,0
10772,2024-02-19,email,0,0,0.0,0
10773,2024-02-19,email,0,0,0.0,0
10774,2024-02-19,email,1,0,0.0,0
10775,2024-02-19,email,0,0,0.0,0
10776,2024-02-19,email,1,0,0.0,0
10777,2024-02-19,email,1,0,0.0,0
10778,2024-02-19,email,1,0,0.0,0
10779,2024-02-19,email,1,0,0.0,0
10780,2024-02-19,email,0,0,0.0,1
10781,2024-02-19,email,1,0,0.0,0
10782,2024-02-19,email,0,0,0.0,1
10783,2024-02-19,email,0,0,0.0,1
10784,2024-02-19,email,0,0,0.0,1
10785,2024-02-19,email,0,0,0.0,1
10786,2024-02-19,email,0,0,0.0,1
10787,2024-02-19,email,0,0,0.0,1
10788,2024-02-19,email,0,0,0.0,1
10789,2024-02-19,email,1,0,0.0,0
10790,2024-02-19,email,0,0,0.0,0
10791,2024-02-19,email,1,0,0.0,0
10792,2024-02-19,email,1,0,0.0,0
10793,2024-02-19,email,0,0,0.0,1
10794,2024-02-19,email,1,0,0.0,0
10795,2024-02-19,email,1,0,0.0,0
10796,2024-02-19,email,1,0,0.0,0
10797,2024-02-19,email,0,0,0.0,1
10798,2024-02-19,email,1,0,0.0,0
10799,2024-02-19,email,0,0,0.0,1
10800,2024-02-19,email,1,0,0.0,0
10801,2024-02-19,email,1,0,0.0,0
10802,2024-02-19,email,1,0,0.0,1
10803,2024-02-19,email,0,0,0.0,1
10804,2024-02-19,email,1,0,0.0,0
10805,2024-02-19,email,0,0,0.0,0
10806,2024-02-19,email,1,0,0.0,0
10807,2024-02-19,email,0,0,0.0,1
10808,2024-02-19,email,1,0,0.0,1
10809,2024-02-19,email,1,0,0.0,0
10810,2024-02-19,email,1,0,0.0,0
10811,2024-02-19,email,1,0,0.0,0
10812,2024-02-19,email,0,0,0.0,0
10813,2024-02-19,email,0,0,0.0,1
10814,2024-02-19,email,1,0,0.0,0
10815,2024-02-19,email,1,0,0.0,0
10816,2024-02-19,email,0,0,0.0,1
10817,2024-02-19,email,1,0,0.0,0
10818,2024-02-19,email,1,0,0.0,1
10819,2024-02-19,email,1,0,0.0,1
10820,2024-02-19,email,0,0,0.0,1
10821,2024-02-19,email,0,0,0.0,1
10822,2024-02-19,email,0,0,0.0,1
10823,2024-02-19,email,0,0,0.0,0
10824,2024-02-19,email,1,0,0.0,0
10825,2024-02-19,email,1,0,0.0,0
10826,2024-02-19,email,0,0,0.0,1
10827,2024-02-19,email,0,0,0.0,1
10828,2024-02-19,email,1,0,0.0,1
10829,2024-02-19,email,0,0,0.0,1
10830,2024-02-19,email,1,1,74.26,1
10831,2024-02-19,email,1,0,0.0,0
10832,2024-02-19,email,0,0,0.0,1
10833,2024-02-19,email,1,1,40.25,0
10834,2024-02-19,email,1,0,0.0,0
10835,2024-02-19,email,1,0,0.0,0
10836,2024-02-19,email,0,0,0.0,0
10837,2024-02-19,email,1,1,39.88,0
10838,2024-02-19,email,1,0,0.0,0
10839,2024-02-19,email,0,0,0.0,1
10840,2024-02-19,email,0,0,0.0,0
10841,2024-02-19,email,1,1,31.47,0
10842,2024-02-19,email,1,0,0.0,0
10843,2024-02-19,email,0,0,0.0,1
10844,2024-02-19,email,0,0,0.0,0
10845,2024-02-19,email,1,0,0.0,0
10846,2024-02-19,email,0,0,0.0,1
10847,2024-02-19,email,1,0,0.0,1
10848,2024-02-19,email,0,0,0.0,1
10849,2024-02-19,email,0,0,0.0,0
10850,2024-02-19,email,0,0,0.0,1
10851,2024-02-19,email,1,0,0.0,1
10852,2024-02-19,email,1,0,0.0,1
10853,2024-02-19,email,0,1,38.01,0
10854,2024-02-19,email,1,0,0.0,0
10855,2024-02-19,email,0,0,0.0,1
10856,2024-02-19,email,0,0,0.0,0
10857,2024-02-19,email,0,0,0.0,1
10858,2024-02-19,email,1,0,0.0,0
10859,2024-02-19,email,1,0,0.0,0
10860,2024-02-19,email,1,0,0.0,0
10861,2024-02-19,email,0,0,0.0,0
10862,2024-02-19,email,0,0,0.0,1
10863,2024-02-19,email,0,0,0.0,0
10864,2024-02-19,email,0,0,0.0,1
10865,2024-02-19,email,0,0,0.0,1
10866,2024-02-19,email,1,0,0.0,0
10867,2024-02-19,email,1,0,0.0,0
10868,2024-02-19,email,0,0,0.0,1
10869,2024-02-19,email,0,0,0.0,1
10870,2024-02-19,email,1,0,0.0,0
10871,2024-02-19,email,1,0,0.0,0
10872,2024-02-19,email,0,0,0.0,0
10873,2024-02-19,email,1,0,0.0,0
10874,2024-02-19,email,0,0,0.0,1
10875,2024-02-19,email,1,0,0.0,0
10876,2024-02-19,email,0,0,0.0,1
10877,2024-02-19,email,1,0,0.0,0
10878,2024-02-19,email,0,0,0.0,1
10879,2024-02-19,email,1,0,0.0,0
10880,2024-02-19,email,1,0,0.0,0
10881,2024-02-19,email,1,0,0.0,0
10882,2024-02-19,email,1,0,0.0,0
10883,2024-02-19,email,0,0,0.0,0
10884,2024-02-19,email,1,0,0.0,0
10885,2024-02-19,email,1,1,42.12,0
10886,2024-02-19,email,0,0,0.0,0
10887,2024-02-19,email,0,0,0.0,1
10888,2024-02-19,email,0,0,0.0,0
10889,2024-02-19,email,1,0,0.0,0
10890,2024-02-19,email,1,0,0.0,0
10891,2024-02-19,email,0,1,57.08,0
10892,2024-02-19,email,0,0,0.0,1
10893,2024-02-19,email,1,0,0.0,1
10894,2024-02-19,email,0,0,0.0,0
10895,2024-02-19,email,1,0,0.0,0
10896,2024-02-19,email,1,0,0.0,0
10897,2024-02-19,email,0,0,0.0,1
10898,2024-02-19,email,1,0,0.0,0
10899,2024-02-19,email,0,0,0.0,1
10900,2024-02-19,email,1,0,0.0,1
10901,2024-02-19,email,1,0,0.0,0
10902,2024-02-19,email,1,0,0.0,0
10903,2024-02-19,email,1,0,0.0,0
10904,2024-02-19,email,0,0,0.0,0
10905,2024-02-19,email,1,0,0.0,0
10906,2024-02-19,email,0,0,0.0,1
10907,2024-02-19,email,0,0,0.0,0
10908,2024-02-19,email,1,0,0.0,0
10909,2024-02-19,email,0,0,0.0,0
10910,2024-02-19,email,0,0,0.0,1
10911,2024-02-19,email,0,0,0.0,1
10912,2024-02-19,email,1,0,0.0,0
10913,2024-02-19,email,0,0,0.0,0
10914,2024-02-19,email,0,0,0.0,1
10915,2024-02-19,email,1,0,0.0,0
10916,2024-02-19,email,0,0,0.0,1
10917,2024-02-19,email,0,0,0.0,0
10918,2024-02-19,email,1,0,0.0,0
10919,2024-02-19,email,1,0,0.0,1
10920,2024-02-19,email,0,0,0.0,0
10921,2024-02-19,email,0,0,0.0,1
10922,2024-02-19,email,1,0,0.0,0
10923,2024-02-19,email,1,0,0.0,0
10924,2024-02-19,email,0,0,0.0,0
10925,2024-02-19,email,1,0,0.0,0
10926,2024-02-19,email,1,0,0.0,0
10927,2024-02-19,email,1,0,0.0,0
10928,2024-02-19,email,1,0,0.0,0
10929,2024-02-19,email,1,0,0.0,0
10930,2024-02-19,email,1,1,71.04,0
10931,2024-02-19,email,1,0,0.0,1
10932,2024-02-19,email,0,0,0.0,1
10933,2024-02-19,email,1,1,37.59,0
10934,2024-02-19,email,0,0,0.0,0
10935,2024-02-19,email,1,0,0.0,0
10936,2024-02-19,email,0,0,0.0,0
10937,2024-02-19,email,0,0,0.0,0
10938,2024-02-19,email,1,1,64.48,0
10939,2024-02-19,email,1,0,0.0,0
10940,2024-02-19,email,1,0,0.0,0
10941,2024-02-19,email,0,0,0.0,0
10942,2024-02-19,email,1,0,0.0,0
10943,2024-02-19,email,1,0,0.0,0
10944,2024-02-19,email,0,0,0.0,1
10945,2024-02-19,email,0,0,0.0,0
10946,2024-02-19,email,0,0,0.0,0
10947,2024-02-19,email,1,0,0.0,0
10948,2024-02-19,email,0,0,0.0,1
10949,2024-02-19,email,1,0,0.0,0
10950,2024-02-19,email,1,0,0.0,1
10951,2024-02-19,email,1,0,0.0,0
10952,2024-02-19,email,0,0,0.0,0
10953,2024-02-19,email,1,0,0.0,0
10954,2024-02-19,email,1,0,0.0,0
10955,2024-02-19,email,1,0,0.0,0
10956,2024-02-19,email,1,0,0.0,0
10957,2024-02-19,email,1,1,43.13,0
10958,2024-02-19,email,0,0,0.0,1
10959,2024-02-19,email,1,0,0.0,0
10960,2024-02-19,email,1,0,0.0,1
10961,2024-02-19,email,0,0,0.0,0
10962,2024-02-19,email,1,0,0.0,0
10963,2024-02-19,email,1,1,38.66,1
10964,2024-02-19,email,1,0,0.0,0
10965,2024-02-19,email,1,0,0.0,0
10966,2024-02-19,email,0,0,0.0,1
10967,2024-02-19,email,0,0,0.0,1
10968,2024-02-19,email,1,0,0.0,1
10969,2024-02-19,email,0,0,0.0,1
10970,2024-02-19,email,1,0,0.0,0
10971,2024-02-19,email,0,0,0.0,1
10972,2024-02-19,email,0,0,0.0,1
10973,2024-02-19,email,0,0,0.0,1
10974,2024-02-19,email,1,0,0.0,0
10975,2024-02-19,email,1,1,59.33,0
10976,2024-02-19,email,0,0,0.0,1
10977,2024-02-19,email,0,0,0.0,1
10978,2024-02-19,email,1,0,0.0,0
10979,2024-02-19,email,1,0,0.0,0
10980,2024-02-19,email,1,0,0.0,0
10981,2024-02-19,email,1,0,0.0,0
10982,2024-02-19,email,0,0,0.0,1
10983,2024-02-19,email,0,0,0.0,1
10984,2024-02-19,email,1,0,0.0,0
10985,2024-02-19,email,1,0,0.0,0
10986,2024-02-19,email,1,0,0.0,0
10987,2024-02-19,email,1,0,0.0,0
10988,2024-02-19,email,1,1,119.9,0
10989,2024-02-19,email,0,0,0.0,1
10990,2024-02-19,email,0,0,0.0,1
10991,2024-02-19,email,1,0,0.0,0
10992,2024-02-19,email,0,0,0.0,0
10993,2024-02-19,email,1,0,0.0,1
10994,2024-02-19,email,1,0,0.0,0
10995,2024-02-19,email,0,0,0.0,0
10996,2024-02-19,email,1,0,0.0,0
10997,2024-02-19,email,0,0,0.0,1
10998,2024-02-19,email,0,0,0.0,0
10999,2024-02-19,email,0,0,0.0,1
11000,2024-02-19,email,1,0,0.0,0
11001,2024-02-19,email,1,0,0.0,1
11002,2024-02-19,email,1,0,0.0,0
11003,2024-02-19,email,0,0,0.0,0
11004,2024-02-19,email,0,0,0.0,0
11005,2024-02-19,email,0,0,0.0,0
11006,2024-02-19,email,0,0,0.0,1
11007,2024-02-19,email,1,0,0.0,1
11008,2024-02-19,email,0,0,0.0,1
11009,2024-02-19,email,1,0,0.0,0
11010,2024-02-19,email,0,0,0.0,0
11011,2024-02-19,email,1,0,0.0,0
11012,2024-02-19,email,0,0,0.0,1
11013,2024-02-19,email,1,0,0.0,0
11014,2024-02-19,email,1,0,0.0,1
11015,2024-02-19,email,1,0,0.0,0
11016,2024-02-19,email,0,0,0.0,1
11017,2024-02-19,email,0,0,0.0,0
11018,2024-02-19,email,0,0,0.0,1
11019,2024-02-19,email,0,0,0.0,1
11020,2024-02-19,email,1,0,0.0,0
11021,2024-02-19,email,1,0,0.0,0
11022,2024-02-19,email,0,0,0.0,1
11023,2024-02-19,email,0,0,0.0,1
11024,2024-02-19,email,0,0,0.0,1
11025,2024-02-19,email,1,0,0.0,0
11026,2024-02-19,email,0,0,0.0,0
11027,2024-02-19,email,1,0,0.0,0
11028,2024-02-19,email,1,0,0.0,0
11029,2024-02-19,email,1,0,0.0,0
11030,2024-02-19,email,0,0,0.0,0
11031,2024-02-19,email,1,0,0.0,0
11032,2024-02-19,email,0,1,40.41,0
11033,2024-02-19,email,1,0,0.0,0
11034,2024-02-19,email,1,0,0.0,0
11035,2024-02-19,email,0,0,0.0,1
11036,2024-02-19,email,0,0,0.0,1
11037,2024-02-19,email,1,0,0.0,1
11038,2024-02-19,email,0,0,0.0,1
11039,2024-02-19,email,0,0,0.0,1
11040,2024-02-19,email,1,0,0.0,0
11041,2024-02-19,email,0,0,0.0,0
11042,2024-02-19,email,1,0,0.0,0
11043,2024-02-19,email,1,0,0.0,0
11044,2024-02-19,email,0,0,0.0,0
11045,2024-02-19,email,1,0,0.0,0
11046,2024-02-19,email,0,0,0.0,0
11047,2024-02-19,email,1,0,0.0,0
11048,2024-02-19,email,0,0,0.0,1
11049,2024-02-19,email,0,0,0.0,1
11050,2024-02-19,email,0,0,0.0,1
11051,2024-02-19,email,0,0,0.0,1
11052,2024-02-19,email,1,0,0.0,0
11053,2024-02-19,email,0,0,0.0,1
11054,2024-02-19,email,1,0,0.0,0
11055,2024-02-19,email,0,0,0.0,1
11056,2024-02-19,email,1,0,0.0,0
11057,2024-02-19,email,1,0,0.0,0
11058,2024-02-19,email,1,0,0.0,0
11059,2024-02-19,email,1,0,0.0,0
11060,2024-02-19,email,1,0,0.0,0
11061,2024-02-19,email,0,0,0.0,1
11062,2024-02-19,email,0,0,0.0,1
11063,2024-02-19,email,1,1,43.84,0
11064,2024-02-19,email,1,0,0.0,0
11065,2024-02-19,email,1,1,52.3,0
11066,2024-02-19,email,0,0,0.0,1
11067,2024-02-19,email,1,0,0.0,0
11068,2024-02-19,email,1,0,0.0,0
11069,2024-02-19,email,1,0,0.0,0
11070,2024-02-19,email,1,0,0.0,0
11071,2024-02-19,email,1,0,0.0,0
11072,2024-02-19,email,0,0,0.0,0
11073,2024-02-19,email,1,0,0.0,0
11074,2024-02-19,email,1,0,0.0,0
11075,2024-02-19,email,1,0,0.0,0
11076,2024-02-19,email,0,0,0.0,0
11077,2024-02-19,email,1,0,0.0,0
11078,2024-02-19,email,0,0,0.0,0
11079,2024-02-19,email,0,0,0.0,0
11080,2024-02-19,email,1,1,24.51,1
11081,2024-02-19,email,1,0,0.0,1
11082,2024-02-19,email,1,0,0.0,1
11083,2024-02-19,email,0,0,0.0,0
11084,2024-02-19,email,0,0,0.0,0
11085,2024-02-19,email,1,0,0.0,0
11086,2024-02-19,email,0,0,0.0,1
11087,2024-02-19,email,0,0,0.0,1
11088,2024-02-19,email,0,1,52.02,1
11089,2024-02-19,email,1,0,0.0,0
11090,2024-02-19,email,0,0,0.0,1
11091,2024-02-19,email,1,0,0.0,0
11092,2024-02-19,email,0,0,0.0,1
11093,2024-02-19,email,0,0,0.0,0
11094,2024-02-19,email,0,0,0.0,1
11095,2024-02-19,email,1,0,0.0,0
11096,2024-02-19,email,1,0,0.0,0
11097,2024-02-19,email,1,0,0.0,0
11098,2024-02-19,email,1,1,30.94,0
11099,2024-02-19,email,0,0,0.0,0
11100,2024-02-19,email,0,0,0.0,1
11101,2024-02-19,email,0,0,0.0,0
11102,2024-02-19,email,1,0,0.0,0
11103,2024-02-19,email,0,0,0.0,1
11104,2024-02-19,email,0,0,0.0,1
11105,2024-02-19,email,1,0,0.0,1
11106,2024-02-19,email,1,0,0.0,1
11107,2024-02-19,email,0,0,0.0,1
11108,2024-02-19,email,1,0,0.0,1
11109,2024-02-19,email,0,0,0.0,0
11110,2024-02-19,email,0,0,0.0,1
11111,2024-02-19,email,0,0,0.0,0
11112,2024-02-19,email,0,0,0.0,0
11113,2024-02-19,email,0,0,0.0,1
11114,2024-02-19,email,1,0,0.0,0
11115,2024-02-19,email,1,0,0.0,0
11116,2024-02-19,email,1,0,0.0,0
11117,2024-02-19,email,1,0,0.0,0
11118,2024-02-19,email,1,0,0.0,0
11119,2024-02-19,email,1,0,0.0,0
11120,2024-02-19,email,1,0,0.0,0
11121,2024-02-19,email,0,0,0.0,1
11122,2024-02-19,email,1,0,0.0,0
11123,2024-02-19,email,0,0,0.0,0
11124,2024-02-19,email,1,0,0.0,0
11125,2024-02-19,email,0,0,0.0,1
11126,2024-02-19,email,1,0,0.0,0
11127,2024-02-19,email,0,0,0.0,0
11128,2024-02-19,email,1,0,0.0,0
11129,2024-02-19,email,0,0,0.0,1
11130,2024-02-19,email,1,0,0.0,0
11131,2024-02-19,email,0,1,45.66,1
11132,2024-02-19,email,0,0,0.0,1
11133,2024-02-19,email,0,0,0.0,1
11134,2024-02-19,email,0,1,37.46,1
11135,2024-02-19,email,1,0,0.0,0
11136,2024-02-19,email,0,1,45.23,0
11137,2024-02-19,email,1,0,0.0,0
11138,2024-02-19,email,1,0,0.0,0
11139,2024-02-19,email,0,0,0.0,1
11140,2024-02-19,email,1,1,28.05,1
11141,2024-02-19,email,1,0,0.0,0
11142,2024-02-19,email,0,0,0.0,1
11143,2024-02-19,email,0,0,0.0,0
11144,2024-02-19,email,1,0,0.0,1
11145,2024-02-19,email,0,0,0.0,1
11146,2024-02-19,email,1,0,0.0,0
11147,2024-02-19,email,1,0,0.0,0
11148,2024-02-19,email,0,0,0.0,1
11149,2024-02-19,email,1,0,0.0,0
11150,2024-02-19,email,1,0,0.0,0
11151,2024-02-19,email,1,0,0.0,0
11152,2024-02-19,email,1,0,0.0,0
11153,2024-02-19,email,0,0,0.0,0
11154,2024-02-19,email,0,0,0.0,1
11155,2024-02-19,email,0,0,0.0,1
11156,2024-02-19,email,0,0,0.0,0
11157,2024-02-19,email,1,0,0.0,0
11158,2024-02-19,email,0,0,0.0,1
11159,2024-02-19,email,0,0,0.0,0
11160,2024-02-19,email,1,0,0.0,0
11161,2024-02-19,email,1,0,0.0,0
11162,2024-02-19,email,0,0,0.0,1
11163,2024-02-19,email,1,0,0.0,0
11164,2024-02-19,email,0,0,0.0,1
11165,2024-02-19,email,0,0,0.0,0
11166,2024-02-19,email,1,0,0.0,0
11167,2024-02-19,email,1,0,0.0,0
11168,2024-02-19,email,1,0,0.0,1
11169,2024-02-19,email,1,0,0.0,0
11170,2024-02-19,email,1,0,0.0,1
11171,2024-02-19,email,0,0,0.0,1
11172,2024-02-19,email,1,0,0.0,0
11173,2024-02-19,email,0,0,0.0,1
11174,2024-02-19,email,1,0,0.0,0
11175,2024-02-19,email,0,1,37.93,1
11176,2024-02-19,email,1,0,0.0,0
11177,2024-02-19,email,1,0,0.0,0
11178,2024-02-19,email,1,0,0.0,0
11179,2024-02-19,email,0,0,0.0,1
11180,2024-02-19,email,0,0,0.0,0
11181,2024-02-19,email,1,0,0.0,1
11182,2024-02-19,email,1,0,0.0,0
11183,2024-02-19,email,1,0,0.0,0
11184,2024-02-19,email,0,0,0.0,1
11185,2024-02-19,email,1,0,0.0,0
11186,2024-02-19,email,0,0,0.0,0
11187,2024-02-19,email,1,0,0.0,0
11188,2024-02-19,email,1,0,0.0,0
11189,2024-02-19,email,0,0,0.0,1
11190,2024-02-19,email,1,0,0.0,0
11191,2024-02-19,email,0,0,0.0,0
11192,2024-02-19,email,1,0,0.0,0
11193,2024-02-19,email,0,0,0.0,0
11194,2024-02-19,email,1,0,0.0,0
11195,2024-02-19,email,1,0,0.0,0
11196,2024-02-19,email,0,0,0.0,1
11197,2024-02-19,email,1,0,0.0,0
11198,2024-02-19,email,1,0,0.0,0
11199,2024-02-19,email,0,0,0.0,1
11200,2024-02-19,email,0,0,0.0,0
11201,2024-02-19,email,0,0,0.0,0
11202,2024-02-19,email,0,1,32.05,1
11203,2024-02-19,email,0,0,0.0,1
11204,2024-02-19,email,1,0,0.0,0
11205,2024-02-19,email,0,1,34.23,1
11206,2024-02-19,email,0,0,0.0,0
11207,2024-02-19,email,1,0,0.0,1
11208,2024-02-19,email,1,0,0.0,0
11209,2024-02-19,email,1,0,0.0,0
11210,2024-02-19,email,0,0,0.0,1
11211,2024-02-19,email,0,0,0.0,1
11212,2024-02-19,email,1,0,0.0,0
11213,2024-02-19,email,1,0,0.0,0
11214,2024-02-19,email,1,0,0.0,0
11215,2024-02-19,email,1,0,0.0,0
11216,2024-02-19,email,1,0,0.0,0
11217,2024-02-19,email,1,0,0.0,0
11218,2024-02-19,email,0,0,0.0,1
11219,2024-02-19,email,1,0,0.0,1
11220,2024-02-19,email,0,0,0.0,1
11221,2024-02-19,email,0,0,0.0,1
11222,2024-02-19,email,0,0,0.0,1
11223,2024-02-19,email,1,0,0.0,1
11224,2024-02-19,email,0,0,0.0,1
11225,2024-02-19,email,1,0,0.0,0
11226,2024-02-19,email,0,0,0.0,1
11227,2024-02-19,email,1,0,0.0,0
11228,2024-02-19,email,1,0,0.0,0
11229,2024-02-19,email,0,0,0.0,1
11230,2024-02-19,email,0,0,0.0,1
11231,2024-02-19,email,1,0,0.0,0
11232,2024-02-19,email,0,0,0.0,0
11233,2024-02-19,email,0,0,0.0,1
11234,2024-02-19,email,1,0,0.0,0
11235,2024-02-19,email,0,0,0.0,1
11236,2024-02-19,email,1,0,0.0,0
11237,2024-02-19,email,1,0,0.0,0
11238,2024-02-19,email,1,0,0.0,0
11239,2024-02-19,email,0,0,0.0,1
11240,2024-02-19,email,1,0,0.0,0
11241,2024-02-19,email,0,0,0.0,1
11242,2024-02-19,email,0,0,0.0,0
11243,2024-02-19,email,1,0,0.0,0
11244,2024-02-19,email,1,0,0.0,0
11245,2024-02-19,email,1,0,0.0,0
11246,2024-02-19,email,0,0,0.0,1
11247,2024-02-19,email,0,0,0.0,1
11248,2024-02-19,email,1,0,0.0,0
11249,2024-02-19,email,1,0,0.0,0
11250,2024-02-19,email,0,0,0.0,1
11251,2024-02-19,email,1,0,0.0,0
11252,2024-02-19,email,0,0,0.0,1
11253,2024-02-19,email,0,0,0.0,1
11254,2024-02-19,email,1,0,0.0,0
11255,2024-02-19,email,1,0,0.0,0
11256,2024-02-19,email,0,0,0.0,1
11257,2024-02-19,email,1,0,0.0,0
11258,2024-02-19,email,0,0,0.0,1
11259,2024-02-19,email,1,0,0.0,1
11260,2024-02-19,email,1,0,0.0,0
11261,2024-02-19,email,1,0,0.0,0
11262,2024-02-19,email,0,0,0.0,1
11263,2024-02-19,email,0,0,0.0,1
11264,2024-02-19,email,0,0,0.0,1
11265,2024-02-19,email,1,0,0.0,0
11266,2024-02-19,email,0,1,54.96,1
11267,2024-02-19,email,1,0,0.0,1
11268,2024-02-19,email,0,0,0.0,0
11269,2024-02-19,email,1,0,0.0,0
11270,2024-02-19,email,1,0,0.0,0
11271,2024-02-19,email,0,0,0.0,0
11272,2024-02-19,email,0,1,91.05,1
11273,2024-02-19,email,1,0,0.0,0
11274,2024-02-19,email,1,0,0.0,0
11275,2024-02-19,email,1,0,0.0,0
11276,2024-02-19,email,1,0,0.0,0
11277,2024-02-19,email,1,0,0.0,0
11278,2024-02-19,email,0,0,0.0,1
11279,2024-02-19,email,1,0,0.0,0
11280,2024-02-19,email,1,0,0.0,0
11281,2024-02-19,email,1,0,0.0,0
11282,2024-02-19,email,1,0,0.0,0
11283,2024-02-19,email,0,1,33.73,1
11284,2024-02-19,email,1,0,0.0,0
11285,2024-02-19,email,1,0,0.0,0
11286,2024-02-19,email,1,0,0.0,0
11287,2024-02-19,email,1,0,0.0,0
11288,2024-02-19,email,0,0,0.0,1
11289,2024-02-19,email,0,0,0.0,1
11290,2024-02-19,email,0,0,0.0,1
11291,2024-02-19,email,1,0,0.0,0
11292,2024-02-19,email,1,0,0.0,1
11293,2024-02-19,email,1,0,0.0,0
11294,2024-02-19,email,0,0,0.0,1
11295,2024-02-19,email,0,0,0.0,1
11296,2024-02-19,email,1,0,0.0,0
11297,2024-02-19,email,0,0,0.0,1
11298,2024-02-19,email,1,1,73.78,0
11299,2024-02-19,email,1,0,0.0,0
11300,2024-02-19,email,1,0,0.0,0
11301,2024-02-19,email,1,0,0.0,0
11302,2024-02-19,email,0,0,0.0,1
11303,2024-02-19,email,1,0,0.0,0
11304,2024-02-19,email,0,0,0.0,1
11305,2024-02-19,email,1,0,0.0,0
11306,2024-02-19,email,1,0,0.0,0
11307,2024-02-19,email,1,0,0.0,0
11308,2024-02-19,email,0,0,0.0,0
11309,2024-02-19,email,1,0,0.0,0
11310,2024-02-19,email,0,0,0.0,1
11311,2024-02-19,email,1,0,0.0,0
11312,2024-02-19,email,0,0,0.0,0
11313,2024-02-19,email,0,0,0.0,1
11314,2024-02-19,email,0,0,0.0,1
11315,2024-02-19,email,1,0,0.0,0
11316,2024-02-19,email,1,0,0.0,0
11317,2024-02-19,email,1,0,0.0,0
11318,2024-02-19,email,1,0,0.0,0
11319,2024-02-19,email,0,0,0.0,1
11320,2024-02-19,email,1,0,0.0,0
11321,2024-02-19,email,1,0,0.0,0
11322,2024-02-19,email,1,0,0.0,0
11323,2024-02-19,email,0,0,0.0,1
11324,2024-02-19,email,0,0,0.0,0
11325,2024-02-19,email,0,0,0.0,0
11326,2024-02-19,email,1,0,0.0,0
11327,2024-02-19,email,1,0,0.0,0
11328,2024-02-19,email,1,0,0.0,0
11329,2024-02-19,email,0,0,0.0,0
11330,2024-02-19,email,0,0,0.0,1
11331,2024-02-19,email,1,0,0.0,0
11332,2024-02-19,email,1,0,0.0,0
11333,2024-02-19,email,1,0,0.0,0
11334,2024-02-19,email,0,0,0.0,0
11335,2024-02-19,email,1,0,0.0,0
11336,2024-02-19,email,0,0,0.0,0
11337,2024-02-19,email,1,0,0.0,0
11338,2024-02-19,email,0,0,0.0,1
11339,2024-02-19,email,1,0,0.0,0
11340,2024-02-19,email,0,0,0.0,1
11341,2024-02-19,email,1,0,0.0,1
11342,2024-02-19,email,1,0,0.0,0
11343,2024-02-19,email,0,0,0.0,0
11344,2024-02-19,email,0,0,0.0,1
11345,2024-02-19,email,0,0,0.0,1
11346,2024-02-19,email,1,0,0.0,0
11347,2024-02-19,email,0,0,0.0,0
11348,2024-02-19,email,0,0,0.0,1
11349,2024-02-19,email,0,1,53.3,1
11350,2024-02-19,email,1,0,0.0,0
11351,2024-02-19,email,0,0,0.0,1
11352,2024-02-19,email,1,0,0.0,0
11353,2024-02-19,email,1,0,0.0,0
11354,2024-02-19,email,0,0,0.0,0
11355,2024-02-19,email,0,0,0.0,1
11356,2024-02-19,email,0,0,0.0,1
11357,2024-02-19,email,0,0,0.0,1
11358,2024-02-19,email,0,0,0.0,1
11359,2024-02-19,email,0,0,0.0,1
11360,2024-02-19,email,0,0,0.0,0
11361,2024-02-19,email,1,0,0.0,0
11362,2024-02-19,email,0,0,0.0,1
11363,2024-02-19,email,0,0,0.0,1
11364,2024-02-19,email,1,0,0.0,0
11365,2024-02-19,email,0,0,0.0,1
11366,2024-02-19,email,1,0,0.0,0
11367,2024-02-19,email,0,0,0.0,1
11368,2024-02-19,email,1,0,0.0,0
11369,2024-02-19,email,0,0,0.0,1
11370,2024-02-19,email,0,0,0.0,0
11371,2024-02-19,email,0,0,0.0,1
11372,2024-02-19,email,0,0,0.0,1
11373,2024-02-19,email,1,0,0.0,0
11374,2024-02-19,email,1,0,0.0,0
11375,2024-02-19,email,0,0,0.0,1
11376,2024-02-19,email,0,0,0.0,0
11377,2024-02-19,email,0,0,0.0,0
11378,2024-02-19,email,0,0,0.0,1
11379,2024-02-19,email,0,0,0.0,1
11380,2024-02-19,email,0,0,0.0,0
11381,2024-02-19,email,0,0,0.0,1
11382,2024-02-19,email,1,0,0.0,1
11383,2024-02-19,email,0,0,0.0,1
11384,2024-02-19,email,1,0,0.0,0
11385,2024-02-19,email,1,1,32.1,0
11386,2024-02-19,email,0,0,0.0,1
11387,2024-02-19,email,0,0,0.0,1
11388,2024-02-19,email,1,0,0.0,0
11389,2024-02-19,email,0,0,0.0,1
11390,2024-02-19,email,1,0,0.0,0
11391,2024-02-19,email,0,0,0.0,1
11392,2024-02-19,email,1,0,0.0,0
11393,2024-02-19,email,0,0,0.0,0
11394,2024-02-19,email,0,0,0.0,1
11395,2024-02-19,email,0,0,0.0,0
11396,2024-02-19,email,0,0,0.0,0
11397,2024-02-19,email,0,0,0.0,1
11398,2024-02-19,email,0,1,31.39,1
11399,2024-02-19,email,1,0,0.0,0
11400,2024-02-19,email,1,0,0.0,0
11401,2024-02-19,email,0,0,0.0,1
11402,2024-02-19,email,1,0,0.0,1
11403,2024-02-19,email,1,0,0.0,0
11404,2024-02-19,email,0,0,0.0,1
11405,2024-02-19,email,1,0,0.0,0
11406,2024-02-19,email,1,1,35.25,0
11407,2024-02-19,email,0,0,0.0,1
11408,2024-02-19,email,0,0,0.0,0
11409,2024-02-19,email,1,0,0.0,0
11410,2024-02-19,email,1,0,0.0,0
11411,2024-02-19,email,1,0,0.0,0
11412,2024-02-19,email,0,0,0.0,0
11413,2024-02-19,email,1,0,0.0,0
11414,2024-02-19,email,1,0,0.0,0
11415,2024-02-19,email,1,0,0.0,0
11416,2024-02-19,email,1,0,0.0,1
11417,2024-02-19,email,0,0,0.0,1
11418,2024-02-19,email,1,0,0.0,0
11419,2024-02-19,email,0,0,0.0,0
11420,2024-02-19,email,1,0,0.0,1
11421,2024-02-19,email,0,0,0.0,0
11422,2024-02-19,email,0,0,0.0,1
11423,2024-02-19,email,1,0,0.0,0
11424,2024-02-19,email,0,0,0.0,0
11425,2024-02-19,email,1,0,0.0,0
11426,2024-02-19,email,0,0,0.0,1
11427,2024-02-19,email,1,0,0.0,0
11428,2024-02-19,email,1,0,0.0,0
11429,2024-02-19,email,1,0,0.0,0
11430,2024-02-19,email,1,0,0.0,0
11431,2024-02-19,email,1,0,0.0,1
11432,2024-02-19,email,0,0,0.0,1
11433,2024-02-19,email,0,0,0.0,1
11434,2024-02-19,email,0,0,0.0,1
11435,2024-02-19,email,1,0,0.0,0
11436,2024-02-19,email,1,0,0.0,0
11437,2024-02-19,email,0,0,0.0,0
11438,2024-02-19,email,1,0,0.0,1
11439,2024-02-19,email,0,0,0.0,0
11440,2024-02-19,email,1,0,0.0,0
11441,2024-02-19,email,1,0,0.0,1
11442,2024-02-19,email,0,0,0.0,1
11443,2024-02-19,email,0,0,0.0,1
11444,2024-02-19,email,1,0,0.0,0
11445,2024-02-19,email,1,0,0.0,0
11446,2024-02-19,email,0,0,0.0,1
11447,2024-02-19,email,1,0,0.0,0
11448,2024-02-19,email,0,1,52.88,0
11449,2024-02-19,email,1,0,0.0,0
11450,2024-02-19,email,0,0,0.0,1
11451,2024-02-19,email,0,0,0.0,0
11452,2024-02-19,email,0,0,0.0,1
11453,2024-02-19,email,1,0,0.0,0
11454,2024-02-19,email,0,0,0.0,0
11455,2024-02-19,email,1,0,0.0,0
11456,2024-02-19,email,0,0,0.0,1
11457,2024-02-19,email,1,0,0.0,0
11458,2024-02-19,email,1,0,0.0,0
11459,2024-02-19,email,0,0,0.0,0
11460,2024-02-19,email,0,0,0.0,1
11461,2024-02-19,email,1,0,0.0,0
11462,2024-02-19,email,1,0,0.0,0
11463,2024-02-19,email,1,0,0.0,0
11464,2024-02-19,email,1,0,0.0,0
11465,2024-02-19,email,1,0,0.0,0
11466,2024-02-19,email,1,0,0.0,0
11467,2024-02-19,email,0,0,0.0,1
11468,2024-02-19,email,1,0,0.0,0
11469,2024-02-19,email,0,0,0.0,1
11470,2024-02-19,email,1,0,0.0,0
11471,2024-02-19,email,0,0,0.0,1
11472,2024-02-19,email,1,0,0.0,0
11473,2024-02-19,email,1,0,0.0,0
11474,2024-02-19,email,0,0,0.0,1
11475,2024-02-19,email,0,0,0.0,1
11476,2024-02-19,email,1,0,0.0,0
11477,2024-02-19,email,1,0,0.0,0
11478,2024-02-19,email,0,0,0.0,1
11479,2024-02-19,email,0,0,0.0,0
11480,2024-02-19,email,0,0,0.0,1
11481,2024-02-19,email,1,0,0.0,0
11482,2024-02-19,email,0,0,0.0,1
11483,2024-02-19,email,1,0,0.0,0
11484,2024-02-19,email,0,0,0.0,1
11485,2024-02-19,email,0,0,0.0,0
11486,2024-02-19,email,1,0,0.0,0
11487,2024-02-19,email,1,0,0.0,0
11488,2024-02-19,email,0,0,0.0,1
11489,2024-02-19,email,1,0,0.0,0
11490,2024-02-19,email,0,0,0.0,1
11491,2024-02-19,email,0,0,0.0,1
11492,2024-02-19,email,0,0,0.0,0
11493,2024-02-19,email,0,0,0.0,0
11494,2024-02-19,email,1,0,0.0,0
11495,2024-02-19,email,1,1,48.84,0
11496,2024-02-19,email,0,0,0.0,0
11497,2024-02-19,email,0,0,0.0,1
11498,2024-02-19,email,0,0,0.0,1
11499,2024-02-19,email,1,0,0.0,0
11500,2024-02-19,email,1,0,0.0,0
11501,2024-02-19,email,0,0,0.0,1
11502,2024-02-19,email,1,0,0.0,0
11503,2024-02-19,email,0,0,0.0,0
11504,2024-02-19,email,1,1,59.18,0
11505,2024-02-19,email,1,0,0.0,0
11506,2024-02-19,email,1,0,0.0,1
11507,2024-02-19,email,0,0,0.0,0
11508,2024-02-19,email,0,0,0.0,1
11509,2024-02-19,email,1,0,0.0,0
11510,2024-02-19,email,1,0,0.0,0
11511,2024-02-19,email,0,0,0.0,1
11512,2024-02-19,email,0,0,0.0,0
11513,2024-02-19,email,1,0,0.0,0
11514,2024-02-19,email,0,0,0.0,1
11515,2024-02-19,email,0,0,0.0,1
11516,2024-02-19,email,0,0,0.0,0
11517,2024-02-19,email,0,0,0.0,1
11518,2024-02-19,email,0,0,0.0,1
11519,2024-02-19,email,0,0,0.0,1
11520,2024-02-19,email,0,0,0.0,1
11521,2024-02-19,email,1,0,0.0,0
11522,2024-02-19,email,1,0,0.0,0
11523,2024-02-19,email,0,0,0.0,1
11524,2024-02-19,email,1,0,0.0,0
11525,2024-02-19,email,0,0,0.0,1
11526,2024-02-19,email,1,0,0.0,1
11527,2024-02-19,email,1,0,0.0,1
11528,2024-02-19,email,0,0,0.0,0
11529,2024-02-19,email,0,0,0.0,1
11530,2024-02-19,email,1,0,0.0,0
11531,2024-02-19,email,1,0,0.0,0
11532,2024-02-19,email,0,0,0.0,1
11533,2024-02-19,email,1,0,0.0,0
11534,2024-02-19,email,1,0,0.0,0
11535,2024-02-19,email,0,0,0.0,0
11536,2024-02-19,email,0,0,0.0,1
11537,2024-02-19,email,1,0,0.0,0
11538,2024-02-19,email,1,0,0.0,1
11539,2024-02-19,email,1,0,0.0,0
11540,2024-02-19,email,1,0,0.0,0
11541,2024-02-19,email,1,0,0.0,0
11542,2024-02-19,email,0,0,0.0,0
11543,2024-02-19,email,0,0,0.0,1
11544,2024-02-19,email,1,0,0.0,0
11545,2024-02-19,email,0,0,0.0,1
11546,2024-02-19,email,1,0,0.0,0
11547,2024-02-19,email,1,0,0.0,0
11548,2024-02-19,email,0,0,0.0,1
11549,2024-02-19,email,1,0,0.0,0
11550,2024-02-19,email,0,0,0.0,1
11551,2024-02-19,email,0,0,0.0,1
11552,2024-02-19,email,1,0,0.0,0
11553,2024-02-19,email,0,0,0.0,1
11554,2024-02-19,email,0,0,0.0,1
11555,2024-02-19,email,1,0,0.0,0
11556,2024-02-19,email,1,0,0.0,0
11557,2024-02-19,email,1,0,0.0,0
11558,2024-02-19,email,1,0,0.0,0
11559,2024-02-19,email,0,0,0.0,1
11560,2024-02-19,email,1,0,0.0,0
11561,2024-02-19,email,1,1,30.5,0
11562,2024-02-19,email,0,0,0.0,1
11563,2024-02-19,email,1,0,0.0,1
11564,2024-02-19,email,1,0,0.0,0
11565,2024-02-19,email,0,0,0.0,0
11566,2024-02-19,email,1,0,0.0,0
11567,2024-02-19,email,1,0,0.0,0
11568,2024-02-19,email,1,0,0.0,0
11569,2024-02-19,email,0,0,0.0,1
11570,2024-02-19,email,1,0,0.0,0
11571,2024-02-19,email,1,0,0.0,0
11572,2024-02-19,email,0,0,0.0,0
11573,2024-02-19,email,0,0,0.0,1
11574,2024-02-19,email,0,0,0.0,1
11575,2024-02-19,email,1,0,0.0,0
11576,2024-02-19,email,1,0,0.0,0
11577,2024-02-19,email,1,0,0.0,0
11578,2024-02-19,email,0,0,0.0,1
11579,2024-02-19,email,1,0,0.0,1
11580,2024-02-19,email,1,0,0.0,0
11581,2024-02-19,email,1,0,0.0,0
11582,2024-02-19,email,0,0,0.0,0
11583,2024-02-19,email,0,0,0.0,1
11584,2024-02-19,email,0,0,0.0,1
11585,2024-02-19,email,1,1,81.06,0
11586,2024-02-19,email,1,0,0.0,0
11587,2024-02-19,email,1,0,0.0,0
11588,2024-02-19,email,0,0,0.0,0
11589,2024-02-19,email,1,0,0.0,0
11590,2024-02-19,email,0,0,0.0,1
11591,2024-02-19,email,1,0,0.0,0
11592,2024-02-19,email,0,0,0.0,1
11593,2024-02-19,email,0,0,0.0,1
11594,2024-02-19,email,1,0,0.0,0
11595,2024-02-19,email,0,0,0.0,1
11596,2024-02-19,email,0,0,0.0,0
11597,2024-02-19,email,1,0,0.0,0
11598,2024-02-19,email,0,0,0.0,0
11599,2024-02-19,email,1,0,0.0,0
11600,2024-02-19,email,1,0,0.0,0
11601,2024-02-19,email,1,0,0.0,0
11602,2024-02-19,email,1,0,0.0,0
11603,2024-02-19,email,0,0,0.0,1
11604,2024-02-19,email,1,0,0.0,0
11605,2024-02-19,email,1,0,0.0,0
11606,2024-02-19,email,1,0,0.0,0
11607,2024-02-19,email,0,0,0.0,0
11608,2024-02-19,email,0,0,0.0,1
11609,2024-02-19,email,1,0,0.0,0
11610,2024-02-19,email,1,0,0.0,0
11611,2024-02-19,email,1,0,0.0,0
11612,2024-02-19,email,1,0,0.0,0
11613,2024-02-19,email,1,0,0.0,0
11614,2024-02-19,email,1,0,0.0,0
11615,2024-02-19,email,1,0,0.0,0
11616,2024-02-19,email,0,0,0.0,0
11617,2024-02-19,email,0,0,0.0,1
11618,2024-02-19,email,0,0,0.0,1
11619,2024-02-19,email,1,1,50.51,0
11620,2024-02-19,email,1,0,0.0,0
11621,2024-02-19,email,0,0,0.0,0
11622,2024-02-19,email,1,0,0.0,0
11623,2024-02-19,email,0,0,0.0,1
11624,2024-02-19,email,0,0,0.0,0
11625,2024-02-19,email,0,0,0.0,1
11626,2024-02-19,email,0,0,0.0,0
11627,2024-02-19,email,0,0,0.0,0
11628,2024-02-19,email,0,0,0.0,1
11629,2024-02-19,email,0,0,0.0,1
11630,2024-02-19,email,1,0,0.0,0
11631,2024-02-19,email,1,0,0.0,0
11632,2024-02-19,email,1,0,0.0,1
11633,2024-02-19,email,0,0,0.0,1
11634,2024-02-19,email,0,0,0.0,1
11635,2024-02-19,email,1,0,0.0,0
11636,2024-02-19,email,0,0,0.0,0
11637,2024-02-19,email,1,0,0.0,0
11638,2024-02-19,email,0,0,0.0,0
11639,2024-02-19,email,0,0,0.0,0
11640,2024-02-19,email,0,0,0.0,1
11641,2024-02-19,email,0,0,0.0,1
11642,2024-02-19,email,0,0,0.0,1
11643,2024-02-19,email,1,0,0.0,1
11644,2024-02-19,email,1,0,0.0,0
11645,2024-02-19,email,0,0,0.0,1
11646,2024-02-19,email,1,0,0.0,0
11647,2024-02-19,email,0,1,60.54,1
11648,2024-02-19,email,1,1,41.54,0
11649,2024-02-19,email,0,0,0.0,0
11650,2024-02-19,email,1,0,0.0,0
11651,2024-02-19,email,0,0,0.0,1
11652,2024-02-19,email,1,0,0.0,0
11653,2024-02-19,email,1,0,0.0,0
11654,2024-02-19,email,1,0,0.0,0
11655,2024-02-19,email,1,0,0.0,1
11656,2024-02-19,email,0,0,0.0,1
11657,2024-02-19,email,1,0,0.0,0
11658,2024-02-19,email,0,0,0.0,0
11659,2024-02-19,email,0,0,0.0,1
11660,2024-02-19,email,0,0,0.0,1
11661,2024-02-19,email,0,0,0.0,0
11662,2024-02-19,email,0,0,0.0,0
11663,2024-02-19,email,0,0,0.0,0
11664,2024-02-19,email,1,0,0.0,0
11665,2024-02-19,email,0,0,0.0,1
11666,2024-02-19,email,0,0,0.0,0
11667,2024-02-19,email,1,0,0.0,0
11668,2024-02-19,email,1,0,0.0,0
11669,2024-02-19,email,1,0,0.0,0
11670,2024-02-19,email,1,1,66.13,0
11671,2024-02-19,email,1,0,0.0,0
11672,2024-02-19,email,0,0,0.0,1
11673,2024-02-19,email,1,0,0.0,0
11674,2024-02-19,email,0,0,0.0,1
11675,2024-02-19,email,0,0,0.0,0
11676,2024-02-19,email,1,0,0.0,0
11677,2024-02-19,email,1,0,0.0,0
11678,2024-02-19,email,1,0,0.0,0
11679,2024-02-19,email,0,0,0.0,0
11680,2024-02-19,email,0,0,0.0,1
11681,2024-02-19,email,0,0,0.0,1
11682,2024-02-19,email,0,0,0.0,1
11683,2024-02-19,email,1,0,0.0,0
11684,2024-02-19,email,0,0,0.0,1
11685,2024-02-19,email,1,0,0.0,0
11686,2024-02-19,email,1,0,0.0,0
11687,2024-02-19,email,1,1,83.9,1
11688,2024-02-19,email,1,0,0.0,0
11689,2024-02-19,email,1,0,0.0,0
11690,2024-02-19,email,1,0,0.0,0
11691,2024-02-19,email,0,0,0.0,1
11692,2024-02-19,email,0,0,0.0,0
11693,2024-02-19,email,0,0,0.0,1
11694,2024-02-19,email,1,0,0.0,1
11695,2024-02-19,email,0,0,0.0,0
11696,2024-02-19,email,1,0,0.0,0
11697,2024-02-19,email,1,0,0.0,0
11698,2024-02-19,email,1,0,0.0,0
11699,2024-02-19,email,1,0,0.0,1
11700,2024-02-19,email,1,0,0.0,0
11701,2024-02-19,email,0,0,0.0,1
11702,2024-02-19,email,1,0,0.0,0
11703,2024-02-19,email,1,0,0.0,1
11704,2024-02-19,email,0,0,0.0,1
11705,2024-02-19,email,0,0,0.0,1
11706,2024-02-19,email,0,0,0.0,1
11707,2024-02-19,email,0,0,0.0,0
11708,2024-02-19,email,1,0,0.0,0
11709,2024-02-19,email,1,0,0.0,0
11710,2024-02-19,email,0,0,0.0,1
11711,2024-02-19,email,0,0,0.0,0
11712,2024-02-19,email,1,0,0.0,0
11713,2024-02-19,email,0,0,0.0,1
11714,2024-02-19,email,0,1,110.31,1
11715,2024-02-19,email,0,0,0.0,0
11716,2024-02-19,email,1,0,0.0,1
11717,2024-02-19,email,1,0,0.0,0
11718,2024-02-19,email,1,0,0.0,1
11719,2024-02-19,email,1,0,0.0,0
11720,2024-02-19,email,0,0,0.0,1
11721,2024-02-19,email,1,0,0.0,1
11722,2024-02-19,email,1,0,0.0,0
11723,2024-02-19,email,1,0,0.0,0
11724,2024-02-19,email,1,0,0.0,0
11725,2024-02-19,email,0,0,0.0,1
11726,2024-02-19,email,1,0,0.0,0
11727,2024-02-19,email,0,0,0.0,0
11728,2024-02-19,email,1,1,72.27,0
11729,2024-02-19,email,1,1,52.69,0
11730,2024-02-19,email,0,0,0.0,0
11731,2024-02-19,email,1,0,0.0,1
11732,2024-02-19,email,1,0,0.0,0
11733,2024-02-19,email,1,0,0.0,0
11734,2024-02-19,email,1,0,0.0,1
11735,2024-02-19,email,0,1,45.36,1
11736,2024-02-19,email,1,0,0.0,0
11737,2024-02-19,email,1,0,0.0,0
11738,2024-02-19,email,0,0,0.0,0
11739,2024-02-19,email,0,0,0.0,1
11740,2024-02-19,email,0,0,0.0,1
11741,2024-02-19,email,1,0,0.0,0
11742,2024-02-19,email,0,0,0.0,1
11743,2024-02-19,email,1,0,0.0,0
11744,2024-02-19,email,1,1,40.15,0
11745,2024-02-19,email,0,0,0.0,0
11746,2024-02-19,email,0,0,0.0,0
11747,2024-02-19,email,1,0,0.0,0
11748,2024-02-19,email,1,0,0.0,0
11749,2024-02-19,email,0,0,0.0,1
11750,2024-02-19,email,0,0,0.0,1
11751,2024-02-19,email,0,0,0.0,1
11752,2024-02-19,email,0,0,0.0,1
11753,2024-02-19,email,1,0,0.0,0
11754,2024-02-19,email,1,0,0.0,0
11755,2024-02-19,email,1,0,0.0,0
11756,2024-02-19,email,1,0,0.0,0
11757,2024-02-19,email,1,0,0.0,0
11758,2024-02-19,email,1,0,0.0,0
11759,2024-02-19,email,1,0,0.0,0
11760,2024-02-19,email,0,0,0.0,0
11761,2024-02-19,email,1,0,0.0,0
11762,2024-02-19,email,0,0,0.0,0
11763,2024-02-19,email,0,0,0.0,1
11764,2024-02-19,email,1,0,0.0,0
11765,2024-02-19,email,0,0,0.0,1
11766,2024-02-19,email,0,0,0.0,1
11767,2024-02-19,email,0,0,0.0,0
11768,2024-02-19,email,0,0,0.0,1
11769,2024-02-19,email,1,0,0.0,0
11770,2024-02-19,email,1,0,0.0,0
11771,2024-02-19,email,1,0,0.0,0
11772,2024-02-19,email,0,0,0.0,1
11773,2024-02-19,email,1,0,0.0,0
11774,2024-02-19,email,1,0,0.0,1
11775,2024-02-19,email,0,0,0.0,0
11776,2024-02-19,email,0,0,0.0,1
11777,2024-02-19,email,1,0,0.0,0
11778,2024-02-19,email,0,1,64.43,1
11779,2024-02-19,email,0,0,0.0,0
11780,2024-02-19,email,1,0,0.0,0
11781,2024-02-19,email,1,0,0.0,0
11782,2024-02-19,email,1,0,0.0,0
11783,2024-02-19,email,1,0,0.0,0
11784,2024-02-19,email,1,0,0.0,0
11785,2024-02-19,email,0,0,0.0,0
11786,2024-02-19,email,1,0,0.0,1
11787,2024-02-19,email,1,0,0.0,0
11788,2024-02-19,email,0,0,0.0,1
11789,2024-02-19,email,0,0,0.0,0
11790,2024-02-19,email,0,0,0.0,0
11791,2024-02-19,email,1,0,0.0,0
11792,2024-02-19,email,0,0,0.0,0
11793,2024-02-19,email,0,0,0.0,0
11794,2024-02-19,email,0,0,0.0,1
11795,2024-02-19,email,1,0,0.0,0
11796,2024-02-19,email,0,0,0.0,1
11797,2024-02-19,email,0,0,0.0,0
11798,2024-02-19,email,1,0,0.0,0
11799,2024-02-19,email,0,0,0.0,1
11800,2024-02-19,email,1,0,0.0,0
11801,2024-02-19,email,0,0,0.0,1
11802,2024-02-19,email,0,0,0.0,0
11803,2024-02-19,email,1,0,0.0,0
11804,2024-02-19,email,1,0,0.0,0
11805,2024-02-19,email,0,0,0.0,1
11806,2024-02-19,email,1,0,0.0,0
11807,2024-02-19,email,0,0,0.0,0
11808,2024-02-19,email,1,0,0.0,0
11809,2024-02-19,email,0,0,0.0,0
11810,2024-02-19,email,0,0,0.0,1
11811,2024-02-19,email,1,0,0.0,0
11812,2024-02-19,email,1,0,0.0,0
11813,2024-02-19,email,0,0,0.0,1
11814,2024-02-19,email,1,0,0.0,0
11815,2024-02-19,email,1,0,0.0,0
11816,2024-02-19,email,0,0,0.0,1
11817,2024-02-19,email,1,0,0.0,0
11818,2024-02-19,email,1,0,0.0,0
11819,2024-02-19,email,1,0,0.0,0
11820,2024-02-19,email,1,0,0.0,0
11821,2024-02-19,email,1,0,0.0,0
11822,2024-02-19,email,1,0,0.0,1
11823,2024-02-19,email,0,0,0.0,1
11824,2024-02-19,email,1,0,0.0,0
11825,2024-02-19,email,0,0,0.0,0
11826,2024-02-19,email,0,1,34.79,0
11827,2024-02-19,email,0,0,0.0,1
11828,2024-02-19,email,1,0,0.0,1
11829,2024-02-19,email,1,0,0.0,0
11830,2024-02-19,email,1,0,0.0,0
11831,2024-02-19,email,0,0,0.0,0
11832,2024-02-19,email,0,1,54.8,1
11833,2024-02-19,email,1,0,0.0,0
11834,2024-02-19,email,0,1,39.46,1
11835,2024-02-19,email,1,0,0.0,0
11836,2024-02-19,email,0,0,0.0,1
11837,2024-02-19,email,1,0,0.0,0
11838,2024-02-19,email,0,0,0.0,1
11839,2024-02-19,email,1,0,0.0,1
11840,2024-02-19,email,1,0,0.0,0
11841,2024-02-19,email,1,0,0.0,0
11842,2024-02-19,email,1,0,0.0,0
11843,2024-02-19,email,0,0,0.0,0
11844,2024-02-19,email,0,0,0.0,1
11845,2024-02-19,email,0,0,0.0,0
11846,2024-02-19,email,0,0,0.0,1
11847,2024-02-19,email,0,0,0.0,0
11848,2024-02-19,email,0,0,0.0,1
11849,2024-02-19,email,0,0,0.0,1
11850,2024-02-19,email,0,0,0.0,1
11851,2024-02-19,email,1,0,0.0,0
11852,2024-02-19,email,0,1,24.77,0
11853,2024-02-19,email,0,0,0.0,0
11854,2024-02-19,email,1,0,0.0,0
11855,2024-02-19,email,0,0,0.0,1
11856,2024-02-19,email,1,0,0.0,0
11857,2024-02-19,email,1,0,0.0,0
11858,2024-02-19,email,0,0,0.0,0
11859,2024-02-19,email,1,1,46.68,0
11860,2024-02-19,email,0,0,0.0,1
11861,2024-02-19,email,1,0,0.0,0
11862,2024-02-19,email,1,0,0.0,1
11863,2024-02-19,email,0,0,0.0,1
11864,2024-02-19,email,1,0,0.0,0
11865,2024-02-19,email,1,0,0.0,0
11866,2024-02-19,email,1,0,0.0,0
11867,2024-02-19,email,0,0,0.0,1
11868,2024-02-19,email,0,0,0.0,1
11869,2024-02-19,email,0,0,0.0,0
11870,2024-02-19,email,0,0,0.0,0
11871,2024-02-19,email,0,0,0.0,0
11872,2024-02-19,email,0,0,0.0,1
11873,2024-02-19,email,0,0,0.0,1
11874,2024-02-19,email,0,0,0.0,1
11875,2024-02-19,email,0,0,0.0,0
11876,2024-02-19,email,0,0,0.0,1
11877,2024-02-19,email,1,0,0.0,0
11878,2024-02-19,email,1,0,0.0,0
11879,2024-02-19,email,0,0,0.0,1
11880,2024-02-19,email,0,0,0.0,1
11881,2024-02-19,email,1,0,0.0,0
11882,2024-02-19,email,1,0,0.0,0
11883,2024-02-19,email,1,0,0.0,0
11884,2024-02-19,email,1,0,0.0,0
11885,2024-02-19,email,1,0,0.0,1
11886,2024-02-19,email,0,0,0.0,1
11887,2024-02-19,email,0,0,0.0,1
11888,2024-02-19,email,1,0,0.0,0
11889,2024-02-19,email,0,0,0.0,1
11890,2024-02-19,email,1,0,0.0,0
11891,2024-02-19,email,1,0,0.0,0
11892,2024-02-19,email,0,0,0.0,1
11893,2024-02-19,email,0,0,0.0,1
11894,2024-02-19,email,0,0,0.0,1
11895,2024-02-19,email,1,1,34.76,0
11896,2024-02-19,email,1,0,0.0,0
11897,2024-02-19,email,1,0,0.0,0
11898,2024-02-19,email,1,1,65.4,0
11899,2024-02-19,email,0,0,0.0,1
11900,2024-02-19,email,0,0,0.0,1
11901,2024-02-19,email,0,0,0.0,1
11902,2024-02-19,email,1,0,0.0,1
11903,2024-02-19,email,0,0,0.0,1
11904,2024-02-19,email,1,0,0.0,0
11905,2024-02-19,email,0,0,0.0,1
11906,2024-02-19,email,1,0,0.0,0
11907,2024-02-19,email,0,0,0.0,1
11908,2024-02-19,email,1,0,0.0,0
11909,2024-02-19,email,1,0,0.0,0
11910,2024-02-19,email,1,0,0.0,0
11911,2024-02-19,email,1,0,0.0,0
11912,2024-02-19,email,0,0,0.0,1
11913,2024-02-19,email,1,0,0.0,0
11914,2024-02-19,email,0,0,0.0,1
11915,2024-02-19,email,1,0,0.0,0
11916,2024-02-19,email,1,0,0.0,0
11917,2024-02-19,email,1,0,0.0,0
11918,2024-02-19,email,1,0,0.0,0
11919,2024-02-19,email,1,0,0.0,1
11920,2024-02-19,email,1,0,0.0,0
11921,2024-02-19,email,0,0,0.0,1
11922,2024-02-19,email,1,0,0.0,0
11923,2024-02-19,email,0,0,0.0,0
11924,2024-02-19,email,0,0,0.0,1
11925,2024-02-19,email,1,0,0.0,0
11926,2024-02-19,email,0,0,0.0,0
11927,2024-02-19,email,0,0,0.0,1
11928,2024-02-19,email,1,0,0.0,0
11929,2024-02-19,email,1,0,0.0,0
11930,2024-02-19,email,1,0,0.0,1
11931,2024-02-19,email,1,0,0.0,0
11932,2024-02-19,email,1,0,0.0,0
11933,2024-02-19,email,0,0,0.0,1
11934,2024-02-19,email,0,0,0.0,1
11935,2024-02-19,email,0,0,0.0,1
11936,2024-02-19,email,0,0,0.0,0
11937,2024-02-19,email,0,0,0.0,0
11938,2024-02-19,email,0,0,0.0,1
11939,2024-02-19,email,1,0,0.0,0
11940,2024-02-19,email,0,0,0.0,1
11941,2024-02-19,email,0,0,0.0,1
11942,2024-02-19,email,1,0,0.0,0
11943,2024-02-19,email,1,0,0.0,0
11944,2024-02-19,email,0,0,0.0,1
11945,2024-02-19,email,0,0,0.0,1
11946,2024-02-19,email,1,0,0.0,0
11947,2024-02-19,email,0,0,0.0,1
11948,2024-02-19,email,1,0,0.0,0
11949,2024-02-19,email,1,0,0.0,0
11950,2024-02-19,email,1,0,0.0,0
11951,2024-02-19,email,0,0,0.0,1
11952,2024-02-19,email,1,0,0.0,0
11953,2024-02-19,email,1,0,0.0,0
11954,2024-02-19,email,1,0,0.0,0
11955,2024-02-19,email,0,0,0.0,1
11956,2024-02-19,email,1,0,0.0,0
11957,2024-02-19,email,1,0,0.0,0
11958,2024-02-19,email,1,0,0.0,0
11959,2024-02-19,email,1,0,0.0,0
11960,2024-02-19,email,0,0,0.0,1
11961,2024-02-19,email,1,0,0.0,1
11962,2024-02-19,email,1,0,0.0,0
11963,2024-02-19,email,0,0,0.0,1
11964,2024-02-19,email,1,0,0.0,1
11965,2024-02-19,email,0,0,0.0,0
11966,2024-02-19,email,0,0,0.0,1
11967,2024-02-19,email,0,0,0.0,0
11968,2024-02-19,email,0,0,0.0,1
11969,2024-02-19,email,1,0,0.0,0
11970,2024-02-19,email,0,0,0.0,1
11971,2024-02-19,email,1,0,0.0,0
11972,2024-02-19,email,0,0,0.0,1
11973,2024-02-19,email,0,0,0.0,0
11974,2024-02-19,email,1,0,0.0,1
11975,2024-02-19,email,1,0,0.0,0
11976,2024-02-19,email,0,0,0.0,1
11977,2024-02-19,email,0,0,0.0,1
11978,2024-02-19,email,1,0,0.0,0
11979,2024-02-19,email,0,0,0.0,1
11980,2024-02-19,email,1,0,0.0,1
11981,2024-02-19,email,1,0,0.0,0
11982,2024-02-19,email,1,0,0.0,0
11983,2024-02-19,email,0,0,0.0,1
11984,2024-02-19,email,1,0,0.0,0
11985,2024-02-19,email,1,0,0.0,1
11986,2024-02-19,email,1,1,36.91,1
11987,2024-02-19,email,0,0,0.0,0
11988,2024-02-19,email,0,0,0.0,0
11989,2024-02-19,email,0,0,0.0,1
11990,2024-02-19,email,1,0,0.0,0
11991,2024-02-19,email,1,0,0.0,0
11992,2024-02-19,email,0,0,0.0,1
11993,2024-02-19,email,0,0,0.0,0
11994,2024-02-19,email,0,0,0.0,1
11995,2024-02-19,email,1,0,0.0,0
11996,2024-02-19,email,0,0,0.0,0
11997,2024-02-19,email,1,0,0.0,0
11998,2024-02-19,email,1,0,0.0,0
11999,2024-02-19,email,0,0,0.0,1
12000,2024-02-19,email,1,0,0.0,0
