"","ds","dep_var","trend","season","holiday","competitor_sales_B","events","tv_S","ooh_S","print_S","facebook_I","search_clicks_P","newsletter","intercept","depVarHat","solID"
"1",2016-01-04,2171506.66666667,34447.9850456163,205460.788912799,0,698678.365630894,0,179907.416540103,167197.728409551,88979.1962828718,77872.7200828132,53375.6189866535,60705.3087699117,754684.272246818,2321309.40090803,"1_145_1"
"2",2016-01-11,2464131.66666667,34471.9224291391,150980.961407224,0,746544.023876722,0,130084.3851065,118267.448435841,117634.573998271,122316.334115268,50688.5133807471,48332.048121035,754684.272246818,2274004.48311757,"1_145_1"
"3",2016-01-18,2012520,34495.8598126842,99964.3130293811,0,671549.95789996,0,79851.5618191258,77920.9806819146,82478.7306222917,66224.1639682471,38577.0023635192,45751.26132412,754684.272246818,1951498.10376806,"1_145_1"
"4",2016-01-25,1738911.66666667,34519.7971962292,71679.5289410701,0,554524.801823342,0,47701.2554575887,48591.4997545812,100486.785299341,49598.3536095494,25149.3278602,32413.2399120018,754684.272246818,1719348.86210072,"1_145_1"
"5",2016-02-01,1772306.66666667,34543.7345797742,59185.4909527357,0,548985.358119493,0,144485.841953085,85481.1038397472,65453.8865271067,577.454604272557,33050.258075817,16851.9102437071,754684.272246818,1743299.31114256,"1_145_1"
"6",2016-02-08,1809058.33333333,34567.6719633193,45093.8473511443,0,588297.716978776,0,89398.4603548367,53845.8720175719,79095.7917129456,43663.6825525651,24442.3324962135,14114.5168015184,754684.272246818,1727204.16447571,"1_145_1"
"7",2016-02-15,1952740,34591.6093468643,21080.731986747,0,583329.187801624,0,304152.006842153,32539.3206163407,69886.4621686035,13289.5657337542,1470.52766760712,30635.1347867941,754684.272246818,1845658.81919731,"1_145_1"
"8",2016-02-22,1507805,34615.5467304094,-10102.8086397041,0,503607.220247839,0,206423.612626543,19139.5701892397,40403.3024229385,140.643868259056,81.4208258858369,38220.6160063149,754684.272246818,1587213.39652454,"1_145_1"
"9",2016-02-29,1510391.66666667,34639.4841132445,-44162.6663440952,0,456963.834004157,0,275315.472051588,11072.2650580976,21075.0838009864,38742.1163320982,8889.5014964898,5008.46161176245,754684.272246818,1562227.82437115,"1_145_1"
"10",2016-03-07,1588840,34663.4214960796,-78777.2940622272,0,500510.517343951,0,183639.126136378,6342.36904349618,106976.748690264,437.949143599773,29967.1921956985,6126.33600240588,754684.272246818,1544570.63823646,"1_145_1"
"11",2016-03-14,1605990,34687.3588789148,-109085.811830393,0,494742.166868124,0,204064.013941263,82099.7575209296,71605.1626765133,4.49018615463764,17910.8654420825,3713.30238622444,754684.272246818,1554425.57831663,"1_145_1"
"12",2016-03-21,1356010,34711.2962617499,-128401.680024389,11157.9683203266,452843.011218461,0,130565.109655064,51482.7008670603,41660.0289873108,0.0459883814063665,20946.5990955005,4772.89344534199,754684.272246818,1374422.24606163,"1_145_1"
"13",2016-03-28,2103936.66666667,34735.2336445851,-138292.820952549,580316.031164727,451494.114201094,0,80167.804355779,102266.0217754,102427.248775731,173803.702332043,17759.2924675021,8141.70830442817,754684.272246818,2167502.60831556,"1_145_1"
"14",2016-04-04,1120835,34759.1710274202,-152977.475874626,0,374515.922392475,0,47898.261400199,65900.8000405674,67258.1626431097,5879.85353023717,11811.1679380823,8865.21939754559,754684.272246818,1218595.35474183,"1_145_1"
"15",2016-04-11,1141140,34783.1084102553,-185364.356186598,0,377563.538067361,0,28133.0214999813,104887.246160596,38511.8741809483,61.092019308063,10032.9908388263,2572.6587120295,754684.272246818,1165865.44594953,"1_145_1"
"16",2016-04-18,1166880,34807.0457903837,-227616.292636299,0,366990.649830455,0,110791.941891823,67833.6118247041,19963.2970851347,29223.7896109049,13860.6358019044,8975.16639233911,754684.272246818,1179514.11783817,"1_145_1"
"17",2016-04-25,888806.666666667,34830.9831705121,-253019.590363664,200161.520544463,296574.919649291,0,67296.4071337339,41742.5820954574,9752.34140316296,322.14251603562,9379.66414867152,5453.51052907607,754684.272246818,1167178.75307356,"1_145_1"
"18",2016-05-02,898873.333333333,34854.9205506405,-243795.86441612,-40876.7517320611,286698.468996101,0,39933.3307736783,24838.8744817612,99914.5072856468,3.30192039237493,7308.9531353409,3598.93265061134,754684.272246818,967162.94589281,"1_145_1"
"19",2016-05-09,889373.333333334,34878.8579307689,-214944.912688165,0,294670.134807982,0,23357.1208410994,88120.5695018596,64927.2950136717,0.033818093827297,8988.94709957654,1006.77944741332,754684.272246818,1055689.09801912,"1_145_1"
"20",2016-05-16,1915375,34902.7953108973,-202927.859315192,186967.179988705,304455.824176528,0,13544.2307618872,55705.4858233708,36864.5087214431,87518.6319604974,511.03344484958,20161.3437956022,754684.272246818,1292387.44691541,"1_145_1"
"21",2016-05-23,1006845,34926.7326910257,-227477.806137666,0,329834.322282555,0,7814.21459849764,130165.0010617,19006.2000590829,1137.93389412076,28.2012512814577,33663.352283173,754684.272246818,1083782.42423059,"1_145_1"
"22",2016-05-30,869198.333333334,34950.6700700215,-269138.597663541,0,290040.207332925,0,4495.04944437097,87213.6584258202,9257.27656138389,11.686824778982,6550.33709785715,15747.290190174,754684.272246818,933811.850530608,"1_145_1"
"23",2016-06-06,727250,34974.6074490172,-289783.310627832,0,243177.631585047,0,2581.32576273653,55065.0426021163,4376.81388906365,0.119698275216085,5275.96367223828,5048.06607098038,754684.272246818,815400.53234846,"1_145_1"
"24",2016-06-13,753730,34998.5448280129,-273436.016522914,0,252104.594980115,0,1480.89617924623,33328.2922794873,2039.43485586567,0.00122593393359522,9657.56491278349,5096.38432657987,754684.272246818,819953.969311928,"1_145_1"
"25",2016-06-20,999196.666666667,35022.4822070087,-240161.600747686,0,301771.554174274,0,155663.067498376,128164.172092052,943.76877404382,40404.1241448564,9681.67044850398,1313.16879470131,754684.272246818,1187486.67963295,"1_145_1"
"26",2016-06-27,845843.333333333,35046.4195860044,-217955.103733472,0,283169.197408887,0,96913.482469832,85628.9190396982,435.335473910784,458.778292149,7340.06206152559,1099.22865719677,754684.272246818,1046820.59150255,"1_145_1"
"27",2016-07-04,1126016.66666667,35070.3569650001,-208241.724767227,0,349598.744061047,0,126799.952804154,53949.6663095386,77307.6190731434,4.7039802795216,8730.15228693428,1340.87799114378,754684.272246818,1199244.62095083,"1_145_1"
"28",2016-07-11,1140978.33333333,35094.2943439959,-187498.538474387,0,381390.438547156,0,77695.3695103519,32606.3935530549,45946.5979695243,0.0481780808107723,14089.4108591814,4496.78616011581,754684.272246818,1158505.07289389,"1_145_1"
"29",2016-07-18,1242656.66666667,35118.2317166232,-141749.844407697,0,383131.23197239,0,63659.5347950988,176663.985084273,76964.0981384524,41073.793590179,9763.79487252609,4087.2232965858,754684.272246818,1403396.32130525,"1_145_1"
"30",2016-07-25,1293483.33333333,35142.1690892506,-89075.1954433796,0,431469.930820966,0,37702.4773919496,126768.659255453,45683.1507101893,467.223660791109,15979.5466875463,13146.0992442624,754684.272246818,1371968.33366385,"1_145_1"
"31",2016-08-01,1484843.33333333,35166.1064618779,-60090.8208014126,0,440450.08874379,0,192318.302695568,154201.716300204,24253.6940955456,97490.9441016838,19732.8070898743,14410.2149543665,754684.272246818,1672617.32588831,"1_145_1"
"32",2016-08-08,1485698.33333333,35190.0438345053,-59597.9406740039,0,494993.91422829,0,122228.584150145,106983.141695477,39227.4392171804,1307.75669748212,22494.8290652323,25515.8155108351,754684.272246818,1543027.85597196,"1_145_1"
"33",2016-08-15,1556608.33333333,35213.9812071327,-57617.01389011,0,477056.038258759,0,213037.550907083,69389.1178274546,20382.274847188,8990.3241051877,1343.49649657401,36073.1651954142,754684.272246818,1558553.2072015,"1_145_1"
"34",2016-08-22,1391206.66666667,35237.91857976,-22805.403823151,0,441733.268981105,0,137009.966188428,42786.8915529612,102796.591831933,6238.12156695304,74.3545395447902,40381.6276101822,754684.272246818,1538137.60927453,"1_145_1"
"35",2016-08-29,2018783.33333333,35261.8559523874,41035.9065202674,0,607581.785159179,0,201520.521089686,141129.03935388,67604.8998425606,64.8716382824473,22916.3438655183,7364.46048811949,754684.272246818,1879163.9561567,"1_145_1"
"36",2016-09-05,2170721.66666667,35285.7933219713,99077.2643134252,0,652437.093952954,0,216799.71236951,136733.195972584,70631.0100708355,454.624537318685,23055.6889285086,2426.6926536752,754684.272246818,1991585.3483676,"1_145_1"
"37",2016-09-12,2247670,35309.7306915551,124796.267882488,0,732408.604950503,0,139731.808070843,155758.588702993,40945.7672682387,4.66134366679064,36398.7077615812,8325.89455553673,754684.272246818,2028364.30347422,"1_145_1"
"38",2016-09-19,2192026.66666667,35333.668061139,127223.737834085,0,666465.021865461,0,86230.1777822831,123795.14417025,117791.92342936,99026.6245335265,41689.8068793091,18426.3389253848,754684.272246818,2070666.71572762,"1_145_1"
"39",2016-09-26,1895213.33333333,35357.6054307229,135342.133853544,0,617952.914867085,0,51687.7789315941,153038.696186191,82647.0078436994,1334.86930264451,27786.2358252619,4219.55205960027,754684.272246818,1864051.06654716,"1_145_1"
"40",2016-10-03,2232910,35381.5428003068,162063.926657357,21020.9628494883,640665.976438312,0,414833.859712553,151545.721381984,97484.2535531487,66565.811886566,35146.9410584832,13738.4994384016,754684.272246818,2393131.76802342,"1_145_1"
"41",2016-10-10,2406035,35405.4801698906,193304.174033298,0,772563.060232214,0,301813.539811885,104730.019905511,101899.586915106,89359.9694614184,51661.0702369473,42847.1839403738,754684.272246818,2448268.35695346,"1_145_1"
"42",2016-10-17,2252445,35429.417538841,213034.479617964,0,674603.584255949,0,376390.162299521,93604.1196165622,66764.647049631,138211.28716583,53720.2248638037,64976.4460199811,754684.272246818,2471418.6406749,"1_145_1"
"43",2016-10-24,2663125,35453.3549077914,228298.010562936,0,837151.435084731,0,267162.251237164,146289.648130506,94622.2716397812,151400.862873181,45270.4887545325,45773.6348051696,754684.272246818,2606106.23024261,"1_145_1"
"44",2016-10-31,2974771.66666667,35477.2922767418,259111.975427868,0,895352.559663924,0,383495.120567081,100322.663653574,60172.9832704174,174818.853674895,48742.8362523552,29692.6106775703,754684.272246818,2741871.16771124,"1_145_1"
"45",2016-11-07,2826128.33333333,35501.2296456922,305460.775883449,0,884792.894925444,0,273438.365703551,142648.151319971,99165.7454985549,156189.627688454,62849.3056537657,68390.9379024755,754684.272246818,2783121.30646817,"1_145_1"
"46",2016-11-14,3182900,35525.1670146426,336142.103713782,0,960168.639152199,0,321101.52360908,97308.5876726751,64242.0565470616,118979.652439963,4421.34307695872,51896.8773429766,754684.272246818,2744470.22281615,"1_145_1"
"47",2016-11-21,2964696.66666667,35549.104383593,319124.863266723,0,904553.109227164,0,241367.257481974,142831.418448699,88529.1211457221,194110.56352618,247.33487784964,46218.7549294991,754684.272246818,2727215.79953422,"1_145_1"
"48",2016-11-28,2848525,35573.0417525433,260381.619699669,0,935079.054451154,0,157800.243081516,97459.5170862671,81625.9062124028,128748.19202281,102184.785559985,71084.7810843414,754684.272246818,2624621.41319751,"1_145_1"
"49",2016-12-05,2740160,35596.5678235197,203880.900028062,0,824915.691920883,0,171791.272841369,165959.011962413,49317.5919398408,31192.6294187249,113015.089398731,167290.931725596,754684.272246818,2517643.95930596,"1_145_1"
"50",2016-12-12,2380508.33333333,35620.093894496,189039.174681549,0,791861.05315717,0,107923.625899469,117172.895272362,26508.359128026,39503.297592655,95451.5208566425,85958.2486339036,754684.272246818,2243722.54136309,"1_145_1"
"51",2016-12-19,2230915,35643.6199654724,211692.727169656,-196923.446080487,714012.915437015,0,65452.1933575727,184553.6028069,13218.314407697,11506.7091186354,82726.8795683287,18767.1212480617,754684.272246818,1895334.90924567,"1_145_1"
"52",2016-12-26,3659425,35667.1460364487,231036.755950663,615988.988242159,774411.244493142,0,371160.449988055,134043.913722289,6324.86641417612,147124.895943254,128169.688847391,2460.24396723632,754684.272246818,3201072.46585163,"1_145_1"
"53",2017-01-02,2827008.33333333,35690.672107425,212939.804331685,0,751167.840492659,0,345597.74055985,200996.507556849,119745.28610736,135642.395201003,107918.970517391,106129.486476464,754684.272246818,2770512.9755975,"1_145_1"
"54",2017-01-09,2042143.33333333,35714.1981784014,161394.171422535,0,682763.885276422,0,240603.667500197,149791.157860967,84755.8661324987,135701.968316691,111245.03032208,72298.1478057512,754684.272246818,2428952.36506236,"1_145_1"
"55",2017-01-16,2113358.33333333,35737.4274396184,107598.601124053,0,671293.702528967,0,182313.170856901,103251.220054457,66036.0184579201,127889.407072402,109921.908746302,108486.429176799,754684.272246818,2267212.15770424,"1_145_1"
"56",2017-01-23,2179918.33333333,35760.6567008354,75095.1640373002,0,701048.477367536,0,115214.713295887,66625.6245191736,97911.7858790766,210292.539524894,108799.125101059,48147.1400580992,754684.272246818,2213579.49873068,"1_145_1"
"57",2017-01-30,2370613.33333333,35783.8859620525,61075.9718236989,0,710995.854057733,0,246753.867856424,40934.512347919,63103.894638248,149707.210413452,118946.531969795,70124.2144482146,754684.272246818,2252110.21576435,"1_145_1"
"58",2017-02-06,1814556.66666667,35807.1152232695,48285.6760586758,0,605944.776160976,0,161831.465494841,24333.1500381961,35594.9947081643,2407.60114613089,82938.9045549429,14989.2169636943,754684.272246818,1766817.17259571,"1_145_1"
"59",2017-02-13,1951668.33333333,35830.3444844865,26050.2673855132,0,630159.90693966,0,101100.99734036,129156.580645168,18275.6503014744,197334.113387362,6401.47703145035,31100.3215107851,754684.272246818,1930093.93127308,"1_145_1"
"60",2017-02-20,1918238.33333333,35853.5737457036,-4238.57634859125,0,614856.512497252,0,61088.4804153132,86413.8198356612,95952.6903432768,3876.83140149091,360.608642391534,38409.7993484591,754684.272246818,1687258.01212778,"1_145_1"
"61",2017-02-27,1472390,35876.8030069206,-37969.6032507347,0,481060.454187108,0,36130.573081979,54501.5049968638,61348.9306968531,296552.959482186,39295.9062902256,63049.8538957194,754684.272246818,1784531.65463394,"1_145_1"
"62",2017-03-06,1477865,35897.4254800753,-72710.6485641865,0,469709.282925477,0,21090.9313550166,32963.2981088969,103947.92822711,10822.5510795669,68249.6638324744,30535.772634591,754684.272246818,1455190.47732584,"1_145_1"
"63",2017-03-13,1300166.66666667,35918.04795323,-104327.047358502,0,412665.114280451,0,104549.995797931,19399.2417450744,68692.671679581,113.831483342266,65284.2911735446,57597.215101748,754684.272246818,1414577.63410322,"1_145_1"
"64",2017-03-20,1160205,35938.6704263847,-125875.37761816,0,362481.436867535,0,63290.4112183461,11226.0718511251,112564.521761131,1.1661686954141,44620.5670161783,58359.5761289787,754684.272246818,1317291.31606703,"1_145_1"
"65",2017-03-27,1356871.66666667,35959.2928995394,-136694.639618938,0,448481.260298583,0,37476.5376423648,62522.1221510935,77180.0871100864,35139.39760987,68464.8565341751,70855.626491359,754684.272246818,1454068.81336495,"1_145_1"
"66",2017-04-03,1355833.33333333,35979.9153726941,-149240.138436955,0,453144.146341685,0,21892.0070175197,38208.4692003515,45848.7135551961,393.428341587261,49045.6490242227,10584.3679880356,754684.272246818,1260540.83065115,"1_145_1"
"67",2017-04-10,1176266.66666667,36000.5378458488,-178285.974889047,11157.9683203266,371775.652877951,0,12685.0104405232,200554.994575094,24355.1998866845,4.03328914861918,34041.3891050479,1724.62048387735,754684.272246818,1268697.70418227,"1_145_1"
"68",2017-04-17,1955281.66666667,36021.1603190035,-220455.032958729,580316.031164727,306332.859706747,0,83421.6900362756,149357.608257001,12062.3337335931,0.0413088071907411,33807.4764869514,8700.5386978412,754684.272246818,1744248.97899904,"1_145_1"
"69",2017-04-24,1029928.33333333,36038.2872115299,-250876.396753814,0,331523.524028329,0,49929.1696197261,184018.397409497,5751.51808376657,0.000423079269692037,31978.757474515,24036.5851035336,754684.272246818,1167084.11484698,"1_145_1"
"70",2017-05-01,2263143.33333333,36055.4141040563,-247772.960319761,200161.520544463,283189.533546616,0,223339.319116279,133544.782750335,2690.95235253464,4.33312077650142e-06,25492.9697090953,8837.66984119176,754684.272246818,1420223.47389596,"1_145_1"
"71",2017-05-08,813771.666666667,36072.5409965827,-219928.429825908,0,260946.507237586,0,144491.266148973,182636.210148053,1247.65582057472,4.43792380996202e-08,19008.3547761727,8594.27890867868,754684.272246818,1187752.65645758,"1_145_1"
"72",2017-05-15,880871.666666667,36089.6678891091,-202465.698764773,0,294573.062308181,0,89402.0847792555,132259.56547606,576.023697072079,4.54526166213277e-10,1120.64672992882,27369.428333535,754684.272246818,1133609.05269519,"1_145_1"
"73",2017-05-22,919185,36106.7947816355,-220804.412079446,-40876.7517320611,303036.702368282,0,53680.3299542956,113716.207235274,265.418274373916,74621.7313278892,61.9732387222698,36865.6685084091,754684.272246818,1111357.93412419,"1_145_1"
"74",2017-05-29,826321.666666667,36123.9216741619,-262218.241285294,0,268583.378112071,0,31625.1495743269,74447.6094203939,85612.8545322739,933.183576282777,11496.9241807399,11204.0260338769,754684.272246818,1012493.07806565,"1_145_1"
"75",2017-06-05,833798.333333333,36139.194486273,-288871.267768292,186967.179988705,261437.07899355,0,99169.8916069873,91505.8492938477,52530.7384690819,54833.1805922046,16282.694401412,2331.79474972181,754684.272246818,1267010.60706031,"1_145_1"
"76",2017-06-12,746271.666666667,36154.4672983841,-278522.31260449,0,249150.645752406,0,59859.1918748987,58109.9636048451,28548.8172098664,647.75199291954,21899.9978939103,2161.98344863395,754684.272246818,932694.778718191,"1_145_1"
"77",2017-06-19,1036406.66666667,36169.7401104952,-245884.665790245,0,315482.919548728,0,223820.61259053,35309.6345845191,14328.4431406895,405.830340308167,30301.7746742176,2343.77240900767,754684.272246818,1166962.33385507,"1_145_1"
"78",2017-06-26,927931.666666667,36185.0129226062,-220581.073058627,0,296834.681250927,0,144842.969583168,140382.914827104,74870.1577526219,4.16055536826294,23118.6013554835,499.169329985862,754684.272246818,1250840.86676546,"1_145_1"
"79",2017-07-03,1126943.33333333,36200.2857347173,-210003.51068666,0,349133.918055805,0,118241.802506311,95449.6600417458,95951.4084921377,159753.521602886,49234.7596749106,6179.77651650879,754684.272246818,1454825.89418518,"1_145_1"
"80",2017-07-10,1184220,36215.5585468284,-193030.763627135,0,395759.87332429,0,72113.3247102463,60939.0273081319,61347.7915582655,2671.38987643581,51180.2864545009,5095.6708765747,754684.272246818,1246976.43127496,"1_145_1"
"81",2017-07-17,1315508.33333333,36230.8313589395,-151334.242485713,0,380755.610444738,0,116166.943447796,124359.010313974,117641.916947986,27.5384660344503,47242.6913216763,1498.05284427299,754684.272246818,1427272.62490652,"1_145_1"
"82",2017-07-24,1279360,36241.0595429061,-97480.8503120012,0,427193.932284814,0,70767.8382494522,82639.803176961,82486.5782841871,0.28206409408765,49221.4635907101,13085.7369304079,754684.272246818,1418840.11605835,"1_145_1"
"83",2017-07-31,1455811.66666667,36251.2877268728,-62776.3140519887,0,443733.122761848,0,124320.168667288,156935.787287252,64317.7431807281,0.00288886435463702,55536.6429272909,11494.4253273011,754684.272246818,1584497.13896227,"1_145_1"
"84",2017-08-07,1553355,36261.5159108394,-58644.4056281523,0,492573.713482463,0,76072.5537607611,148632.988532654,94683.0175793797,2.95873589825307e-05,84522.8014106105,9350.34707959577,754684.272246818,1638136.80440456,"1_145_1"
"85",2017-08-14,1374855,36271.744094806,-59803.300072043,0,420630.76941123,0,219760.391259362,102279.240478556,60226.4005534305,3.03029736956762e-07,6574.08380043404,27860.0612669544,754684.272246818,1568483.66303985,"1_145_1"
"86",2017-08-21,1970110,36281.9722787727,-31828.8502425467,0,628719.347035483,0,141882.107713035,65910.5122748326,98754.566122434,13095.2909337813,370.557702354394,37072.4321377763,754684.272246818,1744942.20820274,"1_145_1"
"87",2017-08-28,2336431.66666667,36292.2004627393,28907.9154723834,0,702251.81572421,0,391922.223228834,40457.3468484271,63867.5549003538,9481.60773611872,96414.5896743305,87002.2782808114,754684.272246818,2211281.80457503,"1_145_1"
"88",2017-09-04,2002065,36290.6990105435,90736.9454403889,0,669113.127603083,0,280956.498101973,24035.0044835599,36124.6556353094,99.3954274888899,77915.241681599,59990.6183820577,754684.272246818,2029946.45801282,"1_145_1"
"89",2017-09-11,2027418.33333333,36289.1975583477,122635.313498734,0,590068.964521596,0,317433.607358171,137128.568755783,75425.0244078201,2161.53208774877,77654.6343508595,10301.3714914631,754684.272246818,2123782.48627734,"1_145_1"
"90",2017-09-18,1886570,36287.6961061518,127184.505285377,0,630101.102442876,0,217188.14582019,92800.2519504639,44511.1649346089,22.2548085621967,91726.634753991,20772.8482657952,754684.272246818,2015278.87661483,"1_145_1"
"91",2017-09-25,2529721.66666667,36286.194653956,132491.04583176,0,742385.934868192,0,357602.070579094,141920.485485889,23538.3854943434,36554.4749868014,122825.813888093,47598.5347895545,754684.272246818,2395887.2128245,"1_145_1"
"92",2017-10-02,2357930,36284.6932017602,156324.893567482,21020.9628494883,781295.678271642,0,427679.535009666,126330.789083091,11627.8945524922,410.813415308591,124188.611088648,77067.4273420492,754684.272246818,2516915.57062844,"1_145_1"
"93",2017-10-09,3003391.66666667,36283.1917495644,188340.266991323,0,816227.05203152,0,383897.206361696,184615.908580718,109762.129091142,110853.547920632,102298.77289059,43042.697218659,754684.272246818,2730005.04508266,"1_145_1"
"94",2017-10-16,2283685,36281.6902973686,210378.631633668,0,763062.577681971,0,273795.245674378,134102.073537566,74350.609371378,91165.0527743619,124492.072307441,127842.509906983,754684.272246818,2590154.73543193,"1_145_1"
"95",2017-10-23,2584721.66666667,36273.6158897422,224932.203991849,0,776985.418853206,0,305801.288283417,117106.451156817,43700.999031399,146804.40428552,124066.859724881,128348.184656543,754684.272246818,2658703.69812019,"1_145_1"
"96",2017-10-30,2565400,36265.5414821158,252004.448009445,-95878.4966368576,832269.259359415,0,223112.75352959,77030.7400425448,23047.1950234914,161224.774113361,129373.678292764,28597.3137319399,754684.272246818,2421731.47919463,"1_145_1"
"97",2017-11-06,3407085,36257.4670744894,297160.41250838,0,930003.03426029,0,226158.761829749,178443.117410163,115175.486272916,82993.4312438065,138417.907854699,56503.1047315923,754684.272246818,2815796.9954329,"1_145_1"
"98",2017-11-13,2803291.66666667,36249.392666863,333575.009855171,0,937208.238053613,0,146554.354754185,128393.910589836,79879.1926364978,226257.557682092,14600.9981561042,47834.1937224748,754684.272246818,2705237.12036366,"1_145_1"
"99",2017-11-20,3303155,36241.3182592367,326041.893880756,0,967920.414213755,0,290739.453266883,137868.780938754,62235.3943922593,82503.4200326875,847.018729776159,44768.1698922924,754684.272246818,2703850.13585322,"1_145_1"
"100",2017-11-27,3103743.33333333,36233.2438516103,272221.054120777,0,1000251.66750681,0,195727.617771836,93400.6860562785,94858.520251652,61153.9031749247,153985.320612233,119314.908361462,754684.272246818,2781831.1939544,"1_145_1"
"101",2017-12-04,2793875,36225.1694439839,211606.603854489,0,844501.997182711,0,238193.608816913,121444.456078402,60380.877321295,27425.7982555116,158188.679414254,58024.7782610325,754684.272246818,2510676.24087541,"1_145_1"
"102",2017-12-11,2260396.66666667,36210.3496376274,188154.137906356,0,755760.301388845,0,155437.016338029,80371.9509319164,33729.739384164,43635.5014031845,148157.638928058,111582.966567852,754684.272246818,2307723.87473285,"1_145_1"
"103",2017-12-18,2399176.66666667,36195.5298312709,206521.432046227,0,728018.603829444,0,310339.487748322,120407.564961767,17213.191360272,12366.99922768,163629.385852046,153128.291894584,754684.272246818,2502504.75899843,"1_145_1"
"104",2017-12-25,3827520,36180.7100249144,229770.053042302,298807.060818198,684617.980040435,0,390585.364854514,79569.6131848677,104604.327590327,148832.262768561,158977.542782295,217471.485329816,754684.272246818,3104100.67268305,"1_145_1"
"105",2018-01-01,3109461.66666667,36165.890218558,219272.657478332,133245.257434696,690369.901321249,0,279758.421240183,49728.3153771795,91499.7427839307,91067.227039515,168229.823410333,291565.646850835,754684.272246818,2805587.15540163,"1_145_1"
"106",2018-01-08,2228128.33333333,36151.0704122015,171762.72421356,0,736843.786357847,0,187098.406426278,39182.0288142518,57462.0583553897,154068.937714379,171670.908667,306478.214904681,754684.272246818,2615402.40811241,"1_145_1"
"107",2018-01-15,2202593.33333333,36136.250605845,115992.543655955,0,637171.366445454,0,263030.777659336,23239.9137651787,106161.63693224,2519.60653634649,166938.138382777,117728.334605011,754684.272246818,2223602.84083496,"1_145_1"
"108",2018-01-22,1918293.33333333,36120.0900107384,79140.5996007524,0,594762.104326246,0,174168.992377803,93012.5837610845,115393.956756114,25.964160282185,132012.851965781,38646.3987901758,754684.272246818,2017967.8139958,"1_145_1"
"109",2018-01-29,1862458.33333333,36103.9294156319,62981.5015795893,0,573141.984935448,0,218560.775680343,59187.243758789,80107.8577882825,0.265938174271253,135416.49611809,26412.5680509121,754684.272246818,1946596.89551208,"1_145_1"
"110",2018-02-05,1975951.66666667,36087.7688205253,51139.2627666463,0,647907.84538636,0,141009.958572039,36014.3644873114,81804.398636056,2485.35181566663,160737.891135231,164118.122639627,754684.272246818,2075989.23650628,"1_145_1"
"111",2018-02-12,1827318.33333333,36071.6082254187,30756.8486188462,0,575935.448977726,0,140895.706105291,92425.2591701538,49459.3366348906,25.6090296079639,19889.5787357127,84087.8161607244,754684.272246818,1784231.48390519,"1_145_1"
"112",2018-02-19,1656268.33333333,36055.4476303121,1526.01152304703,0,539933.372557498,0,87004.3094448254,58766.798241345,83830.1065004541,0.262300518775333,1176.42928659209,57117.9058150736,754684.272246818,1620094.91554648,"1_145_1"
"113",2018-02-26,1703790,36039.2870352056,-31814.4220236545,0,512312.088976178,0,135002.791925744,97274.5050158354,98072.8323840658,0.00268644821673016,105793.1185789,47820.6985338245,754684.272246818,1755185.17535936,"1_145_1"
"114",2018-03-05,1488115,36023.126440099,-66556.5767829338,0,497008.894889807,0,83095.0163089872,62258.3451395192,63249.4143534263,2.75142401926082e-05,118724.124099678,41012.7915939292,754684.272246818,1589499.40831684,"1_145_1"
"115",2018-03-12,1727330,36006.965835633,-99230.5987349028,0,483247.139972112,0,274056.239626968,116806.490759651,113085.40819449,2.81797134141378e-07,100188.380467083,17066.5479551979,754684.272246818,1795910.84632333,"1_145_1"
"116",2018-03-19,1208246.66666667,35990.8052311671,-122965.538127043,0,404342.92558229,0,182662.019541717,76801.2034131537,77713.6418979172,2.88612821030695e-09,93634.3241061089,17964.790840392,754684.272246818,1520828.44473252,"1_145_1"
"117",2018-03-26,1388960,35974.6446267012,-135140.813268654,11157.9683203266,419886.446734733,0,203550.493399818,115137.050377947,72694.1041037341,2.95593355542961e-11,76249.3665007219,44817.1350509768,754684.272246818,1599010.66809312,"1_145_1"
"118",2018-04-02,2408331.66666667,35958.4840222352,-146082.531595497,580316.031164727,359037.516951973,0,130198.296786118,75527.218930282,42464.5712389566,3.02742724765695e-13,91829.1022429707,21703.8380329089,754684.272246818,1945636.80002149,"1_145_1"
"119",2018-04-09,1131721.66666667,35942.3234177693,-171693.410087756,0,377803.46442136,0,79926.4830302245,63096.7649885856,22302.6901799152,3.10065012219927e-15,95280.7121368041,106084.117657363,754684.272246818,1363427.41799108,"1_145_1"
"120",2018-04-16,950015,35926.1628133034,-212912.947183171,0,317315.075326717,0,47747.922238585,38588.4643998563,10974.8842117453,15622.8580123772,87425.7892910982,71754.7688414214,754684.272246818,1167127.25019875,"1_145_1"
"121",2018-04-23,801298.333333333,35910.002201357,-247572.409390264,0,260904.332291852,0,28042.5057864463,140474.15144388,5215.8151216568,166.309830036471,61729.9878840879,12691.8707296752,754684.272246818,1052246.83814555,"1_145_1"
"122",2018-04-30,779838.333333334,35893.8415894105,-250879.730870302,200161.520544463,255367.493216481,0,16300.7724754447,95524.2964126701,2436.43268702097,299294.161021385,41919.6494307471,7055.19396540198,754684.272246818,1457757.90271954,"1_145_1"
"123",2018-05-07,889546.666666667,35877.6809774642,-225270.87385429,-40876.7517320611,294265.115079708,0,9417.96746280532,108409.754247963,1128.80153241022,11187.6668415701,67286.013538584,894.07458838063,754684.272246818,1017003.72092935,"1_145_1"
"124",2018-05-14,862850,35861.5203655177,-203260.726746533,0,275694.414568126,0,5422.06495667525,70453.0583037871,84257.9213934614,300509.603907928,4827.87378159108,19949.2755501456,754684.272246818,1348399.27832752,"1_145_1"
"125",2018-05-21,2601601.66666667,35845.3597535713,-214943.186686475,186967.179988705,308635.150924952,0,20191.3810097494,77021.380866535,51427.6262862701,11355.2910356588,270.462054162504,33563.5057300215,754684.272246818,1265018.42320997,"1_145_1"
"126",2018-05-28,905008.333333334,35829.1991416249,-254778.911796044,0,296241.727560188,0,11689.3076621837,47973.2740035879,74532.910875081,10087.2094197757,39899.8189840682,67447.2338443671,754684.272246818,1083606.04194165,"1_145_1"
"127",2018-06-04,910551.666666667,35813.0385296785,-286665.809440293,0,304092.278147859,0,6737.58726933263,28773.3172991862,43838.0055838567,105.903170152811,71536.8565972578,75418.5862021075,754684.272246818,1034334.03560596,"1_145_1"
"128",2018-06-11,923853.333333333,35796.8779172678,-282853.133369552,0,289079.600314764,0,88370.6923708654,16845.0562061881,79804.0603928148,1.08492468316183,49544.4711470813,23089.4900856971,754684.272246818,1054362.47223663,"1_145_1"
"129",2018-06-18,982420,35780.717304857,-251912.039638492,0,326914.53375911,0,53031.6784013233,53630.0283021766,47881.8610307901,0.0111116814025673,73429.837304289,45920.0779448184,754684.272246818,1139360.97776737,"1_145_1"
"130",2018-06-25,1056811.66666667,35764.5566924463,-223766.1130972,0,337513.768814848,0,31232.3320971668,32399.8974743174,95952.3146462481,54881.1670172625,63834.1339533422,37386.2712052432,754684.272246818,1219882.60105049,"1_145_1"
"131",2018-07-02,932326.666666667,35748.3960800355,-211552.841103165,0,284494.752947973,0,131157.886492413,143152.833205752,61348.5968261364,648.40591846205,47879.3566691069,28622.8906258974,754684.272246818,1276184.54990943,"1_145_1"
"132",2018-07-09,1126221.66666667,35732.2354676248,-197677.844925084,0,356229.426919012,0,80557.9898994602,97724.4117545389,99118.1499255782,229666.188004273,64689.7962662106,26769.1414125748,754684.272246818,1547493.76697101,"1_145_1"
"133",2018-07-16,1140006.66666667,35716.074855214,-160471.336858272,0,359639.887376438,0,113334.180358564,109009.759629784,64198.6416760316,5311.03755129233,72785.2006103813,13952.3122873566,754684.272246818,1368160.02973361,"1_145_1"
"134",2018-07-23,1479303.33333333,35699.9142428033,-106557.478113983,0,461432.2745136,0,131384.534748736,70901.785308369,80715.70538068,55.1048546544086,77196.6631840648,38485.416776349,754684.272246818,1543998.19314209,"1_145_1"
"135",2018-07-30,1647193.33333333,35683.7535446616,-66550.06805096,0,550434.833867304,0,80707.2445090381,43806.5350519493,48597.7931269732,0.564451933337895,127173.209793187,16797.8513156586,754684.272246818,1591335.98985656,"1_145_1"
"136",2018-08-06,2009478.33333333,35667.59284652,-57888.4248150681,0,605607.877485194,0,136405.334510167,115505.835641347,86962.6504756512,0.00578104842580654,135173.778472569,169571.139898975,754684.272246818,1981690.06254322,"1_145_1"
"137",2018-08-13,1523443.33333333,35651.4321483783,-60966.3042348713,0,504426.876794151,0,84023.1461897525,75808.1356727458,53641.3211442402,99024.9076463002,13959.4744306021,86056.8626923112,754684.272246818,1646310.12473043,"1_145_1"
"138",2018-08-20,1420118.33333333,35635.2714502367,-39699.6098706465,0,421610.710786937,0,293480.87938692,125758.65648209,29264.6488817469,1334.83884236519,807.919355067232,57766.4405983974,754684.272246818,1680644.02815993,"1_145_1"
"139",2018-08-27,1673551.66666667,35619.1107520951,16811.6753373268,0,555151.916218345,0,197899.733557045,83735.5393290817,14721.3296011458,69898.5474777017,115980.705293924,149784.363891869,754684.272246818,1994287.19370535,"1_145_1"
"140",2018-09-03,2061091.66666667,35602.9500539534,81338.1717583467,0,640877.151701038,0,180340.126538762,109741.406672261,37533.1537940198,862.057983955845,153893.959961289,256502.882679325,754684.272246818,2251376.13338977,"1_145_1"
"141",2018-09-10,2144110,35586.7893583329,119524.854430925,0,715035.432470529,0,113840.906684765,71449.9723102659,36111.0567140053,8.8475828978511,157810.796091479,218475.431414068,754684.272246818,2222528.35930409,"1_145_1"
"142",2018-09-17,2058653.33333333,35570.6286627124,127204.018923833,0,655294.271214917,0,69263.0815291682,93281.1956486787,93788.6394181943,61004.7128324204,161982.0030481,285733.39838282,754684.272246818,2337806.22190766,"1_145_1"
"143",2018-09-24,2208345,35554.4679670919,130319.580342786,0,729641.888439129,0,50013.8904649879,88219.7319530894,59442.5651772122,733.319553852095,165721.955816755,71448.1435874558,754684.272246818,2085779.81554918,"1_145_1"
"144",2018-10-01,2603008.33333333,35538.3072714713,150870.319676735,21020.9628494883,789903.073788106,0,427124.235058795,83652.8392740298,66393.185244885,4742.58143095489,175389.267217955,104875.051846177,754684.272246818,2614194.09590541,"1_145_1"
"145",2018-10-08,2313193.33333333,35522.1465758508,182991.314895158,0,762421.738898451,0,313260.056962359,52565.4739357935,67130.6801296746,16870.3290896192,180051.447534156,73445.1030465484,754684.272246818,2438942.56331443,"1_145_1"
"146",2018-10-15,2813106.66666667,35505.9858802303,207426.408509342,0,837900.866840165,0,322706.26491034,100616.647867381,53750.8431567106,52844.5662663087,164380.673843465,161409.207180227,754684.272246818,2691225.73670099,"1_145_1"
"147",2018-10-22,2665110,35489.8251846098,222008.520891622,0,891463.047922647,0,221510.218182127,64691.703524622,29335.5406210998,620.806106284473,166993.25215209,193643.672209892,754684.272246818,2580440.85904181,"1_145_1"
"148",2016-01-04,2171506.66666667,5435.60664901066,235879.071776366,0,879557.229227406,0,195680.099267643,135525.945357751,70474.7064662455,67300.7980079663,40426.4532345765,114877.950151847,658203.425888829,2403361.28602764,"1_174_1"
"149",2016-01-11,2464131.66666667,5439.38376981655,173333.555376127,0,939814.692192972,0,145839.07467494,86878.5681046522,96780.1219530371,99348.1728413388,38387.9919184738,102946.609532916,658203.425888829,2346971.5962531,"1_174_1"
"150",2016-01-18,2012520,5443.16089062594,114763.938622566,0,845405.624839848,0,93113.0424676248,48920.9698007779,64173.7118411804,58214.4069512281,29459.5799773502,100069.789633385,658203.425888829,2017767.65091342,"1_174_1"
"151",2016-01-25,1738911.66666667,5446.93801143533,82291.6179844064,0,698084.157492407,0,57227.331592883,25160.0217366287,77989.8427421184,45207.900275859,19665.3111317538,81346.9451868148,658203.425888829,1750623.49204314,"1_174_1"
"152",2016-02-01,1772306.66666667,5450.71513224472,67947.8490393851,0,691110.622894382,0,154118.359162569,72432.1595893266,46988.3904391529,691.002075483822,27888.5587159754,51540.0281530059,658203.425888829,1776371.11109035,"1_174_1"
"153",2016-02-08,1809058.33333333,5454.4922530541,51769.9504236182,0,740600.447016018,0,99002.6842855267,39364.7692919258,55192.5517865044,40783.290060407,19861.5833256551,44174.3818416085,658203.425888829,1754407.57617315,"1_174_1"
"154",2016-02-15,1952740,5458.2693738635,24201.7151774427,0,734345.62938982,0,302947.92716828,19813.0148412811,46754.5274994081,13710.453499625,260.541896299714,76313.0120290242,658203.425888829,1882008.51676387,"1_174_1"
"155",2016-02-22,1507805,5462.04649467288,-11598.5202669452,0,633984.667408626,0,218727.444162387,9554.86246342341,24454.546966638,184.481463517246,2.89611246835959,88645.7730473167,658203.425888829,1627621.62374093,"1_174_1"
"156",2016-02-29,1510391.66666667,5465.82361537026,-50700.9089156945,0,575265.906982674,0,280073.300756069,4508.83502227011,11690.1289307045,36706.4859512585,10602.6415435805,19786.2611340386,658203.425888829,1551601.9009091,"1_174_1"
"157",2016-03-07,1588840,5469.60073606763,-90440.2007739711,0,630086.267859036,0,198432.101331995,2105.41528971941,83015.260552707,541.197518060886,28182.5743482057,21841.2010536271,658203.425888829,1537436.84380428,"1_174_1"
"158",2016-03-14,1605990,5473.377856765,-125235.867022029,0,622824.565463042,0,215997.907022693,72528.2048723662,51269.1817451981,6.93505165099167,14611.8196767462,13891.4111834931,658203.425888829,1529570.96173875,"1_174_1"
"159",2016-03-21,1356010,5477.15497746238,-147411.431927935,15905.9640853139,570078.256055125,0,145420.183340154,39426.1025333913,27336.9523544077,0.0886961434322157,18496.9018942723,16878.797957957,658203.425888829,1349812.39585512,"1_174_1"
"160",2016-03-28,2103936.66666667,5480.93209815975,-158766.947271224,827255.077702884,568380.146908669,0,92816.9635190321,87557.2586961038,78245.808073031,134037.486698609,15314.9207390261,26655.0291087082,658203.425888829,2335180.10216183,"1_174_1"
"161",2016-04-04,1120835,5484.70921885712,-175625.651993934,0,471473.289005624,0,57033.3907800383,49386.9212984751,47201.3651594132,6193.44784892094,10063.6163062535,28920.9229154194,658203.425888829,1158335.4364279,"1_174_1"
"162",2016-04-11,1141140,5488.4863395545,-212807.380469446,0,475309.893272499,0,34178.5927477189,88658.4540129405,24734.9241365505,81.0218027156516,9047.86290083958,10048.5167288272,658203.425888829,1092943.79736103,"1_174_1"
"163",2016-04-18,1166880,5492.26345982477,-261314.677668326,0,461999.819939705,0,118763.788397262,50146.3198210397,11836.9650903778,28517.9845756938,13114.5308864115,28817.6421007134,658203.425888829,1115578.06249153,"1_174_1"
"164",2016-04-25,888806.666666667,5496.04058009504,-290478.910511473,285335.274813622,373354.360771603,0,74344.1274454899,25862.5687477111,5395.7815390495,406.603551527886,8239.94608374375,19156.2374916027,658203.425888829,1165315.4564018,"1_174_1"
"165",2016-05-02,898873.333333333,5499.81770036531,-279889.620329443,-58270.836258785,360921.023776437,0,45091.9956886863,12635.9135192677,74872.6431484459,5.20779148695738,6654.47482555043,13252.9725941708,658203.425888829,838977.018345011,"1_174_1"
"166",2016-05-09,889373.333333334,5503.59482063558,-246767.311447709,0,370956.4515766,0,26801.2160072321,76808.8917707509,44436.6517158283,0.066604859234299,8694.15403278722,4214.41479908754,658203.425888829,948851.555768901,"1_174_1"
"167",2016-05-16,1915375,5507.37194090586,-232971.144256376,266526.410960964,383275.530355154,0,15732.4981348582,42188.8640442012,23016.96148778,75118.4908060773,103.434398163666,54544.5066290378,658203.425888829,1291246.35038959,"1_174_1"
"168",2016-05-23,1006845,5511.14906117613,-261155.68836957,0,415224.195970317,0,9166.39011728143,109962.348107086,10942.2151720397,1318.40856438417,1.14834365405353,80377.9465876954,658203.425888829,1029551.53944289,"1_174_1"
"169",2016-05-30,869198.333333334,5514.92618126767,-308984.322176494,0,365127.895288317,0,5317.2471180849,65710.9276187117,4971.54984404517,16.9420964485035,8109.4573266047,47895.6785435064,658203.425888829,851883.727729321,"1_174_1"
"170",2016-06-06,727250,5518.70330135922,-332685.466111911,0,306133.200008117,0,3076.51000248808,35142.1443960056,2210.40203465267,0.216689508356707,5107.13976468004,18983.8832723939,658203.425888829,701690.159246123,"1_174_1"
"171",2016-06-13,753730,5522.48042145077,-313917.969988065,0,317371.239677616,0,1777.38240741013,17522.3752714554,973.124445357669,0.00277129260330233,9769.40510442239,18340.6724479622,658203.425888829,715562.138447731,"1_174_1"
"172",2016-06-20,999196.666666667,5526.25754154231,-275717.307231471,0,379896.337293195,0,163410.772172366,108884.933149545,426.540398546384,38160.9386898052,9124.48530220507,5499.13817673728,658203.425888829,1093415.5213813,"1_174_1"
"173",2016-06-27,845843.333333333,5530.03466163386,-250223.158538502,0,356478.069062019,0,105699.695377792,64881.6548490022,186.600546412741,566.070024415911,6693.51046136971,4414.91936858516,658203.425888829,952430.821701558,"1_174_1"
"174",2016-07-04,1126016.66666667,5533.81178172541,-239071.722653856,0,440105.372935163,0,136252.527910856,34630.4728679499,50572.9600215304,7.25442766198296,8424.9773315442,5131.21415932608,658203.425888829,1099790.29467073,"1_174_1"
"175",2016-07-11,1140978.33333333,5537.58890181695,-215257.526503193,0,480127.529180686,0,86382.545846932,17247.7150296349,26885.1624954453,0.0927809237838359,13602.4881319251,15335.1999615737,658203.425888829,1088064.22171457,"1_174_1"
"176",2016-07-18,1242656.66666667,5541.36602090362,-162735.779903594,0,482318.99168629,0,70849.8057429533,145387.218970424,51237.2079020799,38721.3574167603,8612.20904932057,14401.1950249857,658203.425888829,1312536.99779895,"1_174_1"
"177",2016-07-25,1293483.33333333,5545.14313999029,-102262.697085234,0,543171.959396718,0,42867.7898806149,95890.989067055,27316.144686651,575.734793728105,15181.6892639358,39335.9223463983,658203.425888829,1325826.10137869,"1_174_1"
"178",2016-08-01,1484843.33333333,5548.92025907696,-68987.2121484598,0,554476.964974629,0,200351.904196479,124748.493778789,13203.8676704933,82315.6366734094,17850.0996654059,43219.5378499666,658203.425888829,1630931.63880862,"1_174_1"
"179",2016-08-08,1485698.33333333,5552.69737816363,-68421.3615666267,0,623141.486984396,0,133267.397137504,77590.1023243503,19462.8321798961,1498.17072187192,19790.7314615429,66738.5481031746,658203.425888829,1536824.0306131,"1_174_1"
"180",2016-08-15,1556608.33333333,5556.4744972503,-66147.1603746896,0,600559.725100673,0,221554.703849163,42699.293205849,9128.09691179483,9682.74786504054,259.443552362754,85021.4023844748,658203.425888829,1566518.15288075,"1_174_1"
"181",2016-08-22,1391206.66666667,5560.25161633697,-26181.7231100632,0,556092.344109939,0,149807.709501215,21652.659449521,78161.4231099908,6879.93870095604,2.88387891314185,91972.7291372907,658203.425888829,1542151.64228293,"1_174_1"
"182",2016-08-29,2018783.33333333,5564.02873542364,47111.2351447777,0,764876.913000007,0,211440.875300036,118613.789497575,47131.0944210675,90.2312228764451,24581.6469670106,27194.0690128938,658203.425888829,1904807.3091905,"1_174_1"
"183",2016-09-05,2170721.66666667,5567.80585403008,113745.563151279,0,821344.685668433,0,226445.52995839,111021.525471362,47248.6188594308,607.863519401355,20216.4102509616,10117.1388978333,658203.425888829,2014518.56751995,"1_174_1"
"184",2016-09-12,2247670,5571.58297263651,143272.241798748,0,922019.794688901,0,153700.985368491,126361.548421034,24764.6363897429,7.79120753231944,31051.0403449697,27373.4434825492,658203.425888829,2092326.49056343,"1_174_1"
"185",2016-09-19,2192026.66666667,5575.36009124294,146059.096468087,0,839004.264114639,0,98704.0477428838,95346.8914396322,95706.8388163967,83504.756420728,33653.5064879454,52064.2026785069,658203.425888829,2107822.39014889,"1_174_1"
"186",2016-09-26,1895213.33333333,5579.13720984938,155379.413631844,0,777932.995109558,0,60904.9564117196,124291.481208825,63099.5505424929,1529.15931922632,21736.425952858,15960.9668423094,658203.425888829,1884617.51211751,"1_174_1"
"187",2016-10-03,2232910,5582.91432845581,186057.343547897,29965.9105066265,806526.176873273,0,392064.931393645,121433.141834367,74632.5257155525,59112.5666459956,29268.6661944542,41417.6049074961,658203.425888829,2404265.20783659,"1_174_1"
"188",2016-10-10,2406035,5586.69144706225,221922.681124442,0,972569.723191161,0,305761.028991773,74842.9606233515,79411.5045720003,75961.893980537,41115.0813001162,93665.7586915348,658203.425888829,2529040.74981081,"1_174_1"
"189",2016-10-17,2252445,5590.46856556872,244574.040499639,0,849249.795876035,0,365091.925513463,71641.3568476269,48178.0298567154,110162.396097,40898.4688647244,119780.169998406,658203.425888829,2513370.07800801,"1_174_1"
"190",2016-10-24,2663125,5594.2456840752,262097.323313752,0,1053879.19951119,0,277980.968733263,120931.629307817,70678.8839810077,118781.675918842,34352.1113911632,100301.638086029,658203.425888829,2702801.10181597,"1_174_1"
"191",2016-10-31,2974771.66666667,5598.02280258167,297473.267641381,0,1127147.84842172,0,370542.154742917,74431.7347502878,41121.5112150242,133951.773571611,37750.5563474873,77003.7148470436,658203.425888829,2823224.01022888,"1_174_1"
"192",2016-11-07,2826128.33333333,5601.79992108814,350683.96583475,0,1113854.42198141,0,283487.663619147,117321.99336622,75066.0433127733,121781.370590418,47370.2614361366,123373.522402362,658203.425888829,2896744.46835314,"1_174_1"
"193",2016-11-14,3182900,5605.57703959462,385907.636335483,0,1208743.97918586,0,321416.786489063,71504.85798911,44592.7494623018,96697.7069105634,831.617465852445,107863.842580032,658203.425888829,2901368.17934668,"1_174_1"
"194",2016-11-21,2964696.66666667,5609.35415810109,366371.008923081,0,1138730.30220774,0,254292.92001053,117636.491298912,64035.7325489642,146245.553662719,9.28532237612688,101092.511271931,658203.425888829,2852226.58529319,"1_174_1"
"195",2016-11-28,2848525,5613.13127660757,298930.881592458,0,1177159.02294896,0,176449.342665348,71757.593574806,58003.0434971823,103314.167835664,75053.9477238448,126337.035591997,658203.425888829,2750821.5925957,"1_174_1"
"196",2016-12-05,2740160,5616.84349570121,234065.281779679,0,1038475.7794482,0,186234.572743383,135918.977817437,31850.5757164468,29541.9540886078,72961.71835553,176685.779874249,658203.425888829,2569554.90920807,"1_174_1"
"197",2016-12-12,2380508.33333333,5620.55571479486,217026.252499104,0,996863.718857389,0,122549.691267501,87228.0796466548,15672.9726447043,37004.2129510079,61851.2186991173,140350.191783536,658203.425888829,2342370.31995264,"1_174_1"
"198",2016-12-19,2230915,5624.26793388851,243033.64282213,-280719.31833741,898861.69720924,0,76924.3094741562,149190.015950533,7246.67694048392,11988.3276378776,55548.0679985857,59485.1016022209,658203.425888829,1885386.21512053,"1_174_1"
"199",2016-12-26,3659425,5627.98015298216,265241.537464332,878107.77398245,974896.378641807,0,358355.503279225,99507.0477727918,3248.47075030355,116470.792860512,80816.0552628222,11631.0316410918,658203.425888829,3452105.99769715,"1_174_1"
"200",2017-01-02,2827008.33333333,5631.69237207581,244465.348623365,0,945635.555599121,0,340374.64658294,160685.386385728,97781.1941581231,108252.43183279,67732.0639308047,149026.751339332,658203.425888829,2777788.49671311,"1_174_1"
"201",2017-01-09,2042143.33333333,5635.40459116946,185288.431659925,0,859522.694119777,0,253655.181867885,110950.486940034,65186.7867083079,108271.232654681,70813.2556468542,127895.040331116,658203.425888829,2445421.94040858,"1_174_1"
"202",2017-01-16,2113358.33333333,5639.06997614207,123528.476123729,0,845083.02824151,0,199215.581950704,66475.663931925,46570.3956213211,102947.095945476,69976.1977347035,152395.936789591,658203.425888829,2270034.87220393,"1_174_1"
"203",2017-01-23,2179918.33333333,5642.73536111468,86212.9347489765,0,882540.932479986,0,132396.131056363,35615.7849635924,73979.6360689904,156261.621879067,69458.055031656,105322.555743684,658203.425888829,2205633.81322226,"1_174_1"
"204",2017-01-30,2370613.33333333,5646.40074608729,70118.2138832729,0,895063.557353034,0,253949.824963399,17777.1759282384,43719.6203361186,117370.721151106,74832.8992987212,126188.090603477,658203.425888829,2262869.93015228,"1_174_1"
"205",2017-02-06,1814556.66666667,5650.0661310599,55434.3264672692,0,762816.103377858,0,176162.902687236,8535.87415359046,22577.8726773415,2605.67892160113,53541.3052257266,49191.106042907,658203.425888829,1794718.66157342,"1_174_1"
"206",2017-02-13,1951668.33333333,5653.73151603251,29906.9857705498,0,793300.220792666,0,115042.716723464,109874.276059367,10715.4185121921,148685.839467585,1017.14726092117,78299.8752671063,658203.425888829,1950699.63725871,"1_174_1"
"207",2017-02-20,1918238.33333333,5657.39690100512,-4866.09372060424,0,774034.973898433,0,71821.8380440641,65642.9618065979,70570.8513051689,4107.28629465134,11.3733365523458,89400.9152372382,658203.425888829,1734584.92899194,"1_174_1"
"208",2017-02-27,1472390,5661.06228597773,-43590.9684660142,0,605600.832929212,0,43485.4180969462,35100.1328710709,41037.8364459188,207598.211515502,37759.4087536657,118412.796322985,658203.425888829,1709268.15664409,"1_174_1"
"209",2017-03-06,1477865,5664.31634139056,-83475.3939295787,0,591310.989083324,0,25817.8830527811,17499.8004573669,80244.1394951501,10611.7355065844,52269.6257367942,78685.3115087264,658203.425888829,1436831.83314137,"1_174_1"
"210",2017-03-13,1300166.66666667,5667.57039680339,-119772.571799755,0,519498.817152548,0,111899.00292872,8397.72490880341,48882.4977516776,141.124809224497,47337.9626980587,113132.867917667,658203.425888829,1393388.42265258,"1_174_1"
"211",2017-03-20,1160205,5670.82445221622,-144511.112748976,0,456323.229601773,0,69701.4144457274,3953.21221969186,90219.6206910101,1.80579709102702,32583.6860783337,114517.949804014,658203.425888829,1286664.05622971,"1_174_1"
"212",2017-03-27,1356871.66666667,5674.07850762905,-156932.15664525,0,564587.303790982,0,42139.1822724803,55750.6820620796,57794.13734254,33682.3127506837,51259.9341178781,126403.855572766,658203.425888829,1438562.75566062,"1_174_1"
"213",2017-04-03,1355833.33333333,5677.33256304188,-171335.005148968,0,570457.35119766,0,24995.5612979907,29126.6911670162,31706.5025175939,490.433741279811,35770.0959440046,37920.783581665,658203.425888829,1223013.17275011,"1_174_1"
"214",2017-04-10,1176266.66666667,5680.58661845471,-204681.051260936,15905.9640853139,468023.59887624,0,14654.650590786,162330.06852746,15593.1540961351,6.28339655060464,25878.3648052613,8090.9511376194,658203.425888829,1169685.99676171,"1_174_1"
"215",2017-04-17,1955281.66666667,5683.84067386754,-253093.20001104,827255.077702884,385638.506298498,0,88976.0544639212,112654.014606365,7207.62429780966,0.0803615831564027,27397.3805580763,28639.0193173481,658203.425888829,1888561.82415814,"1_174_1"
"216",2017-04-24,1029928.33333333,5686.54315561706,-288018.419037633,0,417350.710372659,0,54524.8339995189,146975.043631679,3230.50811347082,0.00102776250231076,26066.7637455478,63500.7227298748,658203.425888829,1087520.13362733,"1_174_1"
"217",2017-05-01,2263143.33333333,5689.24563736657,-284455.521663127,285335.274813622,356503.669964859,0,229799.118228426,97391.0056014186,1427.39822268961,1.31442838356162e-05,20809.1441560143,29982.7569483695,658203.425888829,1400685.51781161,"1_174_1"
"218",2017-05-08,813771.666666667,5691.94811911609,-252488.633763527,0,328502.209561349,0,156387.839761137,146692.57484001,626.665115332775,1.68105176565256e-07,15807.1319404746,28794.6784183385,658203.425888829,1088217.83988123,"1_174_1"
"219",2017-05-15,880871.666666667,5694.6506008656,-232440.561256957,0,370834.24825221,0,100629.766200819,97123.1338223828,274.343881240624,2.14993458298115e-09,199.908026094461,69796.1175605561,658203.425888829,1070315.03297604,"1_174_1"
"220",2017-05-22,919185,5697.35308261512,-253494.304392703,-58270.836258785,381489.016120568,0,62178.4320364599,85770.346655367,119.953983385118,65454.3206143801,2.22107429241796,86177.7724439897,658203.425888829,1033327.7012484,"1_174_1"
"221",2017-05-29,826321.666666667,5700.05556436464,-301039.413332816,0,338116.168310829,0,37394.8659197265,48163.5151312198,59125.1809641085,1096.27900715898,13448.456132309,37343.5327031218,658203.425888829,897552.066288851,"1_174_1"
"222",2017-06-05,833798.333333333,5702.46548758511,-331638.396136822,266526.410960964,329119.784050037,0,106647.03565074,74888.5408301251,32629.0521121713,49879.9479463751,15488.3380237248,9856.80442559228,658203.425888829,1217303.40923932,"1_174_1"
"223",2017-06-12,746271.666666667,5704.87541080559,-319757.28757684,0,313652.550899188,0,66180.2687802022,40942.3671593779,16105.8446419254,778.106716429514,19777.8902190784,8510.0897738845,658203.425888829,810098.131912881,"1_174_1"
"224",2017-06-19,1036406.66666667,5707.28533402607,-282287.666846547,0,397157.399222298,0,230498.602147795,20679.9411795013,7458.87315878343,537.531271561878,26261.8601780919,8824.15654763157,658203.425888829,1073041.40808197,"1_174_1"
"225",2017-06-26,927931.666666667,5709.69525724654,-253237.900233053,0,373681.371318707,0,156950.041732835,118348.792603944,48395.9547505294,6.88797998730455,19053.2832965354,2179.15759389463,658203.425888829,1129290.71018945,"1_174_1"
"226",2017-07-03,1126943.33333333,5712.10518046702,-241094.33937573,0,439520.209441695,0,129971.781373744,72331.6049457049,71266.7529078461,124978.372614019,40677.2591601872,20246.9384063653,658203.425888829,1321814.11054313,"1_174_1"
"227",2017-07-10,1184220,5714.5151036875,-221608.792556406,0,498217.026236642,0,82023.9064185966,39300.5868814313,41578.3267142127,2913.53913541651,39418.3438945319,17606.8650751284,658203.425888829,1163367.74279207,"1_174_1"
"228",2017-07-17,1315508.33333333,5716.92502690797,-173739.13939686,0,479328.352228508,0,125731.075345339,104683.514780624,95802.8949801776,37.6581833087697,36112.1144242891,5995.63103567704,658203.425888829,1337872.4524968,"1_174_1"
"229",2017-07-24,1279360,5718.53894960048,-111912.801509414,0,537788.959708095,0,79103.4598713891,61692.5334554772,63195.1850874602,0.481684418174775,37929.3017986172,38898.5876327845,658203.425888829,1370617.67256726,"1_174_1"
"230",2017-07-31,1455811.66666667,5720.15287229299,-72070.2902314337,0,558609.934372894,0,133495.183093814,129698.912440273,45007.9511137787,0.00616038013548918,42301.0873693823,35973.5565596004,658203.425888829,1536939.91963981,"1_174_1"
"231",2017-08-07,1553355,5721.7667949855,-67326.6565247944,0,620094.727320882,0,84464.115563538,119268.610535351,70468.8224551632,7.87864767932243e-05,60269.8298278653,30652.3456815192,658203.425888829,1581816.98762212,"1_174_1"
"232",2017-08-14,1374855,5723.38071767801,-68657.1242367028,0,529526.678183399,0,227056.285247184,73076.1349998087,40958.8897135729,1.00761781783287e-06,1257.57939334079,70632.5339769885,658203.425888829,1537777.7838851,"1_174_1"
"233",2017-08-21,1970110,5724.99464037052,-36541.0825620226,0,791486.718414201,0,154189.263877864,39776.5478823885,74597.6850614053,13784.2196834595,14.0882852354784,86494.1021690663,658203.425888829,1787729.9633408,"1_174_1"
"234",2017-08-28,2336431.66666667,5726.60856306303,33187.706056699,0,884055.799696267,0,374918.71049689,20038.7067029269,44215.2239666469,10130.6809982186,72243.0892781289,137745.188203343,658203.425888829,2240465.13985101,"1_174_1"
"235",2017-09-04,2002065,5726.37164634561,104170.467657386,0,842337.930447904,0,287948.054390001,9668.37405461796,22881.0849726015,134.484319759414,53465.0961323193,116732.585213026,658203.425888829,2101267.87472279,"1_174_1"
"236",2017-09-11,2027418.33333333,5726.13472962819,140791.360084586,0,742830.24781947,0,317812.064096727,116063.789094473,49818.5988703503,2600.63249973214,54073.9679834876,36952.9120548307,658203.425888829,2124873.13312211,"1_174_1"
"237",2017-09-18,1886570,5725.89781291077,146014.055576238,0,793226.192566229,0,232335.199439837,70498.0324937667,26398.682202418,33.5754418841908,62563.113208172,58978.9339322962,658203.425888829,2053977.10856258,"1_174_1"
"238",2017-09-25,2529721.66666667,5725.66089619335,152106.224622448,0,934580.127295688,0,349497.310500499,117431.834180708,12714.8766508865,34881.230797415,77926.971742434,100845.794653841,658203.425888829,2443913.45722894,"1_174_1"
"239",2017-10-02,2357930,5725.42397947593,179468.651830626,29965.9105066265,983563.103986235,0,403694.523009494,101045.336371047,5814.75335796506,510.406984200273,76658.0048380639,130683.141518067,658203.425888829,2575332.68227063,"1_174_1"
"240",2017-10-09,3003391.66666667,5725.18706275851,216223.872161229,0,1027537.76218193,0,372642.689482251,149316.795442885,86144.208404108,91857.5667057566,64655.0410284413,97440.1397413907,658203.425888829,2769746.68809958,"1_174_1"
"241",2017-10-16,2283685,5724.95014604109,241524.996637645,0,960609.687616466,0,285624.127538988,99629.0048206633,54044.5694437191,77122.7506923723,77891.1836768945,161456.844813006,658203.425888829,2621831.54127462,"1_174_1"
"242",2017-10-23,2584721.66666667,5723.67607141168,258233.212142137,0,978136.973712533,0,309636.896726198,89199.8450682393,29165.1827083196,115889.508098613,76413.5665293784,162732.488075007,658203.425888829,2683334.77502067,"1_174_1"
"243",2017-10-30,2565400,5722.40199678228,289313.477255322,-136677.205050096,1047733.09113744,0,238440.970505421,50521.2119572856,14200.0866212339,125199.112167871,78960.4791737714,78885.2265587293,658203.425888829,2450502.27821259,"1_174_1"
"244",2017-11-06,3407085,5721.12792215287,341154.741213944,0,1170768.8862649,0,238776.45619423,145821.767378646,92555.8392601972,70787.2149993584,82939.659265229,113036.799666473,658203.425888829,2919765.91805396,"1_174_1"
"245",2017-11-13,2803291.66666667,5719.85384752346,382960.486566731,0,1179839.42486495,0,163650.485508826,96300.1186460293,60015.6981554778,166092.061929899,2588.2465218733,103283.876627789,658203.425888829,2818653.67855792,"1_174_1"
"246",2017-11-20,3303155,5718.57977289406,374312.099626181,0,1218502.58934202,0,293091.136328084,110377.241676251,42664.6419803082,70147.2170925635,29.3013329221357,99198.8116549393,658203.425888829,2872245.04469499,"1_174_1"
"247",2017-11-27,3103743.33333333,5717.30569826465,312523.133507704,0,1259203.98924612,0,209888.045527565,66031.5315266803,70489.4996487542,54330.71358808,95315.3972537822,157391.248091888,658203.425888829,2889094.28997767,"1_174_1"
"248",2017-12-04,2793875,5716.03162363524,242934.76902851,0,1063132.72781577,0,247466.514164187,99748.448720754,40974.8829720192,26514.6456126712,90891.8357591858,115955.046584678,658203.425888829,2591538.32817024,"1_174_1"
"249",2017-12-11,2260396.66666667,5713.69318096983,216010.18683458,0,951416.945692026,0,170779.587981167,58034.9247898819,20921.0568443038,40507.5872740782,85557.558553628,154098.884876903,658203.425888829,2361243.85191637,"1_174_1"
"250",2017-12-18,2399176.66666667,5711.35473830441,237096.742160691,0,916493.278608992,0,309554.795814508,100344.076516507,9866.47343865455,12808.5355760629,92897.383772097,172475.165435506,658203.425888829,2515451.23195015,"1_174_1"
"251",2017-12-25,3827520,5709.01629563899,263787.300342876,425956.97006544,861856.790226914,0,375121.930021725,58471.4172987231,80276.134056981,117594.260210157,90090.0411502065,190731.035444541,658203.425888829,3127798.32100203,"1_174_1"
"252",2018-01-01,3109461.66666667,5706.67785297357,251735.774916535,189944.461074851,869097.810120121,0,288156.007086434,30742.1054417168,68688.8057827324,76883.4294767371,94257.4547177974,204056.837444393,658203.425888829,2737472.78980312,"1_174_1"
"253",2018-01-08,2228128.33333333,5704.33941030816,197192.039258011,0,927603.187651472,0,205516.160653878,27391.1130610275,39593.629340726,120677.473590445,95223.1596092037,206366.595396007,658203.425888829,2483471.12385991,"1_174_1"
"254",2018-01-15,2202593.33333333,5702.00096764274,133165.134210394,0,802126.857195222,0,270565.745720843,13427.2420805272,82774.8830539872,2735.80916479774,92980.8751139057,162629.013503291,658203.425888829,2224310.98689944,"1_174_1"
"255",2018-01-22,1918293.33333333,5699.45095962059,90857.2933669276,0,748738.381298352,0,190218.096473747,81021.4981704474,94184.5341696011,35.3380557076041,76635.6039189523,98058.2067517405,658203.425888829,2043651.82905393,"1_174_1"
"256",2018-01-29,1862458.33333333,5696.90095159844,72305.8555858093,0,721521.090421219,0,229474.109014026,44964.5741964678,61596.8762125291,0.452003964325672,81089.6906866204,74155.0375157145,658203.425888829,1949008.01247678,"1_174_1"
"257",2018-02-05,1975951.66666667,5694.35094357628,58710.3840910678,0,815642.872766127,0,156126.827441418,22918.2409493021,59422.5627085188,2974.42106630743,92375.4098302013,175455.276446934,658203.425888829,2047523.77213228,"1_174_1"
"258",2018-02-12,1827318.33333333,5691.80093555413,35310.3720732755,0,725037.746459014,0,153998.806657402,79903.716420645,32836.6652601994,38.4536423132071,3631.84388971771,138834.251981691,658203.425888829,1833487.08320864,"1_174_1"
"259",2018-02-19,1656268.33333333,5689.25092753198,1751.93614061876,0,679715.194423192,0,98917.1239917898,44222.4615275611,58652.8485791854,0.491860517959499,41.4589387202757,115372.711028189,658203.425888829,1662566.90330613,"1_174_1"
"260",2018-02-26,1703790,5686.70091950983,-36524.5182584507,0,644943.114952043,0,145647.812212667,82769.7941264148,74146.8787687634,0.00629052500206974,76231.53628571,104023.580602153,658203.425888829,1755128.33178816,"1_174_1"
"261",2018-03-05,1488115,5684.15091148768,-76410.2174202881,0,625678.120283454,0,92977.8325091551,46133.5260538646,43853.4409658849,8.04509285832203e-05,75562.6969111261,94611.7534789345,658203.425888829,1566294.7296629,"1_174_1"
"262",2018-03-12,1727330,5681.6009019887,-113921.598594348,0,608353.623604951,0,276772.544953033,98818.6985075464,90668.1348039648,1.0289048628852e-06,64083.8015084774,52689.0502601714,658203.425888829,1741349.28183564,"1_174_1"
"263",2018-03-19,1208246.66666667,5679.05089248972,-141170.474168668,0,509022.120588667,0,195566.004621732,57356.2559513919,58216.4664046347,1.31588936909539e-08,61663.3607828953,53223.3307004175,658203.425888829,1457759.5416624,"1_174_1"
"264",2018-03-26,1388960,5676.50088299074,-155148.287717529,15905.9640853139,528589.659916918,0,214652.593440657,96413.9176581964,50738.5281798334,1.68292025254538e-10,51703.6261090654,97274.186278806,658203.425888829,1564010.11472308,"1_174_1"
"265",2018-04-02,2408331.66666667,5673.95087349175,-167709.917487526,827255.077702884,451987.723011587,0,144363.640226984,55615.8805409963,26992.3576044915,2.15232423252593e-12,62618.4758391434,61566.8168701852,658203.425888829,2126567.43107107,"1_174_1"
"266",2018-04-09,1131721.66666667,5671.40086399277,-197112.463238946,0,475611.933480873,0,92070.992833638,48019.4296403168,13030.8957392921,2.75265544811869e-14,63538.0188593397,149677.248289861,658203.425888829,1308710.8823572,"1_174_1"
"267",2018-04-16,950015,5668.85085449379,-244434.515298448,0,399463.876621446,0,56545.117734135,24645.6338779229,5966.23480333472,16194.5336032215,58589.1628212216,127802.172798523,658203.425888829,1108644.49370468,"1_174_1"
"268",2018-04-23,801298.333333333,5666.30084381446,-284225.279350985,0,328449.116063342,0,33874.5511266691,118371.28573526,2662.15238911118,219.982598295519,42622.9110226881,43780.7444751666,658203.425888829,949625.190792191,"1_174_1"
"269",2018-04-30,779838.333333334,5663.75083313512,-288022.246767033,285335.274813622,321478.860398686,0,19980.281319858,72349.7672791377,1173.89100771704,209232.752447282,30655.5345975489,25980.2414370873,658203.425888829,1342031.53325587,"1_174_1"
"270",2018-05-07,889546.666666667,5661.20082245578,-258622.02176958,-58270.836258785,370446.577437787,0,11674.6470218995,88678.580888,514.906249576338,10953.7525177924,50755.3701766205,4322.99043673145,658203.425888829,884318.593411328,"1_174_1"
"271",2018-05-14,862850,5658.65081177645,-233353.292408073,0,347068.160858322,0,6783.62312002162,50160.2386534096,57704.3825306372,209823.09564833,929.750998993896,54662.4373088434,658203.425888829,1157640.47341109,"1_174_1"
"272",2018-05-21,2601601.66666667,5656.10080109711,-246765.329913039,266526.410960964,388536.831170674,0,21193.7539687804,62714.4304711825,31644.6844860237,11081.3770329081,10.3889943456366,80423.3475770696,658203.425888829,1279225.42143883,"1_174_1"
"273",2018-05-28,905008.333333334,5653.55079041777,-292498.697881228,0,372934.909526069,0,12393.8251934405,33302.7140087581,49236.9194896669,10620.3417482781,38333.8573851851,121810.980089073,658203.425888829,1009991.82623849,"1_174_1"
"274",2018-06-04,910551.666666667,5651.00077973844,-329106.421709962,0,382817.866924594,0,7204.97859972645,16537.8771520983,26025.7010573078,141.243828504817,54280.9368761115,129883.801231965,658203.425888829,951640.410628913,"1_174_1"
"275",2018-06-11,923853.333333333,5648.45076898583,-324729.282415846,0,363918.599439423,0,93869.7428376577,7919.89291586602,54049.3888200902,1.80732080872048,35944.5963813116,66203.4150868273,658203.425888829,961030.037043953,"1_174_1"
"276",2018-06-18,982420,5645.90075823322,-289207.387909125,0,411548.511664146,0,57723.363707418,47622.6698843258,29168.3958224199,0.0231143796572527,53944.1575217468,99803.2455391127,658203.425888829,1074452.30599149,"1_174_1"
"277",2018-06-25,1056811.66666667,5643.35074748061,-256894.482551483,0,424891.752669091,0,34608.5804734406,24419.9253933844,71016.8370317994,50040.9197377848,45752.8608774069,88676.4632011411,658203.425888829,1146359.63346887,"1_174_1"
"278",2018-07-02,932326.666666667,5640.80073672801,-242873.046750767,0,358146.79392098,0,139127.084465114,120656.53898135,41383.8157912566,781.171784020488,35128.7989717235,74684.9406268377,658203.425888829,1190880.32441607,"1_174_1"
"279",2018-07-09,1126221.66666667,5638.2507259754,-226943.870012448,0,448452.654501799,0,88390.7804210373,74206.6468334598,74968.3518924983,168482.684322973,48519.5979041041,70961.6428336329,658203.425888829,1410880.16531186,"1_174_1"
"280",2018-07-16,1140006.66666667,5635.70071522279,-184228.972278048,0,452746.039409481,0,122076.174879438,88957.2552063622,44513.864288006,5504.2282011122,52408.9370739875,44191.6304361402,658203.425888829,1290008.28382053,"1_174_1"
"281",2018-07-23,1479303.33333333,5633.15070447018,-122333.215799265,0,580891.169402106,0,140966.386486921,50353.1018426084,56306.5337396944,71.8226486270735,54394.3880218017,88526.7596157602,658203.425888829,1513013.52255155,"1_174_1"
"282",2018-07-30,1647193.33333333,5630.60068018995,-76402.7450764674,0,692935.349313994,0,89680.205844582,25981.5148707538,30688.2261291157,0.918794210102217,80747.9368920489,50872.9782823575,658203.425888829,1558338.41161961,"1_174_1"
"283",2018-08-06,2009478.33333333,5628.05065590972,-66458.7534401492,0,762391.985957915,0,145993.863285514,98403.5070630367,61600.705297653,0.0117507029974746,81770.5473930919,176609.857404848,658203.425888829,1924143.20125735,"1_174_1"
"284",2018-08-13,1523443.33333333,5625.5006316295,-69992.3101076985,0,635016.522517152,0,93222.4957048606,57054.2370885936,34374.2624819309,83513.9740005162,2488.17160807695,139788.945995332,658203.425888829,1639295.22580922,"1_174_1"
"285",2018-08-20,1420118.33333333,5622.95060734926,-45577.100991987,0,530760.313806914,0,293694.515104389,105358.976540184,17086.0953769358,1529.4010191396,28.1460549306583,115868.738393691,658203.425888829,1682575.46180038,"1_174_1"
"286",2018-08-27,1673551.66666667,5620.40058306903,19300.6285752038,0,698873.623757302,0,210425.007377557,62200.5105913694,7941.94514849877,61689.1707147344,80858.4699216558,170861.040772023,658203.425888829,1975974.22333024,"1_174_1"
"287",2018-09-03,2061091.66666667,5617.8505587888,93380.2140830304,0,806792.022701771,0,193368.65905743,91079.9750215111,17816.4307063556,1015.13857955397,90887.7553558272,198233.148684805,658203.425888829,2156394.6206379,"1_174_1"
"288",2018-09-10,2144110,5615.30053490638,137220.400381787,0,900148.930782048,0,127936.939833971,51831.0924378193,17198.5930756381,13.0306100764979,90331.1791729613,191636.232397243,658203.425888829,2180135.12511528,"1_174_1"
"289",2018-09-17,2058653.33333333,5612.75051102396,146036.458191113,0,824941.549460936,0,80620.3255857164,77773.6206765493,68172.629096559,54889.3184421687,91734.0210754851,203360.337577688,658203.425888829,2211344.43650607,"1_174_1"
"290",2018-09-24,2208345,5610.20048714154,149613.275643502,0,918536.810774544,0,58164.0169669562,72189.4262978499,39201.9449985056,875.573576675827,93071.0134123755,134604.313153265,658203.425888829,2130070.00119964,"1_174_1"
"291",2018-10-01,2603008.33333333,5607.65046325912,173206.533238104,29965.9105066265,994398.843753974,0,401250.120836746,68157.1738723907,42656.7685402927,5367.47626783057,96865.2217884543,152589.913916714,658203.425888829,2628269.03907322,"1_174_1"
"292",2018-10-08,2313193.33333333,5605.10043937671,210083.012573879,0,959802.943894975,0,315531.294859317,36663.314079991,43039.7349574567,17263.6078406059,98252.8342176896,131094.234409028,658203.425888829,2475539.50316115,"1_174_1"
"293",2018-10-15,2813106.66666667,5602.55041549429,238135.699565793,0,1054822.64953158,0,322912.474639569,85812.3032548463,32246.7522151127,48145.2105236845,91253.7997692924,175272.015691861,658203.425888829,2712406.88149607,"1_174_1"
"294",2018-10-22,2665110,5600.00039161187,254876.680418984,0,1122251.39199987,0,237083.443553313,48192.1156827566,15892.9316462419,745.34930884958,93360.5016488128,185158.366754807,658203.425888829,2621364.20729407,"1_174_1"
"295",2016-01-04,2171506.66666667,0,229223.729406913,0,805869.416535844,0,144641.757895799,138513.845537217,46686.7026224412,44383.9899797661,22087.1233136102,64503.6068947734,806925.857457893,2302836.02964426,"1_178_1"
"296",2016-01-11,2464131.66666667,0,168442.938559403,0,861078.611467532,0,96910.430613271,79996.6225906952,128404.363184783,85064.7690710928,19921.857561634,46108.4908473047,806925.857457893,2292853.94135361,"1_178_1"
"297",2016-01-18,2012520,0,111525.867108006,0,774578.975633279,0,51716.4990289645,40769.5243167818,37933.8489891423,36445.0605975963,11925.4667615905,43676.3184635069,806925.857457893,1915497.41835676,"1_178_1"
"298",2016-01-25,1738911.66666667,0,79969.7549734236,0,639599.850922121,0,26826.4072113103,19259.9993751029,90786.0395510917,23548.3373791415,5602.25406152478,30905.0742980074,806925.857457893,1723423.57522962,"1_178_1"
"299",2016-02-01,1772306.66666667,0,66030.6963423719,0,633210.547223669,0,123133.883036816,59444.11540546,21784.9803894453,100.14732120306,9781.77459941083,16395.9577023869,806925.857457893,1736807.95947866,"1_178_1"
"300",2016-02-08,1809058.33333333,0,50309.2581208883,0,678554.197828868,0,66826.9269091104,29093.8658455431,53872.3008795281,17640.0333125565,5535.66880416022,15531.7783385449,806925.857457893,1724289.88749709,"1_178_1"
"301",2016-02-15,1952740,0,23518.8623104169,0,672823.398213486,0,289464.028735174,13451.8048627846,38514.1268967147,3770.83690863811,24.5813390405101,34865.4432610606,806925.857457893,1883358.93998521,"1_178_1"
"302",2016-02-22,1507805,0,-11271.2673115463,0,580870.507387038,0,176067.429761475,6047.16163511112,7329.66028176859,15.15043090242,0.107303170455633,40209.7558944257,806925.857457893,1606194.36284024,"1_178_1"
"303",2016-02-29,1510391.66666667,0,-49270.3796841893,0,527071.105106262,0,253054.676359782,2683.2494614389,1241.65116573477,14632.0450441503,1351.18817348064,3620.23641004458,806925.857457893,1561309.6294946,"1_178_1"
"304",2016-03-07,1588840,0,-87888.4250035307,0,577298.709138945,0,149957.506021831,1183.64829953002,108627.909812174,60.6286923029091,9154.22679809789,7696.21109397002,806925.857457893,1573016.27231121,"1_178_1"
"305",2016-03-14,1605990,0,-121702.329410193,0,570645.379851825,0,175863.661468364,58978.9083474353,28614.3036090045,0.241093616819079,3279.34217058623,4905.37388300714,806925.857457893,1527510.73847154,"1_178_1"
"306",2016-03-21,1356010,0,-143252.209402327,13061.7267290137,522318.066773728,0,98819.6761863216,28840.2935377969,5240.27146210005,0.000958563066973376,4517.18205018913,6964.80481459452,806925.857457893,1343435.67056787,"1_178_1"
"307",2016-03-28,2103936.66666667,0,-154287.328188931,679328.81667454,520762.222331098,0,52799.5822602255,76131.2381952292,98700.5277910418,134993.74774939,3339.20054102702,11566.8994947422,806925.857457893,2230260.76430625,"1_178_1"
"308",2016-04-04,1120835,0,-170670.363531606,0,431974.05660225,0,27406.6026763449,38500.5936120973,24658.135934833,1757.83028123699,1657.60054761925,11807.979853458,806925.857457893,1174018.29343413,"1_178_1"
"309",2016-04-11,1141140,0,-206803.00727472,0,435489.236671591,0,14005.5686622424,77686.132025722,4448.72247688347,7.02308508950851,1317.57637565681,3057.03900729557,806925.857457893,1136134.14848765,"1_178_1"
"310",2016-04-18,1166880,0,-253941.668130223,0,423294.258705042,0,91759.7421455317,39409.0792813287,746.044947582031,9761.32943684266,2357.76898292861,13050.6088057266,806925.857457893,1133363.02163265,"1_178_1"
"311",2016-04-25,888806.666666667,0,-282283.03036831,234312.825414002,342075.365738748,0,48807.6955491142,18570.262573615,123.515602618574,39.8867024499273,1164.3513301709,7209.4562185609,806925.857457893,1176946.18621886,"1_178_1"
"312",2016-05-02,898873.333333333,0,-271992.517653396,-47851.091288839,330683.672626648,0,25272.0382038394,8424.54001664284,94489.2548409246,0.158602756106297,789.931472185035,4923.74778557285,806925.857457893,951665.592064227,"1_178_1"
"313",2016-05-09,889373.333333334,0,-239804.7567331,0,339878.349308583,0,12897.9515016627,63748.5679812922,23100.551788685,0.000630587867270103,1164.05241426375,1304.08255825719,806925.857457893,1009214.65690813,"1_178_1"
"314",2016-05-16,1915375,0,-226397.849238921,218867.28320047,351165.356563645,0,6533.40954763477,31461.8826635516,4143.49181948311,47871.1734768542,5.09923546806457,28467.5108096084,806925.857457893,1269043.21553569,"1_178_1"
"315",2016-05-23,1006845,0,-253787.16472421,0,380437.417167372,0,3296.78837910954,103337.099186988,694.11919158113,219.371741979226,0.0222579953941306,38578.7328836071,806925.857457893,1079702.24354232,"1_178_1"
"316",2016-05-30,869198.333333334,0,-300266.310716674,0,334538.099579284,0,1660.33792501392,55255.7362421835,114.898202307863,0.872728018361243,844.377330473352,16207.3191136161,806925.857457893,915281.187862115,"1_178_1"
"317",2016-06-06,727250,0,-323298.725433132,0,280485.879798287,0,835.36236645747,26827.1564541775,18.981355541396,0.00346988160948002,497.31458887536,5112.17135190146,806925.857457893,797404.001409882,"1_178_1"
"318",2016-06-13,753730,0,-305060.755354903,0,290782.415567108,0,420.08601359559,12352.7392476537,3.13471533218318,1.37958781980153e-05,1365.12656737043,6733.03998647003,806925.857457893,813521.644214316,"1_178_1"
"319",2016-06-20,999196.666666667,0,-267937.926623475,0,348069.266564368,0,137158.081159393,101769.937975196,0.517660888869329,15269.0020150531,1299.04603668024,1590.05404546873,806925.857457893,1144143.83629147,"1_178_1"
"320",2016-06-27,845843.333333333,0,-243163.09688785,0,326612.94112172,0,75120.5371757218,54238.5893602003,0.0854847597827552,63.3843148147962,800.530580406996,1798.66566884694,806925.857457893,1022397.49427651,"1_178_1"
"321",2016-07-04,1126016.66666667,0,-232326.29944554,0,403234.091331483,0,104741.846800764,26282.1600556072,55499.0570349964,0.252053435424542,1108.15227292102,2425.07082252579,806925.857457893,1167890.18838409,"1_178_1"
"322",2016-07-11,1140978.33333333,0,-209184.022288971,0,439903.259215438,0,56175.973301001,12089.8326314625,11323.3498768174,0.00100213819267474,2472.62253706261,7632.45632003926,806925.857457893,1127339.33005288,"1_178_1"
"323",2016-07-18,1242656.66666667,0,-158144.179966974,0,441911.124709651,0,44977.1246398078,151528.981453182,53260.2085711327,15649.4414793893,1250.6829293212,6180.23328177806,806925.857457893,1363539.47455518,"1_178_1"
"324",2016-07-25,1293483.33333333,0,-99377.3488616699,0,497665.934008818,0,23233.6123918435,90185.5493943598,10764.2953179217,65.0350236628481,3014.79123760886,18372.9253999056,806925.857457893,1350850.65137034,"1_178_1"
"325",2016-08-01,1484843.33333333,0,-67040.7337580521,0,508023.825395837,0,172758.821240323,124038.047437085,1845.81835591845,57140.7962336129,4179.20094654158,17911.1670480627,806925.857457893,1625782.80035722,"1_178_1"
"326",2016-08-08,1485698.33333333,0,-66490.848684832,0,570935.750225708,0,96873.3086219034,69350.8354861552,13763.753563778,269.822236891419,5125.86909516291,29877.1852394878,806925.857457893,1526631.53324215,"1_178_1"
"327",2016-08-15,1556608.33333333,0,-64280.8142179688,0,550245.850047669,0,191084.136939493,34603.92313956,2385.67427405736,2002.82895673106,22.732446840752,38946.3966624073,806925.857457893,1561936.58570668,"1_178_1"
"328",2016-08-22,1391206.66666667,0,-25443.0041986843,0,509503.870807322,0,108479.591683901,16161.7335578009,100103.443219291,1256.96524818661,0.0992317682932055,41207.2995606375,806925.857457893,1558195.85656812,"1_178_1"
"329",2016-08-29,2018783.33333333,0,45781.9887772425,0,700796.82267234,0,177557.363227018,114456.202187396,25192.2671082117,5.01499152421244,6309.30558207692,5877.86217157235,806925.857457893,1882902.68417527,"1_178_1"
"330",2016-09-05,2170721.66666667,0,110536.225162635,0,752533.821131616,0,192077.851826591,106192.24869789,40623.0371915267,33.6653604152334,5400.76821041008,2412.9202986721,806925.857457893,2016736.39533765,"1_178_1"
"331",2016-09-12,2247670,0,139229.806774611,0,844774.540291268,0,109117.20227259,126148.632392256,7796.08722027843,0.133862333776177,11909.1765451649,12017.9667275288,806925.857457893,2057919.40354392,"1_178_1"
"332",2016-09-19,2192026.66666667,0,141938.030169803,0,768713.910051144,0,58686.9725988295,88556.1453458912,131577.689555093,57766.5535234341,14602.0681939257,23640.9042232507,806925.857457893,2092408.13111926,"1_178_1"
"333",2016-09-26,1895213.33333333,0,150995.374017404,0,712759.088369491,0,30574.0808951283,123240.595038848,39644.3294645011,273.338874551567,6733.23687081657,4425.49013645024,806925.857457893,1875571.39112508,"1_178_1"
"334",2016-10-03,2232910,0,180807.724273338,24607.5328803881,738956.781867012,0,410409.745820612,120115.299329615,84528.9460383874,32794.7379164135,10839.643307687,18297.1120200083,806925.857457893,2428283.38091135,"1_178_1"
"335",2016-10-10,2406035,0,215661.119166837,0,891089.481530313,0,273662.166548839,66581.9475287778,92368.1591793116,53252.6416550617,21760.2046903409,48767.3126603527,806925.857457893,2470068.89041773,"1_178_1"
"336",2016-10-17,2252445,0,237673.369058347,0,778101.088540835,0,360629.515467342,60776.3872541987,22341.0329064226,101737.534544682,22517.6191965656,64774.3353742275,806925.857457893,2455476.73980051,"1_178_1"
"337",2016-10-24,2663125,0,254702.231381119,0,965586.987847682,0,231304.568454945,118074.938783594,81355.0135218092,117906.640758141,16057.4278129143,42346.5723967372,806925.857457893,2634260.23841483,"1_178_1"
"338",2016-10-31,2974771.66666667,0,289080.041286012,0,1032717.31363645,0,369160.175587946,65160.4328997678,18644.3464535963,144957.287780653,18835.3547209297,27899.8269372228,806925.857457893,2773380.63676047,"1_178_1"
"339",2016-11-07,2826128.33333333,0,340789.396390621,0,1020537.58791397,0,238332.514486802,113593.845785883,91099.1512635261,124985.709282682,30472.5310206181,68003.185024698,806925.857457893,2834739.77862669,"1_178_1"
"340",2016-11-14,3182900,0,375019.228883914,0,1107477.45897484,0,297838.446174892,62082.3281226296,21894.3287181229,85017.103431658,146.771575626226,47787.1356443716,806925.857457893,2804188.65898395,"1_178_1"
"341",2016-11-21,2964696.66666667,0,356033.828603257,0,1043329.40909133,0,206404.046538768,113940.759218924,70325.2853055798,166318.59217106,0.640932515656248,43286.3792787473,806925.857457893,2806564.79859808,"1_178_1"
"342",2016-11-28,2848525,0,290496.528570725,0,1078538.63679462,0,118405.934183671,62318.5021983927,54823.2446890331,96131.3675338285,85314.7005293784,67702.8053900672,806925.857457893,2660657.57734761,"1_178_1"
"343",2016-12-05,2740160,0,227461.115605397,0,951474.0401891,0,141156.684554514,138581.923829243,11153.4791679936,13537.5253185797,91575.3469574457,149941.295253944,806925.857457893,2531807.26833411,"1_178_1"
"344",2016-12-12,2380508.33333333,0,210902.843573236,0,913348.167448982,0,77513.1585886489,80048.3466874224,1915.21239728023,16641.6266313853,62729.91390498,66392.7288461651,806925.857457893,2236417.85553599,"1_178_1"
"345",2016-12-19,2230915,0,236176.433795081,-230522.274790228,823556.588935894,0,40860.261372622,157739.012469725,318.365323395764,3171.42260904026,47635.4310602429,11933.4178256884,806925.857457893,1897794.51605935,"1_178_1"
"346",2016-12-26,3659425,0,257757.731338035,721088.248462173,893221.213733958,0,362329.023832449,95269.6049246705,52.631224441853,107673.36070301,117217.915829179,1172.93008882194,806925.857457893,3362708.51759463,"1_178_1"
"347",2017-01-02,2827008.33333333,0,237567.743929978,0,866411.812811314,0,326773.007538497,174870.52092138,136259.429585352,100706.505937623,79283.8555999316,110880.24076492,806925.857457893,2839678.97454689,"1_178_1"
"348",2017-01-09,2042143.33333333,0,180060.507281093,0,787513.340795402,0,204294.263588877,110107.455472966,42295.8483117425,101181.727493267,85869.2741123085,64275.8547581452,806925.857457893,2382524.12927169,"1_178_1"
"349",2017-01-16,2113358.33333333,0,120043.112650026,0,774283.405630736,0,144776.854489097,59728.2948017156,27679.9783936055,93104.6712099362,83682.6388679003,97096.7974637153,806925.857457893,2207321.61096462,"1_178_1"
"350",2017-01-23,2179918.33333333,0,83780.4315467688,0,808603.150191112,0,79690.1815388677,29248.9887429573,88230.9314597249,185403.848800236,82044.0442187106,38620.4421570977,806925.857457893,2202547.87611337,"1_178_1"
"351",2017-01-30,2370613.33333333,0,68139.824210067,0,820076.650794143,0,224771.564027712,13527.3518210226,20905.2699886933,119213.875655877,98589.1047394117,64802.9823221908,806925.857457893,2236952.48101701,"1_178_1"
"352",2017-02-06,1814556.66666667,0,53870.2435713965,0,698908.66418463,0,130584.93991381,6081.93743937783,3719.2693308989,707.09126357311,46026.5606038252,11100.0275771778,806925.857457893,1757924.59134258,"1_178_1"
"353",2017-02-13,1951668.33333333,0,29063.1583464276,0,726838.873951947,0,71214.4693240258,102954.60979417,622.133728606424,164890.906176061,234.04852828031,33356.962480182,806925.857457893,1936101.01978759,"1_178_1"
"354",2017-02-20,1918238.33333333,0,-4728.79659005095,0,709187.636763308,0,37391.7887248285,55006.8667687795,86746.216778347,1205.10245632302,1.02233437305936,39833.3433298433,806925.857457893,1731569.03802364,"1_178_1"
"355",2017-02-27,1472390,0,-42361.0466371186,0,554864.62241345,0,19225.3795900104,26693.6139895479,20404.1932582011,279809.979368618,15380.0680177425,62466.2104660594,806925.857457893,1743408.8779244,"1_178_1"
"356",2017-03-06,1477865,0,-81120.1306082398,0,541771.957445431,0,9775.9432110982,12288.2701765236,100832.207940856,4917.89712944728,37100.5082512792,27654.0788892002,806925.857457893,1460146.58989349,"1_178_1"
"357",2017-03-13,1300166.66666667,0,-116393.181395196,0,475976.087465646,0,86370.4239238501,5512.73652408113,25472.8369884692,19.8226195575073,31808.0587821578,57319.7417904706,806925.857457893,1373012.38415693,"1_178_1"
"358",2017-03-20,1160205,0,-140433.722905561,0,418093.243476549,0,45784.4247930958,2443.82967154282,118846.648656771,0.0788169352493765,15069.2059137273,55074.2321159742,806925.857457893,1321803.79799693,"1_178_1"
"359",2017-03-27,1356871.66666667,0,-152504.306292163,0,517287.137176096,0,23662.4133495156,41943.5660988955,33162.7136503695,12537.0425410366,36002.1224741204,65897.3800763351,806925.857457893,1384913.9265321,"1_178_1"
"360",2017-04-03,1355833.33333333,0,-166500.777548566,0,522665.401968272,0,12064.6265752764,19858.0464432992,6180.31557694074,51.6361624775003,18076.6027418886,6891.15249362606,806925.857457893,1226212.86187111,"1_178_1"
"361",2017-04-10,1176266.66666667,0,-198905.962939524,13061.7267290137,428813.375660275,0,6108.21440908331,176646.152369657,1042.72857466933,0.205329177796244,9403.04291711082,1051.3101473628,806925.857457893,1244146.65065472,"1_178_1"
"362",2017-04-17,1955281.66666667,0,-245952.159965525,679328.81667454,353330.36639072,0,67511.00998273,111717.846501474,172.811250044272,0.000816367308011292,9820.97814810847,12497.9338577185,806925.857457893,1795353.46111407,"1_178_1"
"363",2017-04-24,1029928.33333333,0,-279891.961811188,0,382385.775800244,0,35365.1741518587,155223.260064842,28.5543599657762,3.24578908765956e-06,8952.51352515811,30033.5108623839,806925.857457893,1139022.6844144,"1_178_1"
"364",2017-05-01,2263143.33333333,0,-276429.591802997,234312.825414002,326636.397224346,0,204877.24944667,93191.9905137104,4.71582406923829,1.29049101727806e-08,5970.38667448413,9583.98335640174,806925.857457893,1405073.81410859,"1_178_1"
"365",2017-05-08,813771.666666667,0,-245364.651591489,0,300980.851675195,0,117407.332128439,154466.667572071,0.778766387988678,5.13085422584043e-11,3627.96808683965,10642.7853400076,806925.857457893,1148687.58943534,"1_178_1"
"366",2017-05-15,880871.666666667,0,-225882.23667113,0,339766.38397142,0,63483.5348423513,92571.9948120006,0.12860294980372,2.03997274946946e-13,16.0144892975608,33189.4382525391,806925.857457893,1110071.11575732,"1_178_1"
"367",2017-05-22,919185,0,-246341.947162642,-47851.091288839,349528.51346121,0,33171.8773757645,77330.2173463896,0.0212370256615981,37664.517041536,0.0699050678930968,39791.2578524068,806925.857457893,1050219.29322581,"1_178_1"
"368",2017-05-29,826321.666666667,0,-292545.567959671,0,309789.369268586,0,17011.6129574857,39200.6289867306,68568.0143995119,167.161173232004,2051.3778353788,10567.8598415846,806925.857457893,961736.31396073,"1_178_1"
"369",2017-06-05,833798.333333333,0,-322281.198601131,218867.28320047,301546.6868208,0,80607.150103894,62752.8647600842,14811.1847927904,24588.8568718478,3157.42437244142,2049.38696768672,806925.857457893,1193025.49674677,"1_178_1"
"370",2017-06-12,746271.666666667,0,-310735.316242438,0,287375.272226609,0,42574.1049016967,30910.5953268297,2576.95644185319,104.895340509733,5014.9228898402,3082.86726817309,806925.857457893,867830.155610966,"1_178_1"
"371",2017-06-19,1036406.66666667,0,-274322.903142037,0,363884.226004602,0,204933.113219714,14339.2651646453,429.349191480311,34.3356338595224,8619.00419888653,3748.87694512481,806925.857457893,1128591.12467417,"1_178_1"
"372",2017-06-26,927931.666666667,0,-246092.777461965,0,342374.979896916,0,117443.833082341,114045.757239587,51765.8590902675,0.136527770495403,5093.46280738055,680.104348432443,806925.857457893,1192237.21298862,"1_178_1"
"373",2017-07-03,1126943.33333333,0,-234291.847913478,0,402697.951842898,0,91902.0025026013,62390.0531230251,84263.9487224106,119126.498476832,20531.9120874961,10532.3470112983,806925.857457893,1364078.72331098,"1_178_1"
"374",2017-07-10,1184220,0,-215356.086983855,0,456477.248892852,0,48887.7802840947,30710.2482495885,19582.5152557292,706.318397691592,20744.4953232671,7419.30908907232,806925.857457893,1176097.68596633,"1_178_1"
"375",2017-07-17,1315508.33333333,0,-168837.079002301,0,439171.035952687,0,94273.8512048002,96825.2294274863,130603.919952456,2.81374233662302,17557.5629864154,1959.35419751307,806925.857457893,1418482.54591929,"1_178_1"
"376",2017-07-24,1279360,0,-108755.175002066,0,492733.912903046,0,50225.1348815071,51072.7402074893,39112.2589992515,0.0111872255607984,19120.1731948608,19205.0619131212,806925.857457893,1369639.97574233,"1_178_1"
"377",2017-07-31,1455811.66666667,0,-70036.8226052307,0,511810.541628579,0,103119.509408008,129771.607796361,26287.0308667456,4.44792133779542e-05,23990.8777566741,14568.1684605012,806925.857457893,1546436.77081401,"1_178_1"
"378",2017-08-07,1553355,0,-65427.0308123958,0,568144.242918653,0,55248.4912225731,117313.724272295,82084.2874226607,1.76844593952895e-07,53599.7934491032,11577.5659126551,806925.857457893,1629466.93184361,"1_178_1"
"379",2017-08-14,1374855,0,-66719.9592968197,0,485163.831309367,0,199958.458873997,64633.323242346,18877.0945095907,7.03115186430739e-10,280.164901498372,33529.1413199987,806925.857457893,1542647.91231787,"1_178_1"
"380",2017-08-21,1970110,0,-35510.0736930743,0,725177.303726546,0,114204.331690817,31953.5370265614,90279.3440610512,3081.22385094716,1.22394654630553,39876.5377407751,806925.857457893,1775989.28580806,"1_178_1"
"381",2017-08-28,2336431.66666667,0,32251.3129099873,0,809991.104401648,0,384101.423690872,14851.4045387135,21608.7487842144,2202.00913598192,76560.99142774,85275.4233155932,806925.857457893,2233768.27566264,"1_178_1"
"382",2017-09-04,2002065,0,101231.291570992,0,771768.287473831,0,250867.024931058,6692.94128790514,3854.45919180264,8.80859210991438,43676.1343372221,53276.8656183941,806925.857457893,2038301.67046121,"1_178_1"
"383",2017-09-11,2027418.33333333,0,136818.923289039,0,680597.189703367,0,294658.392788481,110968.98842361,51549.8151787342,272.173307654842,43461.0211630313,6947.45566671472,806925.857457893,2132199.81697853,"1_178_1"
"384",2017-09-18,1886570,0,141894.260109459,0,726771.047684748,0,179905.354606598,60306.7363762155,10344.2389125314,1.08294705336993,60765.2030655916,23353.6299895396,806925.857457893,2010267.41114963,"1_178_1"
"385",2017-09-25,2529721.66666667,0,147814.538235166,0,856282.589538068,0,342356.887869168,113557.658429455,1771.1353801293,13304.7748540979,107368.264049042,51077.6613307816,806925.857457893,2440459.3671438,"1_178_1"
"386",2017-10-02,2357930,0,174404.932893961,24607.5328803881,901161.855530201,0,418622.526706216,94224.3749578844,294.268850035943,54.9189975185651,106488.473510381,74715.2176721173,806925.857457893,2601499.9594566,"1_178_1"
"387",2017-10-09,3003391.66666667,0,210123.102445439,0,941452.391455482,0,363787.205746584,157933.350730598,114578.647867271,69257.0293746168,70749.2452159415,38167.5699120728,806925.857457893,2772974.4002059,"1_178_1"
"388",2017-10-16,2283685,0,234710.354154532,0,880131.437448528,0,233895.291064116,95431.1336665121,31198.9835594066,56046.0075512738,108471.463374663,118553.619896615,806925.857457893,2565364.14817354,"1_178_1"
"389",2017-10-23,2584721.66666667,0,250947.146341441,0,896190.317246607,0,278674.384790986,81200.8623201719,5770.42567243156,111245.128916376,105820.550538365,109033.937218728,806925.857457893,2645808.610503,"1_178_1"
"390",2017-10-30,2565400,0,281150.479882427,-112237.16417781,959955.790007982,0,185676.872526253,41483.6142450412,972.174568254486,129153.92510747,114955.546337696,18408.5215367846,806925.857457893,2426445.61749199,"1_178_1"
"391",2017-11-06,3407085,0,331529.039422589,0,1072683.85492251,0,194985.040406947,152418.085912888,126095.940554532,51397.7471481577,130986.484680487,54239.4912072547,806925.857457893,2921261.54171325,"1_178_1"
"392",2017-11-13,2803291.66666667,0,372155.233125296,0,1080994.47918479,0,110987.524319291,90904.3396336431,36730.8915892514,202938.152262869,957.774264448954,44752.0927033675,806925.857457893,2747346.34454085,"1_178_1"
"393",2017-11-20,3303155,0,363750.860948749,0,1116418.50932543,0,271480.411183514,105677.115901641,24743.7782168394,52962.4464915197,4.19294468849585,42583.3040284753,806925.857457893,2784546.47649875,"1_178_1"
"394",2017-11-27,3103743.33333333,0,303705.274270747,0,1153710.01498644,0,163000.702018569,56787.0654130895,82650.4452998263,32328.4825151822,174157.789470673,111574.340272505,806925.857457893,2884839.97170492,"1_178_1"
"395",2017-12-04,2793875,0,236080.349731567,0,974065.271247456,0,212315.771106893,91481.2644899095,19058.9066532387,10450.7186499531,168663.919858453,47502.8417148204,806925.857457893,2566544.90091018,"1_178_1"
"396",2017-12-11,2260396.66666667,0,209915.446263289,0,871708.847849077,0,122292.2724452,47723.6579923097,3367.77264989879,18792.2770063151,146072.298015608,100758.62440867,806925.857457893,2327557.05408826,"1_178_1"
"397",2017-12-18,2399176.66666667,0,230407.043147217,0,839711.026354029,0,293156.8666843,91822.2082566964,562.649733563578,3495.65053731188,177663.925765809,131902.839371864,806925.857457893,2575648.06730868,"1_178_1"
"398",2017-12-25,3827520,0,256344.525605488,349789.142705941,789651.890289957,0,379146.70615204,47935.1288394,103788.153689952,109604.612731497,166612.579105115,183274.184977905,806925.857457893,3193072.78155519,"1_178_1"
"399",2018-01-01,3109461.66666667,0,244633.034702695,155979.394329212,796286.269819291,0,246678.178919094,22951.3754835015,68515.2934340986,57313.1238845423,185589.45063128,245861.373145522,806925.857457893,2830733.35180713,"1_178_1"
"400",2018-01-08,2228128.33333333,0,191628.25386616,0,849890.166062419,0,145522.543440568,18658.2152872079,14796.2920604267,119444.437244337,191507.72033693,251690.563738998,806925.857457893,2590064.04949494,"1_178_1"
"401",2018-01-15,2202593.33333333,0,129407.871842138,0,734926.029729121,0,237486.926828036,8465.77196724205,105657.131267269,709.133297151128,181308.943307348,65362.4347808088,806925.857457893,2270250.10047701,"1_178_1"
"402",2018-01-22,1918293.33333333,0,88293.7493035862,0,686010.349781223,0,139199.494309685,68370.8429807892,121938.248015999,2.82497801239011,113120.266764241,22288.5430915326,806925.857457893,2046150.17668296,"1_178_1"
"403",2018-01-29,1862458.33333333,0,70265.7414687923,0,661073.277365698,0,191702.106372277,34049.3054256293,34647.0419628059,0.0112318981022277,124070.69728577,22457.030196827,806925.857457893,1945191.06876759,"1_178_1"
"404",2018-02-05,1975951.66666667,0,57053.8670299077,0,747309.696442408,0,108876.006688717,15886.4782302523,54844.8203367181,313.173357731303,173508.234294087,152953.14451333,806925.857457893,2117671.27835104,"1_178_1"
"405",2018-02-12,1827318.33333333,0,34314.0877756875,0,664295.313925871,0,112991.105408187,67297.7555599346,11158.8873608808,1.24622305754928,1624.82830972191,66459.1203711852,806925.857457893,1765068.20239242,"1_178_1"
"406",2018-02-19,1656268.33333333,0,1702.50515576101,0,622769.808419986,0,60921.9928958589,33444.4440601787,63747.8944709268,0.00495486662980121,7.12784776766006,47451.1047389,806925.857457893,1636970.74000214,"1_178_1"
"407",2018-02-26,1703790,0,-35493.9767523361,0,590910.874783835,0,111645.389733408,70848.8111026103,87220.8547969458,1.97000199102193e-05,89754.8791760435,42994.3822054871,806925.857457893,1764807.07252359,"1_178_1"
"408",2018-03-05,1488115,0,-74254.2984842558,0,573259.868689804,0,60144.3298943941,35455.8327686012,20563.585559707,7.83251716266794e-08,100467.730999343,38540.225308459,806925.857457893,1561103.13219402,"1_178_1"
"409",2018-03-12,1727330,0,-110707.293754961,0,557386.788955873,0,257057.858943307,89603.5219013921,120343.861759562,3.11412503031709e-10,68730.9418526781,15631.3418783354,806925.857457893,1804972.87899408,"1_178_1"
"410",2018-03-19,1208246.66666667,0,-137187.340646159,0,466377.110768503,0,152762.286591494,46564.2789575037,33874.8407104562,1.23814279663092e-12,60919.5861440535,19604.9428207159,806925.857457893,1449841.56280446,"1_178_1"
"411",2018-03-26,1388960,0,-150770.769334832,13061.7267290137,484305.314843809,0,176826.450385592,87011.4648737928,40722.9350627406,4.92272330084617e-15,40516.7275037119,48651.6975789405,806925.857457893,1547251.40510066,"1_178_1"
"412",2018-04-02,2408331.66666667,0,-162977.971956172,679328.81667454,414120.958274267,0,99424.8785613919,44978.4357725365,7818.37647101584,1.9572221203107e-17,60760.7359521239,21220.2509962607,806925.857457893,1971600.33820386,"1_178_1"
"413",2018-04-09,1131721.66666667,0,-191550.923089317,0,435765.972463652,0,53143.4542324237,36618.2497040475,1326.72463109715,7.78170576350503e-20,64403.4109061266,104451.423288196,806925.857457893,1311084.16959412,"1_178_1"
"414",2018-04-16,950015,0,-237537.780569202,0,365997.470639674,0,27590.9738979067,17166.18441651,220.093328980335,3944.91598038451,53642.7949458535,62367.720795935,806925.857457893,1100318.23089394,"1_178_1"
"415",2018-04-23,801298.333333333,0,-276205.845791709,0,300932.206260391,0,14101.3735016973,114095.754299697,36.3728953522073,15.8575583041558,26789.4270839966,8340.43068591684,806925.857457893,995031.433951539,"1_178_1"
"416",2018-04-30,779838.333333334,0,-279895.68154097,234312.825414002,294545.906791831,0,7148.19944306649,62424.1350198906,6.00723610425407,281842.986849853,13309.6729493826,6988.76220335694,806925.857457893,1427608.67182441,"1_178_1"
"417",2018-05-07,889546.666666667,0,-251324.985681577,-47851.091288839,339411.191560232,0,3608.35026274073,78567.8139286993,0.992033257568045,5079.87909731591,34973.7035923118,639.280006880328,806925.857457893,970030.990968915,"1_178_1"
"418",2018-05-14,862850,0,-226769.215057255,0,317991.379065513,0,1817.58800846931,39926.7384375857,66329.94328239,284542.636723408,171.066025269558,27784.5191828428,806925.857457893,1318720.51312612,"1_178_1"
"419",2018-05-21,2601601.66666667,0,-239802.831107551,218867.28320047,355985.874521467,0,13614.9061933312,50118.1055869703,14185.11496542,5308.18524987634,0.747079112820154,38398.66664146,806925.857457893,1263601.90978845,"1_178_1"
"420",2018-05-28,905008.333333334,0,-284245.829314471,0,341691.055407059,0,6899.57104676002,24095.8650076281,49068.3487927068,2711.12062172682,15871.2652172957,68352.4054346201,806925.857457893,1031369.65967122,"1_178_1"
"421",2018-06-04,910551.666666667,0,-319820.66398686,0,350746.035398974,0,3482.32311276041,11040.3652557939,9745.36691284818,10.8605507188218,40549.0305886739,70065.7424569218,806925.857457893,972744.917747723,"1_178_1"
"422",2018-06-11,923853.333333333,0,-315567.025944388,0,333430.116485308,0,72517.3359434029,4941.99807525189,57778.0152654752,0.0431816846870956,18440.7327587222,18607.2718525628,806925.857457893,997074.345075913,"1_178_1"
"423",2018-06-18,982420,0,-281047.383853592,0,377069.675457391,0,38106.984740698,34384.3858507508,11903.4365105135,0.000171685779169843,40892.1456596864,46726.0249169685,806925.857457893,1074961.126912,"1_178_1"
"424",2018-06-25,1056811.66666667,0,-249646.189087684,0,389295.042364781,0,19601.7084222505,16052.7105842744,85726.3724410682,23888.5032885709,29909.6503585763,36457.630715854,806925.857457893,1158211.28654558,"1_178_1"
"425",2018-07-02,932326.666666667,0,-236020.368951648,0,328141.863042617,0,112025.382665453,117079.817425146,20064.2020783076,101.69632145658,17272.3477084707,28267.6636585359,806925.857457893,1193858.46140623,"1_178_1"
"426",2018-07-09,1126221.66666667,0,-220540.634904699,0,410882.051807772,0,60363.7840561918,64471.7022688569,90923.6949805456,202522.947896694,32067.8216089325,27610.1328800898,806925.857457893,1475227.35805228,"1_178_1"
"427",2018-07-16,1140006.66666667,0,-179030.940610171,0,414815.74421066,0,92423.6719801386,78969.2815261504,21833.0118122579,1830.25875471331,39373.349832159,14285.8853542468,806925.857457893,1291426.12031805,"1_178_1"
"428",2018-07-23,1479303.33333333,0,-118881.576668379,0,532225.0925822,0,109219.634069651,40163.0572305756,56814.2363576761,7.31393172174176,43509.5794873997,42771.3156945742,806925.857457893,1512754.51014331,"1_178_1"
"429",2018-07-30,1647193.33333333,0,-74247.0369730709,0,634882.401159088,0,58745.9267926117,18952.0932702939,11656.7391555831,0.029079998239679,116375.202694415,16729.37937378,806925.857457893,1590020.59201059,"1_178_1"
"430",2018-08-06,2009478.33333333,0,-64583.615666118,0,698520.078602709,0,114475.236843445,88860.5685173974,69209.3473947466,0.000115618971272619,125990.613242168,161005.331736792,806925.857457893,2000403.41824465,"1_178_1"
"431",2018-08-13,1523443.33333333,0,-68017.4728171849,0,581815.915424884,0,61781.2070686731,46108.0144165685,14992.9164590031,57672.3754441166,898.116335944504,68372.9553950597,806925.857457893,1570549.88518496,"1_178_1"
"432",2018-08-20,1420118.33333333,0,-44291.1403129641,0,486294.115032932,0,278035.559751797,97861.6333134771,2610.29204324459,272.808685888023,3.93105042186792,47867.4818695968,806925.857457893,1675580.53889229,"1_178_1"
"433",2018-08-27,1673551.66666667,0,18756.0601650168,0,640323.177042497,0,167724.418820238,51730.8937109517,434.953512958894,35228.7138608946,106480.151017882,134511.46744932,806925.857457893,1962115.69303765,"1_178_1"
"434",2018-09-03,2061091.66666667,0,90745.4856580999,0,739200.355582947,0,150780.129362279,80942.7455156298,13169.3359207775,155.183837843439,164110.122281297,220464.470928021,806925.857457893,2266493.68654479,"1_178_1"
"435",2018-09-10,2144110,0,133348.718431638,0,824735.980263478,0,83323.2220260732,41330.2646973076,11153.7325676019,0.617259231399867,166375.565640271,170800.551643425,806925.857457893,2237994.50998692,"1_178_1"
"436",2018-09-17,2058653.33333333,0,141916.030633191,0,755829.345776862,0,44084.1287899107,65700.2531614586,82408.3538657838,28077.6341929652,173442.353604331,237445.768479484,806925.857457893,2335829.72596188,"1_178_1"
"437",2018-09-24,2208345,0,145391.927963421,0,841583.354861149,0,30912.7956327542,60130.3154010435,18981.0423400279,121.031248992594,180294.785554265,34093.7532781756,806925.857457893,2118434.86373772,"1_178_1"
"438",2018-10-01,2603008.33333333,0,168319.500358737,24607.5328803881,911089.79540062,0,423966.296156692,55911.2010646408,36523.4653577497,829.362410751033,199243.907528722,86069.1392849328,806925.857457893,2713486.05790113,"1_178_1"
"439",2018-10-08,2313193.33333333,0,204155.507585174,0,879392.281347562,0,285785.134985631,27179.486027066,37411.6984147575,4676.48962439379,207409.187763272,60190.5570557001,806925.857457893,2513126.20026145,"1_178_1"
"440",2018-10-15,2813106.66666667,0,231416.686305887,0,966451.397225722,0,298414.036215025,74180.6858969158,21287.0519494069,23931.058112541,174715.998461397,142161.236659311,806925.857457893,2739484.0082841,"1_178_1"
"441",2018-10-22,2665110,0,247685.319365188,0,1028231.07402787,0,182698.409893525,37368.8677400132,3792.55018091364,101.89032132817,182041.686261957,161568.644454775,806925.857457893,2650414.29970346,"1_178_1"
