"","ds","tv_S","ooh_S","print_S","facebook_I","search_clicks_P","newsletter","type","solID"
"1",2016-01-04,26138.9827962565,270058.392223298,8182.31409664996,4111.67399534337,5406.68324719448,36613.6352295824,"adstockedMedia","1_145_1"
"2",2016-01-11,15310.0561652951,103182.556295571,25608.4687870904,5402.80467063872,5228.00109467471,32627.4842264311,"adstockedMedia","1_145_1"
"3",2016-01-18,7238.19534906451,39423.4737015149,6344.53438669186,3757.36377226387,4402.98268351564,31749.778281534,"adstockedMedia","1_145_1"
"4",2016-01-25,3422.03002690352,15062.7231432602,12815.7784850873,3220.46155233658,3412.9343168662,26841.0644977893,"adstockedMedia","1_145_1"
"5",2016-02-01,18129.6732348092,48232.4230600356,3175.1272583643,394.865928566507,4009.06609104088,19725.049652149,"adstockedMedia","1_145_1"
"6",2016-02-08,8571.23677872061,18428.4023417753,5550.19782769993,3015.05898757076,3357.00658666299,18173.4275089975,"adstockedMedia","1_145_1"
"7",2016-02-15,70328.6972561229,7041.03155770625,3823.46936722965,1685.39084773424,728.664487752054,26125.0473065338,"adstockedMedia","1_145_1"
"8",2016-02-22,33249.5742594961,2690.20203038607,947.26994724028,206.648460561568,158.162315742952,29066.8076607497,"adstockedMedia","1_145_1"
"9",2016-02-29,57275.8250688867,1027.85890177873,234.687470137827,2836.83109028492,1908.20272708021,11336.4797408829,"adstockedMedia","1_145_1"
"10",2016-03-07,27078.5166397499,392.719175003433,16564.2330417781,347.828385604841,3781.97988401988,12418.014239518,"adstockedMedia","1_145_1"
"11",2016-03-14,32574.456601722,44144.1815064323,4103.81218012213,42.6477932531114,2811.12037701146,9905.13589910575,"adstockedMedia","1_145_1"
"12",2016-03-21,15400.3537104819,16866.3875094209,1016.72527591479,5.22911396721504,3072.15687494815,11092.4780350461,"adstockedMedia","1_145_1"
"13",2016-03-28,7280.88567394292,72532.7580966014,13831.3173483421,6951.03136064441,2797.68560202934,14128.7440099461,"adstockedMedia","1_145_1"
"14",2016-04-04,3442.21289936649,27712.9524987593,3426.72844906845,1150.1724958756,2229.45617705358,14687.0329871911,"adstockedMedia","1_145_1"
"15",2016-04-11,1627.38850397968,77002.2925910694,848.976823242553,141.024484600992,2038.4892010095,8397.57610938155,"adstockedMedia","1_145_1"
"16",2016-04-18,11896.1201842665,29420.6498259696,210.335209549199,2464.20043740952,2435.65468559253,14769.7451788556,"adstockedMedia","1_145_1"
"17",2016-04-25,5624.17543476144,11240.8943559521,52.1108458616497,302.139546794381,1964.86167267035,11781.1760943462,"adstockedMedia","1_145_1"
"18",2016-05-02,2658.96349658679,4294.86454816985,12531.4883135946,37.0458118386995,1715.76948136748,9766.53293326737,"adstockedMedia","1_145_1"
"19",2016-05-09,1257.0886093778,51598.8269766761,3104.69396600972,4.54224608909703,1919.80206531809,5513.20084621387,"adstockedMedia","1_145_1"
"20",2016-05-16,594.318716242607,19714.6210694465,769.192324276467,4396.94764723068,416.708026152817,21441.3031361319,"adstockedMedia","1_145_1"
"21",2016-05-23,280.978392327558,131975.130226111,190.568487008159,539.116765521505,90.4497303118621,27334.0219817806,"adstockedMedia","1_145_1"
"22",2016-05-30,132.839257451134,50424.3959688216,47.2136123754738,66.1019666789589,1617.07096358489,19115.4229068623,"adstockedMedia","1_145_1"
"23",2016-06-06,62.802937172468,19265.900359138,11.6972392893378,8.10486758763561,1439.21388350476,11376.8916011175,"adstockedMedia","1_145_1"
"24",2016-06-13,29.6915911242568,7361.01860055476,2.89800758950409,0.993750744696314,1996.43330082696,11425.9649050811,"adstockedMedia","1_145_1"
"25",2016-06-20,20486.4240767494,126720.727741812,0.7179854819657,2897.93047297553,1999.15386961035,6210.11993559392,"adstockedMedia","1_145_1"
"26",2016-06-27,9685.44712510092,48416.8202157697,0.177881919350574,355.319878388993,1719.71975840579,5734.4796439734,"adstockedMedia","1_145_1"
"27",2016-07-04,14700.0401884686,18498.8558823805,5168.44407049728,43.5663371346296,1889.50144211514,6268.5130122199,"adstockedMedia","1_145_1"
"28",2016-07-11,6949.79570123506,7067.9500932121,1280.48933357133,5.34173809789023,2457.89785661293,10798.0825930772,"adstockedMedia","1_145_1"
"29",2016-07-18,5186.09552669181,322343.686929449,5097.90971138674,2922.27598895459,2008.40136347205,10342.830246248,"adstockedMedia","1_145_1"
"30",2016-07-25,2451.85073887555,123159.459512809,1263.0143462716,358.304920941831,2636.61047533511,17588.4062849463,"adstockedMedia","1_145_1"
"31",2016-08-01,29339.4244312786,211273.215375443,312.913591883513,4687.14982301137,2969.51669318122,18347.9605464445,"adstockedMedia","1_145_1"
"32",2016-08-08,13870.9148529513,80722.2107032234,885.302563046041,574.698917256408,3200.14015593973,23949.9632440387,"adstockedMedia","1_145_1"
"33",2016-08-15,35188.4868618383,30841.9374847693,219.334962998786,1402.12797238527,694.615404308914,28262.119279633,"adstockedMedia","1_145_1"
"34",2016-08-22,16636.1990572794,11783.9328175935,14034.0738808498,1182.24631113389,150.771696360765,29857.4331892133,"adstockedMedia","1_145_1"
"35",2016-08-29,31856.3211295503,164148.2126272,3476.96166696667,144.957106257489,3234.46159975177,13498.9774827123,"adstockedMedia","1_145_1"
"36",2016-09-05,36322.677984442,150527.059294363,3942.79995185169,353.840827193274,3245.76113072666,8180.04621853261,"adstockedMedia","1_145_1"
"37",2016-09-12,17172.4150462964,217628.35733209,976.834268473741,43.3849883079773,4249.47227769634,14273.268392358,"adstockedMedia","1_145_1"
"38",2016-09-19,8118.67006745971,115844.751474223,25778.6342947893,4731.56373941397,4619.08433807237,20560.5008477304,"adstockedMedia","1_145_1"
"39",2016-09-26,3838.29551560261,206636.84840759,6386.6931320663,580.144578400496,3617.32715495829,10492.5088367799,"adstockedMedia","1_145_1"
"40",2016-10-03,146351.286037181,200820.637527829,11395.4678183672,3767.95731622479,4160.27603385809,17948.7809827706,"adstockedMedia","1_145_1"
"41",2016-10-10,69191.0719651835,76728.5421735541,13547.0210582397,4450.82050337713,5292.79609371772,30738.2838221688,"adstockedMedia","1_145_1"
"42",2016-10-17,114101.081351902,59111.7899724975,3356.29364081967,5865.62977535901,5429.52565556129,37921.8546669833,"adstockedMedia","1_145_1"
"43",2016-10-24,53944.0161060081,181497.669630545,10192.5042775875,6257.78226047135,4863.76173779968,31757.4696499737,"adstockedMedia","1_145_1"
"44",2016-10-31,119498.110904853,69345.7194941894,2525.2073606313,6983.48339299979,5097.88866906943,25737.9099762354,"adstockedMedia","1_145_1"
"45",2016-11-07,56495.5909524473,169097.398104256,12169.4459198456,6402.70650606752,6030.8580030842,38947.9295057246,"adstockedMedia","1_145_1"
"46",2016-11-14,79034.0289605736,64607.8859304624,3014.99745054534,5306.47928144995,1309.04481241755,33810.7274457533,"adstockedMedia","1_145_1"
"47",2016-11-21,44322.2814333459,169703.190414047,8040.03655228577,7622.14971967349,284.138396234989,31910.1816781725,"adstockedMedia","1_145_1"
"48",2016-11-28,20954.4189692781,64839.3440184476,6134.86376854747,5589.14504685684,8686.69734549933,39746.4069166835,"adstockedMedia","1_145_1"
"49",2016-12-05,24161.1029074387,263854.02475966,1519.92118157572,2544.98043683529,9480.5208600777,65977.476203233,"adstockedMedia","1_145_1"
"50",2016-12-12,11422.739459919,100812.022686802,376.56262394063,2864.93679149585,8211.9248499825,44014.8536308067,"adstockedMedia","1_145_1"
"51",2016-12-19,5400.37337157396,373437.752107294,93.2939230454353,1574.5075565158,7343.87524871847,20736.6195271607,"adstockedMedia","1_145_1"
"52",2016-12-26,110274.169050028,142681.223725281,23.1137014771276,6129.60906084127,10673.1581395277,8230.66524037777,"adstockedMedia","1_145_1"
"53",2017-01-02,93189.0984221304,508210.926487386,28003.859785588,5790.24087124034,9101.8451088931,49551.9952725943,"adstockedMedia","1_145_1"
"54",2017-01-09,44057.3758515392,194174.682373692,6937.99589686235,5791.98608339134,9347.87786149858,40103.1258909251,"adstockedMedia","1_145_1"
"55",2017-01-16,26742.4718508801,74189.2889543371,3254.5427475152,5564.20333291896,9249.51504237811,50187.4470170722,"adstockedMedia","1_145_1"
"56",2017-01-23,12643.1433878282,28345.8715022256,11587.2953497592,8197.06345242219,9166.55688374299,32565.2159476078,"adstockedMedia","1_145_1"
"57",2017-01-30,46222.3085269621,10830.2484434812,2870.76882286544,6206.88271542929,9934.44739487132,39462.7416728138,"adstockedMedia","1_145_1"
"58",2017-02-06,21852.7022364084,4137.96701711276,711.237038978859,761.03579164085,7358.09257892734,18684.5321554123,"adstockedMedia","1_145_1"
"59",2017-02-13,10331.3878136263,129304.747021438,176.209983049243,7733.48601432707,1597.13143881136,26314.1342377456,"adstockedMedia","1_145_1"
"60",2017-02-20,4884.4107699281,49404.10934459,10734.6784949197,948.215057524216,346.669847583178,29136.761764681,"adstockedMedia","1_145_1"
"61",2017-02-27,2309.22205223228,18876.0743619687,2659.53179033622,12475.9781998938,4453.2112244202,37335.3597772528,"adstockedMedia","1_145_1"
"62",2017-03-06,1091.73997390772,7212.07583833486,14686.6805429753,1529.69959014176,6385.29397759012,26084.4915425579,"adstockedMedia","1_145_1"
"63",2017-03-13,10877.0261928167,2755.55377142882,3638.64589116856,187.558907092334,6190.64647342551,35642.149910783,"adstockedMedia","1_145_1"
"64",2017-03-20,5142.37436822501,1052.82816729069,20755.3018916804,22.9968968131912,4819.62031566876,35882.0760720784,"adstockedMedia","1_145_1"
"65",2017-03-27,2431.18051517073,24878.5259734288,5142.15541947279,2700.74119494083,6399.42759967274,39678.838523907,"adstockedMedia","1_145_1"
"66",2017-04-03,1149.39875514858,9505.46245080796,1273.97628307263,331.142186431131,5118.18430226507,15924.4787782895,"adstockedMedia","1_145_1"
"67",2017-04-10,543.405761149058,503993.399428158,315.629427240838,40.6018717527624,4080.84196745223,7017.37830081338,"adstockedMedia","1_145_1"
"68",2017-04-17,7725.96140803524,192563.270783649,78.1976373218711,4.97826026817822,4063.9518374571,14562.1308263586,"adstockedMedia","1_145_1"
"69",2017-04-24,3652.63310120684,369728.275561088,19.3735753227376,0.61039243334972,3930.8284153364,23284.3676343477,"adstockedMedia","1_145_1"
"70",2017-05-01,38349.7896887556,141263.92552764,4.79983070640433,0.0748411900181621,3439.93680972034,14666.2234316753,"adstockedMedia","1_145_1"
"71",2017-05-08,18130.780603665,360319.545632392,1.18916485090407,0.0091763977030257,2907.19240460292,14480.8774609346,"adstockedMedia","1_145_1"
"72",2017-05-15,8571.76031384126,137669.085176466,0.294617274884062,0.001125132761567,631.028807841095,24758.9611990574,"adstockedMedia","1_145_1"
"73",2017-05-22,4052.5047698769,93606.3137239732,0.0729918468361403,4014.06972785924,136.969729177502,28561.4140360866,"adstockedMedia","1_145_1"
"74",2017-05-29,1915.91858714905,35764.6309597316,7174.72919494447,492.171493018399,2196.61094369367,16344.5056442633,"adstockedMedia","1_145_1"
"75",2017-06-05,10031.2630175726,56151.7041890433,1777.54931272871,3394.75199709174,2664.50343184251,8034.77033583119,"adstockedMedia","1_145_1"
"76",2017-06-12,4742.51959203294,21454.1615643905,440.390358065183,416.235958045226,3151.3356869245,7766.52250874733,"adstockedMedia","1_145_1"
"77",2017-06-19,38501.8196031004,8197.09846884371,109.107334512738,335.888698869017,3806.92713952719,8053.28224790584,"adstockedMedia","1_145_1"
"78",2017-06-26,18202.6563830252,161763.906278707,4686.45371877173,41.1838492149303,3250.85526738886,4027.37112706769,"adstockedMedia","1_145_1"
"79",2017-07-03,13166.5013081798,61805.9421474782,10734.1422084178,6511.6037059808,5130.85029079803,12466.9556335669,"adstockedMedia","1_145_1"
"80",2017-07-10,6224.77850527742,23614.5044504296,2659.39892459634,798.398118416814,5260.78343443291,11425.2421285733,"adstockedMedia","1_145_1"
"81",2017-07-17,12806.7129677518,117203.844779057,25616.3809586335,97.8928669915878,4997.06999808376,6587.8525390974,"adstockedMedia","1_145_1"
"82",2017-07-24,6054.67995931411,44780.6572956745,6346.49463839007,12.0028005913082,5129.95998517328,17551.2246048461,"adstockedMedia","1_145_1"
"83",2017-07-31,14247.4148104974,222549.568987373,3024.7974735533,1.47168252868811,5549.69784618889,16537.2049098312,"adstockedMedia","1_145_1"
"84",2017-08-07,6735.80622462386,189896.756679441,10216.6422996341,0.180445342632304,7464.52509004752,15048.0608494835,"adstockedMedia","1_145_1"
"85",2017-08-14,37231.5668818721,72554.8005566933,2531.18758975687,0.0221246913264064,1620.23344626755,24968.794874269,"adstockedMedia","1_145_1"
"86",2017-08-21,17602.1140179506,27721.3743713795,11975.2830856311,1673.68151745178,351.684318658684,28639.0435508816,"adstockedMedia","1_145_1"
"87",2017-08-28,126210.940536965,10591.6437112621,2966.89333356226,1437.53415777896,8279.07782999191,44307.2252554564,"adstockedMedia","1_145_1"
"88",2017-09-04,59669.2417671551,4046.80211750756,735.052022552862,176.258356397896,7022.92942325603,36391.7845647243,"adstockedMedia","1_145_1"
"89",2017-09-11,77079.3283136158,151710.981860409,4792.46573449156,724.159660144653,7005.63009595019,15728.4089377411,"adstockedMedia","1_145_1"
"90",2017-09-18,36441.0966024616,57964.9711960235,1187.34016868874,88.7903711894834,7954.32535670037,21742.8408181031,"adstockedMedia","1_145_1"
"91",2017-09-25,100892.24028116,166710.698863142,294.165207282669,2754.82693625232,10239.9162377486,32379.924223658,"adstockedMedia","1_145_1"
"92",2017-10-02,159003.673798324,122059.187852497,72.8798464480657,337.773725456856,10348.979090349,41489.191633783,"adstockedMedia","1_145_1"
"93",2017-10-09,119810.577657471,373872.029096772,18522.9894184406,5072.42553158614,8694.84688287284,30807.2322551113,"adstockedMedia","1_145_1"
"94",2017-10-16,56643.3170855924,142847.150099743,4589.0968447465,4503.48939579458,10373.3937486384,55363.3626479582,"adstockedMedia","1_145_1"
"95",2017-10-23,71139.9900244025,100669.522804504,1136.95523841827,6120.04559310053,10339.1970438241,55498.0840861001,"adstockedMedia","1_145_1"
"96",2017-10-30,38278.3589927493,38463.3064668296,281.682269496355,6556.83681867914,10772.9154774668,25280.9252751508,"adstockedMedia","1_145_1"
"97",2017-11-06,39246.0233664641,333220.133927647,23109.698292055,4263.82441809232,11550.5411118664,35295.8646471973,"adstockedMedia","1_145_1"
"98",2017-11-13,18554.4965174164,127315.077842046,5725.460459937,8809.80355662246,2507.13512328956,32459.6191325554,"adstockedMedia","1_145_1"
"99",2017-11-20,63999.4154829098,153948.973188371,2764.57982131149,4249.33958807073,544.193251688835,31410.3291989018,"adstockedMedia","1_145_1"
"100",2017-11-27,30257.2548715609,58820.0517002262,10286.7063413281,3598.37549335341,13030.4614000265,53089.4828076446,"adstockedMedia","1_145_1"
"101",2017-12-04,43228.3878195842,110315.803734395,2548.54605525099,2388.36365604262,13467.8826729762,35776.8454787716,"adstockedMedia","1_145_1"
"102",2017-12-11,20437.2545916941,42148.9091133429,631.405892247607,3014.06057154284,12452.5197016226,51019.9076902753,"adstockedMedia","1_145_1"
"103",2017-12-18,73411.2544079821,107945.643838743,156.43170345836,1629.00273968724,14062.8831657651,62126.1909095937,"adstockedMedia","1_145_1"
"104",2017-12-25,125122.646903988,41243.3303055553,15073.2006203803,6180.65653549839,13552.05982366,80507.0422492172,"adstockedMedia","1_145_1"
"105",2018-01-01,59154.7249144682,15758.0448288792,9026.09567629187,4500.63842066312,14594.38034891,107401.173684625,"adstockedMedia","1_145_1"
"106",2018-01-08,27966.8114948971,9967.95474965994,2236.22797879557,6338.33746629191,15010.9024948398,114260.855841494,"adstockedMedia","1_145_1"
"107",2018-01-15,52311.2192471693,3808.50616654066,16034.6953134362,777.153668355195,14442.3337972919,52665.6458170474,"adstockedMedia","1_145_1"
"108",2018-01-22,24731.3804580976,58266.3349383958,23320.0406806717,95.2880510780491,10994.5362343566,29224.0438600655,"adstockedMedia","1_145_1"
"109",2018-01-29,36861.5518160259,22262.1090773084,5777.5730844228,11.6834199566604,11286.6558985177,24344.6504317827,"adstockedMedia","1_145_1"
"110",2018-02-05,17427.1805428688,8505.79500313464,6178.20190889604,772.265599522616,13742.4030501514,65108.4828677612,"adstockedMedia","1_145_1"
"111",2018-02-12,17404.3298846259,57435.4515025737,1530.65826718528,94.6887171605016,2982.89586883855,43489.0169872919,"adstockedMedia","1_145_1"
"112",2018-02-19,8228.31335590045,21944.6493006062,6690.64497431925,11.6099346689065,647.460835769627,35490.7362311884,"adstockedMedia","1_145_1"
"113",2018-02-26,16246.2386701227,64555.7015635511,11660.4167619251,1.4235126111995,8946.66507125558,32455.0594652664,"adstockedMedia","1_145_1"
"114",2018-03-05,7680.79802662226,24665.1187394817,2888.88475622119,0.174539152203074,9917.14895638169,30084.9884702258,"adstockedMedia","1_145_1"
"115",2018-03-12,56751.534365432,100028.191551657,21202.525287108,0.0214005238956738,8544.59633089336,19841.1632361965,"adstockedMedia","1_145_1"
"116",2018-03-19,26830.6456659055,38218.2698376907,5252.95564866314,0.00262395237531835,8085.8439163511,20319.3845852705,"adstockedMedia","1_145_1"
"117",2018-03-26,32428.6696684621,96517.4448944529,4290.5827522301,0.000321726986755246,6912.47534807697,31427.3060982535,"adstockedMedia","1_145_1"
"118",2018-04-02,15331.4294497944,36876.9013595103,1062.9979494984,3.944745910034e-05,7961.36857593605,22193.7635366938,"adstockedMedia","1_145_1"
"119",2018-04-09,7248.30008067276,25347.3415525886,263.359246491746,4.83671589121866e-06,8200.03920007451,49539.7464070799,"adstockedMedia","1_145_1"
"120",2018-04-16,3426.80728052955,9684.58515642232,65.2476260612061,1819.96214698472,7660.70235636723,39943.5943328436,"adstockedMedia","1_145_1"
"121",2018-04-23,1620.10512909123,162053.83773331,16.1651917042389,223.148462245609,5957.37745553848,17306.4271412783,"adstockedMedia","1_145_1"
"122",2018-04-30,765.94346119812,61916.7177037945,4.00494912396761,12672.4010490607,4634.90610794399,13238.6402838214,"adstockedMedia","1_145_1"
"123",2018-05-07,362.118096670206,83330.9623528374,0.992231813827669,1553.78330903345,6322.01981320624,5227.73255289906,"adstockedMedia","1_145_1"
"124",2018-05-14,171.199993966832,31838.6762334947,6803.89027128066,12761.5019566958,1372.24375640188,21335.692036879,"adstockedMedia","1_145_1"
"125",2018-05-21,1028.04555981714,38453.2950939034,1685.67344452784,1564.70811346216,297.856220420311,27294.9503771695,"adstockedMedia","1_145_1"
"126",2018-05-28,486.033134650584,14692.0421658149,4623.05020390505,1479.92228872409,4495.25124049001,38665.9680787459,"adstockedMedia","1_145_1"
"127",2018-06-04,229.783792870318,5613.46179761604,1145.36723120535,181.455632755287,6601.4114651792,41012.7598913962,"adstockedMedia","1_145_1"
"128",2018-06-11,8423.31578571413,2144.76333498509,5708.43301928185,22.2485646101112,5151.57924346494,22847.9728203131,"adstockedMedia","1_145_1"
"129",2018-06-18,3982.32406763236,18282.3937534701,1414.27235990067,2.72793200020334,6726.14898119129,31807.7759536268,"adstockedMedia","1_145_1"
"130",2018-06-25,1882.7389810721,6985.24532844522,10734.521312175,3396.32406267996,6095.48966213608,28756.5211640716,"adstockedMedia","1_145_1"
"131",2018-07-02,15512.0565649693,170770.220840983,2659.49284808874,416.42871151493,5039.91501247501,25291.6869643647,"adstockedMedia","1_145_1"
"132",2018-07-09,7333.69587092057,65247.029653358,12146.8042283117,8947.62099957225,6151.63710588786,24499.8460134447,"adstockedMedia","1_145_1"
"133",2018-07-16,12322.9668501515,84447.124576044,3009.38793942212,1097.08208498681,6683.64234304562,18076.8986171188,"adstockedMedia","1_145_1"
"134",2018-07-23,15554.8707418051,32265.1338987532,5918.24678796562,134.514984626254,6975.24801969321,29164.6818853305,"adstockedMedia","1_145_1"
"135",2018-07-30,7353.93729735957,12327.7005668443,1466.25401804989,16.4930968581251,10591.2101170622,19695.6890316819,"adstockedMedia","1_145_1"
"136",2018-08-06,16518.2431354484,97284.5060154487,7563.39984155316,2.02224491737707,11265.5794406212,66604.5653310432,"adstockedMedia","1_145_1"
"137",2018-08-13,7809.3946453798,37169.9762262001,1873.84301552713,4731.51411482383,2445.28196785286,44042.5037219676,"adstockedMedia","1_145_1"
"138",2018-08-20,65255.1981603225,120633.718128032,464.247259221819,580.138493850333,530.767541414334,35695.5027283438,"adstockedMedia","1_145_1"
"139",2018-08-27,30850.9561772223,46091.1261057854,115.017915539922,3870.58931251728,9705.59138631703,61225.8143401901,"adstockedMedia","1_145_1"
"140",2018-09-03,26246.9409829544,85823.5996723409,800.940295808916,474.57913039758,13021.1536941303,93505.9413008347,"adstockedMedia","1_145_1"
"141",2018-09-10,12408.8693143165,32791.0506012257,734.434091889497,58.1889042788798,13427.800182502,80818.2122015762,"adstockedMedia","1_145_1"
"142",2018-09-17,5866.58985364367,58649.1735166543,9867.02375240624,3593.64328048733,13879.0735057185,104894.293302084,"adstockedMedia","1_145_1"
"143",2018-09-24,3661.50404627227,51728.3821215492,2444.56909985204,440.622335595613,14301.2184200931,39853.416966159,"adstockedMedia","1_145_1"
"144",2018-10-01,158434.503640275,45991.3208495467,3304.08989882921,1040.96378284316,15481.1219754063,49213.0653597904,"adstockedMedia","1_145_1"
"145",2018-10-08,74903.7021810482,17572.1332471763,3408.41517106776,1887.9038182153,16103.4462816661,40438.7362714851,"adstockedMedia","1_145_1"
"146",2018-10-15,79902.0372958911,69821.0725557947,1883.55079380948,3329.21207602988,14147.8148639029,64369.6085510908,"adstockedMedia","1_145_1"
"147",2018-10-22,37775.5998078503,26676.8852850479,466.652375031079,408.200003767341,14448.7751961437,73389.0111415615,"adstockedMedia","1_145_1"
"148",2016-01-04,179907.416540103,167197.728409551,88979.1962828718,77872.7200828132,53375.6189866535,60705.3087699117,"decompMedia","1_145_1"
"149",2016-01-11,130084.3851065,118267.448435841,117634.573998271,122316.334115268,50688.5133807471,48332.048121035,"decompMedia","1_145_1"
"150",2016-01-18,79851.5618191258,77920.9806819146,82478.7306222917,66224.1639682471,38577.0023635192,45751.26132412,"decompMedia","1_145_1"
"151",2016-01-25,47701.2554575887,48591.4997545812,100486.785299341,49598.3536095494,25149.3278602,32413.2399120018,"decompMedia","1_145_1"
"152",2016-02-01,144485.841953085,85481.1038397472,65453.8865271067,577.454604272557,33050.258075817,16851.9102437071,"decompMedia","1_145_1"
"153",2016-02-08,89398.4603548367,53845.8720175719,79095.7917129456,43663.6825525651,24442.3324962135,14114.5168015184,"decompMedia","1_145_1"
"154",2016-02-15,304152.006842153,32539.3206163407,69886.4621686035,13289.5657337542,1470.52766760712,30635.1347867941,"decompMedia","1_145_1"
"155",2016-02-22,206423.612626543,19139.5701892397,40403.3024229385,140.643868259056,81.4208258858369,38220.6160063149,"decompMedia","1_145_1"
"156",2016-02-29,275315.472051588,11072.2650580976,21075.0838009864,38742.1163320982,8889.5014964898,5008.46161176245,"decompMedia","1_145_1"
"157",2016-03-07,183639.126136378,6342.36904349618,106976.748690264,437.949143599773,29967.1921956985,6126.33600240588,"decompMedia","1_145_1"
"158",2016-03-14,204064.013941263,82099.7575209296,71605.1626765133,4.49018615463764,17910.8654420825,3713.30238622444,"decompMedia","1_145_1"
"159",2016-03-21,130565.109655064,51482.7008670603,41660.0289873108,0.0459883814063665,20946.5990955005,4772.89344534199,"decompMedia","1_145_1"
"160",2016-03-28,80167.804355779,102266.0217754,102427.248775731,173803.702332043,17759.2924675021,8141.70830442817,"decompMedia","1_145_1"
"161",2016-04-04,47898.261400199,65900.8000405674,67258.1626431097,5879.85353023717,11811.1679380823,8865.21939754559,"decompMedia","1_145_1"
"162",2016-04-11,28133.0214999813,104887.246160596,38511.8741809483,61.092019308063,10032.9908388263,2572.6587120295,"decompMedia","1_145_1"
"163",2016-04-18,110791.941891823,67833.6118247041,19963.2970851347,29223.7896109049,13860.6358019044,8975.16639233911,"decompMedia","1_145_1"
"164",2016-04-25,67296.4071337339,41742.5820954574,9752.34140316296,322.14251603562,9379.66414867152,5453.51052907607,"decompMedia","1_145_1"
"165",2016-05-02,39933.3307736783,24838.8744817612,99914.5072856468,3.30192039237493,7308.9531353409,3598.93265061134,"decompMedia","1_145_1"
"166",2016-05-09,23357.1208410994,88120.5695018596,64927.2950136717,0.033818093827297,8988.94709957654,1006.77944741332,"decompMedia","1_145_1"
"167",2016-05-16,13544.2307618872,55705.4858233708,36864.5087214431,87518.6319604974,511.03344484958,20161.3437956022,"decompMedia","1_145_1"
"168",2016-05-23,7814.21459849764,130165.0010617,19006.2000590829,1137.93389412076,28.2012512814577,33663.352283173,"decompMedia","1_145_1"
"169",2016-05-30,4495.04944437097,87213.6584258202,9257.27656138389,11.686824778982,6550.33709785715,15747.290190174,"decompMedia","1_145_1"
"170",2016-06-06,2581.32576273653,55065.0426021163,4376.81388906365,0.119698275216085,5275.96367223828,5048.06607098038,"decompMedia","1_145_1"
"171",2016-06-13,1480.89617924623,33328.2922794873,2039.43485586567,0.00122593393359522,9657.56491278349,5096.38432657987,"decompMedia","1_145_1"
"172",2016-06-20,155663.067498376,128164.172092052,943.76877404382,40404.1241448564,9681.67044850398,1313.16879470131,"decompMedia","1_145_1"
"173",2016-06-27,96913.482469832,85628.9190396982,435.335473910784,458.778292149,7340.06206152559,1099.22865719677,"decompMedia","1_145_1"
"174",2016-07-04,126799.952804154,53949.6663095386,77307.6190731434,4.7039802795216,8730.15228693428,1340.87799114378,"decompMedia","1_145_1"
"175",2016-07-11,77695.3695103519,32606.3935530549,45946.5979695243,0.0481780808107723,14089.4108591814,4496.78616011581,"decompMedia","1_145_1"
"176",2016-07-18,63659.5347950988,176663.985084273,76964.0981384524,41073.793590179,9763.79487252609,4087.2232965858,"decompMedia","1_145_1"
"177",2016-07-25,37702.4773919496,126768.659255453,45683.1507101893,467.223660791109,15979.5466875463,13146.0992442624,"decompMedia","1_145_1"
"178",2016-08-01,192318.302695568,154201.716300204,24253.6940955456,97490.9441016838,19732.8070898743,14410.2149543665,"decompMedia","1_145_1"
"179",2016-08-08,122228.584150145,106983.141695477,39227.4392171804,1307.75669748212,22494.8290652323,25515.8155108351,"decompMedia","1_145_1"
"180",2016-08-15,213037.550907083,69389.1178274546,20382.274847188,8990.3241051877,1343.49649657401,36073.1651954142,"decompMedia","1_145_1"
"181",2016-08-22,137009.966188428,42786.8915529612,102796.591831933,6238.12156695304,74.3545395447902,40381.6276101822,"decompMedia","1_145_1"
"182",2016-08-29,201520.521089686,141129.03935388,67604.8998425606,64.8716382824473,22916.3438655183,7364.46048811949,"decompMedia","1_145_1"
"183",2016-09-05,216799.71236951,136733.195972584,70631.0100708355,454.624537318685,23055.6889285086,2426.6926536752,"decompMedia","1_145_1"
"184",2016-09-12,139731.808070843,155758.588702993,40945.7672682387,4.66134366679064,36398.7077615812,8325.89455553673,"decompMedia","1_145_1"
"185",2016-09-19,86230.1777822831,123795.14417025,117791.92342936,99026.6245335265,41689.8068793091,18426.3389253848,"decompMedia","1_145_1"
"186",2016-09-26,51687.7789315941,153038.696186191,82647.0078436994,1334.86930264451,27786.2358252619,4219.55205960027,"decompMedia","1_145_1"
"187",2016-10-03,414833.859712553,151545.721381984,97484.2535531487,66565.811886566,35146.9410584832,13738.4994384016,"decompMedia","1_145_1"
"188",2016-10-10,301813.539811885,104730.019905511,101899.586915106,89359.9694614184,51661.0702369473,42847.1839403738,"decompMedia","1_145_1"
"189",2016-10-17,376390.162299521,93604.1196165622,66764.647049631,138211.28716583,53720.2248638037,64976.4460199811,"decompMedia","1_145_1"
"190",2016-10-24,267162.251237164,146289.648130506,94622.2716397812,151400.862873181,45270.4887545325,45773.6348051696,"decompMedia","1_145_1"
"191",2016-10-31,383495.120567081,100322.663653574,60172.9832704174,174818.853674895,48742.8362523552,29692.6106775703,"decompMedia","1_145_1"
"192",2016-11-07,273438.365703551,142648.151319971,99165.7454985549,156189.627688454,62849.3056537657,68390.9379024755,"decompMedia","1_145_1"
"193",2016-11-14,321101.52360908,97308.5876726751,64242.0565470616,118979.652439963,4421.34307695872,51896.8773429766,"decompMedia","1_145_1"
"194",2016-11-21,241367.257481974,142831.418448699,88529.1211457221,194110.56352618,247.33487784964,46218.7549294991,"decompMedia","1_145_1"
"195",2016-11-28,157800.243081516,97459.5170862671,81625.9062124028,128748.19202281,102184.785559985,71084.7810843414,"decompMedia","1_145_1"
"196",2016-12-05,171791.272841369,165959.011962413,49317.5919398408,31192.6294187249,113015.089398731,167290.931725596,"decompMedia","1_145_1"
"197",2016-12-12,107923.625899469,117172.895272362,26508.359128026,39503.297592655,95451.5208566425,85958.2486339036,"decompMedia","1_145_1"
"198",2016-12-19,65452.1933575727,184553.6028069,13218.314407697,11506.7091186354,82726.8795683287,18767.1212480617,"decompMedia","1_145_1"
"199",2016-12-26,371160.449988055,134043.913722289,6324.86641417612,147124.895943254,128169.688847391,2460.24396723632,"decompMedia","1_145_1"
"200",2017-01-02,345597.74055985,200996.507556849,119745.28610736,135642.395201003,107918.970517391,106129.486476464,"decompMedia","1_145_1"
"201",2017-01-09,240603.667500197,149791.157860967,84755.8661324987,135701.968316691,111245.03032208,72298.1478057512,"decompMedia","1_145_1"
"202",2017-01-16,182313.170856901,103251.220054457,66036.0184579201,127889.407072402,109921.908746302,108486.429176799,"decompMedia","1_145_1"
"203",2017-01-23,115214.713295887,66625.6245191736,97911.7858790766,210292.539524894,108799.125101059,48147.1400580992,"decompMedia","1_145_1"
"204",2017-01-30,246753.867856424,40934.512347919,63103.894638248,149707.210413452,118946.531969795,70124.2144482146,"decompMedia","1_145_1"
"205",2017-02-06,161831.465494841,24333.1500381961,35594.9947081643,2407.60114613089,82938.9045549429,14989.2169636943,"decompMedia","1_145_1"
"206",2017-02-13,101100.99734036,129156.580645168,18275.6503014744,197334.113387362,6401.47703145035,31100.3215107851,"decompMedia","1_145_1"
"207",2017-02-20,61088.4804153132,86413.8198356612,95952.6903432768,3876.83140149091,360.608642391534,38409.7993484591,"decompMedia","1_145_1"
"208",2017-02-27,36130.573081979,54501.5049968638,61348.9306968531,296552.959482186,39295.9062902256,63049.8538957194,"decompMedia","1_145_1"
"209",2017-03-06,21090.9313550166,32963.2981088969,103947.92822711,10822.5510795669,68249.6638324744,30535.772634591,"decompMedia","1_145_1"
"210",2017-03-13,104549.995797931,19399.2417450744,68692.671679581,113.831483342266,65284.2911735446,57597.215101748,"decompMedia","1_145_1"
"211",2017-03-20,63290.4112183461,11226.0718511251,112564.521761131,1.1661686954141,44620.5670161783,58359.5761289787,"decompMedia","1_145_1"
"212",2017-03-27,37476.5376423648,62522.1221510935,77180.0871100864,35139.39760987,68464.8565341751,70855.626491359,"decompMedia","1_145_1"
"213",2017-04-03,21892.0070175197,38208.4692003515,45848.7135551961,393.428341587261,49045.6490242227,10584.3679880356,"decompMedia","1_145_1"
"214",2017-04-10,12685.0104405232,200554.994575094,24355.1998866845,4.03328914861918,34041.3891050479,1724.62048387735,"decompMedia","1_145_1"
"215",2017-04-17,83421.6900362756,149357.608257001,12062.3337335931,0.0413088071907411,33807.4764869514,8700.5386978412,"decompMedia","1_145_1"
"216",2017-04-24,49929.1696197261,184018.397409497,5751.51808376657,0.000423079269692037,31978.757474515,24036.5851035336,"decompMedia","1_145_1"
"217",2017-05-01,223339.319116279,133544.782750335,2690.95235253464,4.33312077650142e-06,25492.9697090953,8837.66984119176,"decompMedia","1_145_1"
"218",2017-05-08,144491.266148973,182636.210148053,1247.65582057472,4.43792380996202e-08,19008.3547761727,8594.27890867868,"decompMedia","1_145_1"
"219",2017-05-15,89402.0847792555,132259.56547606,576.023697072079,4.54526166213277e-10,1120.64672992882,27369.428333535,"decompMedia","1_145_1"
"220",2017-05-22,53680.3299542956,113716.207235274,265.418274373916,74621.7313278892,61.9732387222698,36865.6685084091,"decompMedia","1_145_1"
"221",2017-05-29,31625.1495743269,74447.6094203939,85612.8545322739,933.183576282777,11496.9241807399,11204.0260338769,"decompMedia","1_145_1"
"222",2017-06-05,99169.8916069873,91505.8492938477,52530.7384690819,54833.1805922046,16282.694401412,2331.79474972181,"decompMedia","1_145_1"
"223",2017-06-12,59859.1918748987,58109.9636048451,28548.8172098664,647.75199291954,21899.9978939103,2161.98344863395,"decompMedia","1_145_1"
"224",2017-06-19,223820.61259053,35309.6345845191,14328.4431406895,405.830340308167,30301.7746742176,2343.77240900767,"decompMedia","1_145_1"
"225",2017-06-26,144842.969583168,140382.914827104,74870.1577526219,4.16055536826294,23118.6013554835,499.169329985862,"decompMedia","1_145_1"
"226",2017-07-03,118241.802506311,95449.6600417458,95951.4084921377,159753.521602886,49234.7596749106,6179.77651650879,"decompMedia","1_145_1"
"227",2017-07-10,72113.3247102463,60939.0273081319,61347.7915582655,2671.38987643581,51180.2864545009,5095.6708765747,"decompMedia","1_145_1"
"228",2017-07-17,116166.943447796,124359.010313974,117641.916947986,27.5384660344503,47242.6913216763,1498.05284427299,"decompMedia","1_145_1"
"229",2017-07-24,70767.8382494522,82639.803176961,82486.5782841871,0.28206409408765,49221.4635907101,13085.7369304079,"decompMedia","1_145_1"
"230",2017-07-31,124320.168667288,156935.787287252,64317.7431807281,0.00288886435463702,55536.6429272909,11494.4253273011,"decompMedia","1_145_1"
"231",2017-08-07,76072.5537607611,148632.988532654,94683.0175793797,2.95873589825307e-05,84522.8014106105,9350.34707959577,"decompMedia","1_145_1"
"232",2017-08-14,219760.391259362,102279.240478556,60226.4005534305,3.03029736956762e-07,6574.08380043404,27860.0612669544,"decompMedia","1_145_1"
"233",2017-08-21,141882.107713035,65910.5122748326,98754.566122434,13095.2909337813,370.557702354394,37072.4321377763,"decompMedia","1_145_1"
"234",2017-08-28,391922.223228834,40457.3468484271,63867.5549003538,9481.60773611872,96414.5896743305,87002.2782808114,"decompMedia","1_145_1"
"235",2017-09-04,280956.498101973,24035.0044835599,36124.6556353094,99.3954274888899,77915.241681599,59990.6183820577,"decompMedia","1_145_1"
"236",2017-09-11,317433.607358171,137128.568755783,75425.0244078201,2161.53208774877,77654.6343508595,10301.3714914631,"decompMedia","1_145_1"
"237",2017-09-18,217188.14582019,92800.2519504639,44511.1649346089,22.2548085621967,91726.634753991,20772.8482657952,"decompMedia","1_145_1"
"238",2017-09-25,357602.070579094,141920.485485889,23538.3854943434,36554.4749868014,122825.813888093,47598.5347895545,"decompMedia","1_145_1"
"239",2017-10-02,427679.535009666,126330.789083091,11627.8945524922,410.813415308591,124188.611088648,77067.4273420492,"decompMedia","1_145_1"
"240",2017-10-09,383897.206361696,184615.908580718,109762.129091142,110853.547920632,102298.77289059,43042.697218659,"decompMedia","1_145_1"
"241",2017-10-16,273795.245674378,134102.073537566,74350.609371378,91165.0527743619,124492.072307441,127842.509906983,"decompMedia","1_145_1"
"242",2017-10-23,305801.288283417,117106.451156817,43700.999031399,146804.40428552,124066.859724881,128348.184656543,"decompMedia","1_145_1"
"243",2017-10-30,223112.75352959,77030.7400425448,23047.1950234914,161224.774113361,129373.678292764,28597.3137319399,"decompMedia","1_145_1"
"244",2017-11-06,226158.761829749,178443.117410163,115175.486272916,82993.4312438065,138417.907854699,56503.1047315923,"decompMedia","1_145_1"
"245",2017-11-13,146554.354754185,128393.910589836,79879.1926364978,226257.557682092,14600.9981561042,47834.1937224748,"decompMedia","1_145_1"
"246",2017-11-20,290739.453266883,137868.780938754,62235.3943922593,82503.4200326875,847.018729776159,44768.1698922924,"decompMedia","1_145_1"
"247",2017-11-27,195727.617771836,93400.6860562785,94858.520251652,61153.9031749247,153985.320612233,119314.908361462,"decompMedia","1_145_1"
"248",2017-12-04,238193.608816913,121444.456078402,60380.877321295,27425.7982555116,158188.679414254,58024.7782610325,"decompMedia","1_145_1"
"249",2017-12-11,155437.016338029,80371.9509319164,33729.739384164,43635.5014031845,148157.638928058,111582.966567852,"decompMedia","1_145_1"
"250",2017-12-18,310339.487748322,120407.564961767,17213.191360272,12366.99922768,163629.385852046,153128.291894584,"decompMedia","1_145_1"
"251",2017-12-25,390585.364854514,79569.6131848677,104604.327590327,148832.262768561,158977.542782295,217471.485329816,"decompMedia","1_145_1"
"252",2018-01-01,279758.421240183,49728.3153771795,91499.7427839307,91067.227039515,168229.823410333,291565.646850835,"decompMedia","1_145_1"
"253",2018-01-08,187098.406426278,39182.0288142518,57462.0583553897,154068.937714379,171670.908667,306478.214904681,"decompMedia","1_145_1"
"254",2018-01-15,263030.777659336,23239.9137651787,106161.63693224,2519.60653634649,166938.138382777,117728.334605011,"decompMedia","1_145_1"
"255",2018-01-22,174168.992377803,93012.5837610845,115393.956756114,25.964160282185,132012.851965781,38646.3987901758,"decompMedia","1_145_1"
"256",2018-01-29,218560.775680343,59187.243758789,80107.8577882825,0.265938174271253,135416.49611809,26412.5680509121,"decompMedia","1_145_1"
"257",2018-02-05,141009.958572039,36014.3644873114,81804.398636056,2485.35181566663,160737.891135231,164118.122639627,"decompMedia","1_145_1"
"258",2018-02-12,140895.706105291,92425.2591701538,49459.3366348906,25.6090296079639,19889.5787357127,84087.8161607244,"decompMedia","1_145_1"
"259",2018-02-19,87004.3094448254,58766.798241345,83830.1065004541,0.262300518775333,1176.42928659209,57117.9058150736,"decompMedia","1_145_1"
"260",2018-02-26,135002.791925744,97274.5050158354,98072.8323840658,0.00268644821673016,105793.1185789,47820.6985338245,"decompMedia","1_145_1"
"261",2018-03-05,83095.0163089872,62258.3451395192,63249.4143534263,2.75142401926082e-05,118724.124099678,41012.7915939292,"decompMedia","1_145_1"
"262",2018-03-12,274056.239626968,116806.490759651,113085.40819449,2.81797134141378e-07,100188.380467083,17066.5479551979,"decompMedia","1_145_1"
"263",2018-03-19,182662.019541717,76801.2034131537,77713.6418979172,2.88612821030695e-09,93634.3241061089,17964.790840392,"decompMedia","1_145_1"
"264",2018-03-26,203550.493399818,115137.050377947,72694.1041037341,2.95593355542961e-11,76249.3665007219,44817.1350509768,"decompMedia","1_145_1"
"265",2018-04-02,130198.296786118,75527.218930282,42464.5712389566,3.02742724765695e-13,91829.1022429707,21703.8380329089,"decompMedia","1_145_1"
"266",2018-04-09,79926.4830302245,63096.7649885856,22302.6901799152,3.10065012219927e-15,95280.7121368041,106084.117657363,"decompMedia","1_145_1"
"267",2018-04-16,47747.922238585,38588.4643998563,10974.8842117453,15622.8580123772,87425.7892910982,71754.7688414214,"decompMedia","1_145_1"
"268",2018-04-23,28042.5057864463,140474.15144388,5215.8151216568,166.309830036471,61729.9878840879,12691.8707296752,"decompMedia","1_145_1"
"269",2018-04-30,16300.7724754447,95524.2964126701,2436.43268702097,299294.161021385,41919.6494307471,7055.19396540198,"decompMedia","1_145_1"
"270",2018-05-07,9417.96746280532,108409.754247963,1128.80153241022,11187.6668415701,67286.013538584,894.07458838063,"decompMedia","1_145_1"
"271",2018-05-14,5422.06495667525,70453.0583037871,84257.9213934614,300509.603907928,4827.87378159108,19949.2755501456,"decompMedia","1_145_1"
"272",2018-05-21,20191.3810097494,77021.380866535,51427.6262862701,11355.2910356588,270.462054162504,33563.5057300215,"decompMedia","1_145_1"
"273",2018-05-28,11689.3076621837,47973.2740035879,74532.910875081,10087.2094197757,39899.8189840682,67447.2338443671,"decompMedia","1_145_1"
"274",2018-06-04,6737.58726933263,28773.3172991862,43838.0055838567,105.903170152811,71536.8565972578,75418.5862021075,"decompMedia","1_145_1"
"275",2018-06-11,88370.6923708654,16845.0562061881,79804.0603928148,1.08492468316183,49544.4711470813,23089.4900856971,"decompMedia","1_145_1"
"276",2018-06-18,53031.6784013233,53630.0283021766,47881.8610307901,0.0111116814025673,73429.837304289,45920.0779448184,"decompMedia","1_145_1"
"277",2018-06-25,31232.3320971668,32399.8974743174,95952.3146462481,54881.1670172625,63834.1339533422,37386.2712052432,"decompMedia","1_145_1"
"278",2018-07-02,131157.886492413,143152.833205752,61348.5968261364,648.40591846205,47879.3566691069,28622.8906258974,"decompMedia","1_145_1"
"279",2018-07-09,80557.9898994602,97724.4117545389,99118.1499255782,229666.188004273,64689.7962662106,26769.1414125748,"decompMedia","1_145_1"
"280",2018-07-16,113334.180358564,109009.759629784,64198.6416760316,5311.03755129233,72785.2006103813,13952.3122873566,"decompMedia","1_145_1"
"281",2018-07-23,131384.534748736,70901.785308369,80715.70538068,55.1048546544086,77196.6631840648,38485.416776349,"decompMedia","1_145_1"
"282",2018-07-30,80707.2445090381,43806.5350519493,48597.7931269732,0.564451933337895,127173.209793187,16797.8513156586,"decompMedia","1_145_1"
"283",2018-08-06,136405.334510167,115505.835641347,86962.6504756512,0.00578104842580654,135173.778472569,169571.139898975,"decompMedia","1_145_1"
"284",2018-08-13,84023.1461897525,75808.1356727458,53641.3211442402,99024.9076463002,13959.4744306021,86056.8626923112,"decompMedia","1_145_1"
"285",2018-08-20,293480.87938692,125758.65648209,29264.6488817469,1334.83884236519,807.919355067232,57766.4405983974,"decompMedia","1_145_1"
"286",2018-08-27,197899.733557045,83735.5393290817,14721.3296011458,69898.5474777017,115980.705293924,149784.363891869,"decompMedia","1_145_1"
"287",2018-09-03,180340.126538762,109741.406672261,37533.1537940198,862.057983955845,153893.959961289,256502.882679325,"decompMedia","1_145_1"
"288",2018-09-10,113840.906684765,71449.9723102659,36111.0567140053,8.8475828978511,157810.796091479,218475.431414068,"decompMedia","1_145_1"
"289",2018-09-17,69263.0815291682,93281.1956486787,93788.6394181943,61004.7128324204,161982.0030481,285733.39838282,"decompMedia","1_145_1"
"290",2018-09-24,50013.8904649879,88219.7319530894,59442.5651772122,733.319553852095,165721.955816755,71448.1435874558,"decompMedia","1_145_1"
"291",2018-10-01,427124.235058795,83652.8392740298,66393.185244885,4742.58143095489,175389.267217955,104875.051846177,"decompMedia","1_145_1"
"292",2018-10-08,313260.056962359,52565.4739357935,67130.6801296746,16870.3290896192,180051.447534156,73445.1030465484,"decompMedia","1_145_1"
"293",2018-10-15,322706.26491034,100616.647867381,53750.8431567106,52844.5662663087,164380.673843465,161409.207180227,"decompMedia","1_145_1"
"294",2018-10-22,221510.218182127,64691.703524622,29335.5406210998,620.806106284473,166993.25215209,193643.672209892,"decompMedia","1_145_1"
"295",2016-01-04,28269.8126911373,248324.087521994,10781.0635327996,4087.2166779002,4626.50987069466,37537.4243540903,"adstockedMedia","1_174_1"
"296",2016-01-11,16902.2721598486,68046.3424927129,27022.1124497605,5378.3370541479,4438.77868441228,34025.4054551657,"adstockedMedia","1_174_1"
"297",2016-01-18,8340.60940354058,18646.2166149125,8624.2253279358,3726.11304307868,3636.94914147724,33224.2934835563,"adstockedMedia","1_174_1"
"298",2016-01-25,4115.76411529352,5109.47952988761,13996.37032929,3197.05774879804,2759.3666700212,28321.3759975343,"adstockedMedia","1_174_1"
"299",2016-02-01,18542.7950807429,43877.4447664195,4467.00278216412,375.203210431993,3497.49231820519,21069.5563091154,"adstockedMedia","1_174_1"
"300",2016-02-08,9150.14322072986,12023.3991960866,6189.21902304072,3010.67728568531,2777.35644418345,19263.6538709094,"adstockedMedia","1_174_1"
"301",2016-02-15,70791.677352044,3294.67973803006,4423.71631022145,1669.03945787696,230.724739007521,27070.3896556634,"adstockedMedia","1_174_1"
"302",2016-02-22,34932.9205109757,902.815784384744,1411.84840071793,195.876650388484,19.1671131379535,30178.2005968853,"adstockedMedia","1_174_1"
"303",2016-02-29,58794.3216026397,247.391675471798,450.597589633863,2834.48146291796,1875.46464097712,12596.746152976,"adstockedMedia","1_174_1"
"304",2016-03-07,29012.6952752935,67.79084077983,16649.8990796152,332.65165297581,3523.59100909281,13238.6830374953,"adstockedMedia","1_174_1"
"305",2016-03-14,34089.0689565496,44012.7095367762,5313.88808395198,39.0396351767361,2282.92917839632,10581.233952537,"adstockedMedia","1_174_1"
"306",2016-03-21,16821.6205731412,12060.4647622293,1695.95061409942,4.58164900459246,2651.6321829893,11640.3206876738,"adstockedMedia","1_174_1"
"307",2016-03-28,8300.81100388515,69393.3698637777,14120.6922753403,6950.9279079689,2351.13035178424,14658.9362558078,"adstockedMedia","1_174_1"
"308",2016-04-04,4096.12516360272,19015.3321797906,4506.68067477667,1113.64876973833,1817.51331852005,15295.627557864,"adstockedMedia","1_174_1"
"309",2016-04-11,2021.27736049483,71624.4920998685,1438.32684038262,130.69660498205,1705.5555371723,9053.09024050982,"adstockedMedia","1_174_1"
"310",2016-04-18,12124.154555798,19626.7094703916,459.048299415525,2462.24761138735,2134.87116929079,15266.9765757503,"adstockedMedia","1_174_1"
"311",2016-04-25,5982.79548108838,5378.15645656585,146.507271699268,288.966694148194,1613.53504228834,12394.6844701412,"adstockedMedia","1_174_1"
"312",2016-05-02,2952.2752785607,1473.73490777636,12565.3362140645,33.9128160550381,1423.32292970836,10342.243590583,"adstockedMedia","1_174_1"
"313",2016-05-09,1456.83223636036,50361.7029246742,4010.28198786601,3.97997110418905,1665.62133124409,6017.18017284076,"adstockedMedia","1_174_1"
"314",2016-05-16,718.889657855156,13800.2306579506,1279.89902921988,4396.85780025932,138.369004720831,21797.0542916227,"adstockedMedia","1_174_1"
"315",2016-05-23,354.743893821462,128224.237883539,408.485370842883,516.010435873568,11.4947984324462,28078.9199509201,"adstockedMedia","1_174_1"
"316",2016-05-30,175.052219528477,35136.3031027653,130.369891986208,60.5584219518597,1598.39305669446,20181.036127671,"adstockedMedia","1_174_1"
"317",2016-06-06,86.3814151435922,9628.13128084798,41.6081209993513,7.1070703504106,1221.00012261046,12338.9397428122,"adstockedMedia","1_174_1"
"318",2016-06-13,42.6258456037215,2638.32286766525,13.2794137259836,0.834078024784699,1785.47345327697,12129.0519757667,"adstockedMedia","1_174_1"
"319",2016-06-20,20493.4208522078,124631.226018903,4.23818294771332,2897.90651409866,1714.13797630739,6811.49701543013,"adstockedMedia","1_174_1"
"320",2016-06-27,10112.7006507845,34151.7376570158,1.35263461692902,340.095147805942,1428.18725618924,6148.61283464916,"adstockedMedia","1_174_1"
"321",2016-07-04,15111.2350825422,9358.33837353676,5168.83169925166,39.9131956115295,1634.86736622841,6594.72293666936,"adstockedMedia","1_174_1"
"322",2016-07-11,7456.80274442421,2564.39358937332,1649.6552347416,4.68416910444492,2183.58098228687,11104.3164782307,"adstockedMedia","1_174_1"
"323",2016-07-18,5580.05347297293,320345.901079907,5307.16134706115,2922.17075890185,1656.29317414122,10768.556452446,"adstockedMedia","1_174_1"
"324",2016-07-25,2753.53786927509,87781.9269106925,1693.80374661169,342.942773111518,2338.26536182395,18048.8925613488,"adstockedMedia","1_174_1"
"325",2016-08-01,29539.0164409371,188271.273903837,540.584870973349,4683.46487485881,2591.46770857969,19026.1472018103,"adstockedMedia","1_174_1"
"326",2016-08-08,14576.3478406105,51590.5312023554,980.307802764354,549.64632955196,2770.86568459365,24736.1859431902,"adstockedMedia","1_174_1"
"327",2016-08-15,35823.5368371699,14136.9570330769,312.869521118745,1396.16911506549,230.185528847639,29248.969220715,"adstockedMedia","1_174_1"
"328",2016-08-22,17677.5125489908,3873.84175927886,14079.5870088514,1174.18204818131,19.1223190591562,31045.4790081532,"adstockedMedia","1_174_1"
"329",2016-08-29,32714.3201765097,160707.385771579,4493.56174926615,137.800724517682,3203.32398408288,14812.0040699773,"adstockedMedia","1_174_1"
"330",2016-09-05,37405.0758865222,131847.543970563,4515.51765572829,352.239547876423,2809.80734535295,9082.56286305952,"adstockedMedia","1_174_1"
"331",2016-09-12,18457.9401354327,196244.903174939,1441.14720148825,41.3384491581469,3778.37503380873,14862.7094358537,"adstockedMedia","1_174_1"
"332",2016-09-19,9108.27062821108,86469.8835914114,25996.5706522152,4731.0956720912,4010.58606807032,21196.7483407283,"adstockedMedia","1_174_1"
"333",2016-09-26,4494.57486740234,186070.14474998,8296.9191796215,555.236227965196,2947.89228659058,11324.2881947013,"adstockedMedia","1_174_1"
"334",2016-10-03,146754.536685691,172857.239352389,12461.1535855305,3761.98678208561,3619.99868388156,18575.1257677214,"adstockedMedia","1_174_1"
"335",2016-10-10,72417.6168219905,47366.741699094,14700.8094242649,4430.32791139664,4690.50168603765,31492.6372321496,"adstockedMedia","1_174_1"
"336",2016-10-17,117124.604632889,42775.2777689288,4691.82759910491,5839.84602461295,4670.33936557367,39087.0148621073,"adstockedMedia","1_174_1"
"337",2016-10-24,57796.4056872575,170633.914172104,10858.3950685147,6223.94599626206,4073.22227430464,33288.287397633,"adstockedMedia","1_174_1"
"338",2016-10-31,122515.049516955,46757.5009758116,3465.50425858537,6946.64224072868,4380.5480701914,27240.8515601539,"adstockedMedia","1_174_1"
"339",2016-11-07,60456.3791431402,155414.732212698,12649.8530573957,6361.70082323908,5288.2289574927,40270.406530599,"adstockedMedia","1_174_1"
"340",2016-11-14,82157.2422506112,42587.1054318152,4037.25590791943,5268.03549247478,439.31172341411,35433.0418005998,"adstockedMedia","1_174_1"
"341",2016-11-21,47498.4350365698,156687.95075179,8581.57454040049,7589.76472915134,36.4951653720719,33507.3182396806,"adstockedMedia","1_174_1"
"342",2016-11-28,23438.6176114575,42935.9957293443,6881.78036620278,5545.30762064461,8628.05466969377,41280.0463194168,"adstockedMedia","1_174_1"
"343",2016-12-05,25820.4399150658,250845.954480429,2196.35029074211,2510.47770042392,8311.76814117085,67706.3190135846,"adstockedMedia","1_174_1"
"344",2016-12-12,12741.3759477105,68737.3903265625,700.97479764596,2847.51960489667,6844.59150883678,46559.4469747533,"adstockedMedia","1_174_1"
"345",2016-12-19,6287.37006708285,353755.579145347,223.719171302485,1557.41488114617,6130.01706777203,22988.0142127216,"adstockedMedia","1_174_1"
"346",2016-12-26,110823.584242683,96936.9243936122,71.4009516124561,6119.33268931927,9588.35469681562,9710.37953391247,"adstockedMedia","1_174_1"
"347",2017-01-02,95741.4455446715,480258.880884013,28020.9212592026,5756.8379358487,7581.69105704234,50372.6391853104,"adstockedMedia","1_174_1"
"348",2017-01-09,47244.6540599076,131601.652581955,8942.9995262214,5757.6516342226,8002.08898496922,41824.0213285887,"adstockedMedia","1_174_1"
"349",2017-01-16,29226.6799710868,36061.7901129129,4389.84184167421,5529.75039525791,7885.24676617757,52000.8719406808,"adstockedMedia","1_174_1"
"350",2017-01-23,14422.222024101,9881.73537819306,12182.014993761,8163.79308034309,7813.93253251148,34699.2102402563,"adstockedMedia","1_174_1"
"351",2017-01-30,47361.7617824205,2707.81605069757,3887.94334454111,6159.92154049373,8593.90543616108,41228.5308033644,"adstockedMedia","1_174_1"
"352",2017-02-06,23371.1747127756,742.002035451806,1240.85411634308,722.921673489119,5915.66907405352,20497.8110203791,"adstockedMedia","1_174_1"
"353",2017-02-13,11532.7594856875,127927.058452288,396.024016195456,7725.01550095045,491.435374103427,27561.6996215777,"adstockedMedia","1_174_1"
"354",2017-02-20,5690.96517352248,35054.8693056556,10817.4150183922,906.599393671638,40.825259813712,30373.7879114427,"adstockedMedia","1_174_1"
"355",2017-02-27,2808.26845009983,9605.81660286442,3452.42529642562,12466.1135550253,4381.35532504645,38647.6081958202,"adstockedMedia","1_174_1"
"356",2017-03-06,1385.77050594473,2632.20814784151,15129.6344049973,1463.00949027703,5782.66426584166,27657.3624504099,"adstockedMedia","1_174_1"
"357",2017-03-13,11044.7034767328,721.283782525804,4828.68896651131,171.697198103722,5285.05476394864,37002.2168177107,"adstockedMedia","1_174_1"
"358",2017-03-20,5450.12864579149,197.647855228073,21394.9194167194,20.1501959027527,3914.9402003223,37426.3428021893,"adstockedMedia","1_174_1"
"359",2017-03-27,2689.42505502772,24530.4265904341,6828.28206957788,2700.28631374912,5678.5191941559,41303.184608978,"adstockedMedia","1_174_1"
"360",2017-04-03,1327.12594448502,6721.88439680539,2179.27607548186,316.90265663332,4200.8730834699,17687.5302167611,"adstockedMedia","1_174_1"
"361",2017-04-10,654.884682223312,502203.546354966,695.525487197866,37.1913501430969,3318.88136502537,8167.29119345811,"adstockedMedia","1_174_1"
"362",2017-04-17,7792.21327816973,137614.980718688,221.980000048808,4.36473628893207,3453.88434244397,15217.3457136264,"adstockedMedia","1_174_1"
"363",2017-04-24,3845.15210308141,333864.242904544,70.845887503258,0.512240690338493,3335.6422256408,23954.9267454553,"adstockedMedia","1_174_1"
"364",2017-05-01,38520.3519834459,91486.2542955715,22.6107747320511,0.0601160087274493,2863.82331081388,15588.3011492056,"adstockedMedia","1_174_1"
"365",2017-05-08,19008.2852141046,331415.408953325,7.21632760913682,0.00705514921692506,2398.43510932753,15260.6017011839,"adstockedMedia","1_174_1"
"366",2017-05-15,9379.8443725546,90815.2191357719,2.30312250595167,0.000827984617188177,199.24641498033,25476.8005200287,"adstockedMedia","1_174_1"
"367",2017-05-22,4628.5858751772,65891.7970089236,0.735051616933946,4014.06968707629,16.5520983778646,29543.8030858013,"adstockedMedia","1_174_1"
"368",2017-05-29,2284.02587004278,18055.82306361,7174.94570604827,471.086840409747,2168.25563550888,17539.1966136562,"adstockedMedia","1_174_1"
"369",2017-06-05,10252.5439891383,47434.6318527748,2289.91529066093,3389.69230295214,2367.8364765278,8970.24054701756,"adstockedMedia","1_174_1"
"370",2017-06-12,5059.22896030247,12998.1478529898,730.836476432491,397.810591604862,2769.6888945467,8364.99464949955,"adstockedMedia","1_174_1"
"371",2017-06-19,38756.2113682028,3561.7826260899,233.249656641271,331.539961174396,3352.99289500589,8510.05017868633,"adstockedMedia","1_174_1"
"372",2017-06-26,19124.6725840281,159608.007937361,4733.86486989746,38.9091682394222,2703.07688863952,4435.79584513655,"adstockedMedia","1_174_1"
"373",2017-07-03,13998.0369817835,43736.1565729036,11083.9003361623,6511.12042607468,4649.78085147354,12742.8615893552,"adstockedMedia","1_174_1"
"374",2017-07-10,6907.48307548363,11984.6830775574,3537.47525065511,764.137991655298,4533.36592275772,11885.8506461324,"adstockedMedia","1_174_1"
"375",2017-07-17,13272.3723948426,111465.403990755,26086.5118030579,89.678401270641,4231.77848684219,7092.68014164362,"adstockedMedia","1_174_1"
"376",2017-07-24,6549.39601947031,30544.0085645005,8325.62429113208,10.5245593626837,4396.85560823939,17937.5500155949,"adstockedMedia","1_174_1"
"377",2017-07-31,14616.7904556935,213809.740078865,4109.60383625562,1.23515080787816,4801.46219542692,17184.8224556605,"adstockedMedia","1_174_1"
"378",2017-08-07,7212.81368394622,163454.774277784,10778.842475809,0.144955951658297,6658.79414767014,15771.1664904758,"adstockedMedia","1_174_1"
"379",2017-08-14,37606.294426446,44790.2564087345,3440.1147008226,0.0170118723860604,553.169379840868,25680.0530550335,"adstockedMedia","1_174_1"
"380",2017-08-21,18557.233604996,12273.5299597355,12446.1054245892,1673.68080120287,45.9537201492551,29624.7166032477,"adstockedMedia","1_174_1"
"381",2017-08-28,127046.388067024,3363.22115010597,3972.22896013271,1428.74275026233,8206.55953970703,45505.4077607664,"adstockedMedia","1_174_1"
"382",2017-09-04,62692.4172665302,921.597661115243,1267.75423905248,167.675690869644,5907.63862399187,38115.4080300578,"adstockedMedia","1_174_1"
"383",2017-09-11,79805.5194993506,150417.338328901,5014.96486351998,722.226578079928,5972.0166931496,17438.4970121935,"adstockedMedia","1_174_1"
"384",2017-09-18,39380.8986209512,41217.7079674727,1600.54796141819,84.7597234853761,6929.81501990283,22866.1526880415,"adstockedMedia","1_174_1"
"385",2017-09-25,103096.771279976,155858.305282061,510.82187941828,2753.88751589512,9089.05185380817,33438.8672503977,"adstockedMedia","1_174_1"
"386",2017-10-02,162178.672602806,101071.854353225,163.031036109168,323.193235255415,8881.38473755062,42821.7964240321,"adstockedMedia","1_174_1"
"387",2017-10-09,124666.61054148,354932.210649886,18556.9654012727,5068.94016184325,7186.32795090363,32505.0797422505,"adstockedMedia","1_174_1"
"388",2017-10-16,61518.0902517851,97259.3476878828,5922.53663812665,4476.4364980779,9083.10281487482,56906.0616664316,"adstockedMedia","1_174_1"
"389",2017-10-23,74717.275105218,72742.4320630247,1890.2034611514,6093.21527887515,8842.1361477042,57669.9344925909,"adstockedMedia","1_174_1"
"390",2017-10-30,41515.2759390889,19933.0499723474,603.266698520394,6521.5413645199,9263.25929707498,27707.027316057,"adstockedMedia","1_174_1"
"391",2017-11-06,41635.17623578,323986.367258187,23232.4463154017,4225.24117719205,9981.72713616242,36972.988078979,"adstockedMedia","1_174_1"
"392",2017-11-13,20545.3290034661,88779.495897545,7414.73681288645,8782.87893876764,829.217075524657,34120.3608768077,"adstockedMedia","1_174_1"
"393",2017-11-20,65365.6486239966,129632.630071645,3712.53455965436,4199.9046125689,68.885970229599,32984.7484679123,"adstockedMedia","1_174_1"
"394",2017-11-27,32255.3878215814,35522.2339971552,10786.6494135441,3570.25341202524,12918.0626053414,54600.0146786605,"adstockedMedia","1_174_1"
"395",2017-12-04,44840.3174082129,97576.0182930944,3442.60631913236,2366.16214270944,11712.6680570393,37871.9121261157,"adstockedMedia","1_174_1"
"396",2017-12-11,22126.9406560091,26738.0068768361,1098.72285768821,2998.90970183769,10502.2230314364,52860.5628702834,"adstockedMedia","1_174_1"
"397",2017-12-18,74667.8320372698,99168.410667743,350.662203603579,1611.39273640624,12232.4230425679,64294.447629961,"adstockedMedia","1_174_1"
"398",2017-12-25,127261.371054622,27174.3579291621,15146.3598198056,6170.03320485178,11515.7915205925,83118.2030801956,"adstockedMedia","1_174_1"
"399",2018-01-01,62798.5029519935,7446.38059529186,10125.7158446591,4466.92663017208,12609.4571467399,110705.818178246,"adstockedMedia","1_174_1"
"400",2018-01-08,30988.6019640545,5987.67448386755,3231.66648104761,6310.74064695039,12890.5901239339,118598.26902683,"adstockedMedia","1_174_1"
"401",2018-01-15,54380.9015292677,1640.75645149826,16512.0671528096,740.621639327489,12254.9667450754,57607.2025796707,"adstockedMedia","1_174_1"
"402",2018-01-22,26834.8453023659,57260.8038888531,24617.3206441386,86.9185478102645,8877.77799376882,32673.0541479222,"adstockedMedia","1_174_1"
"403",2018-01-29,38411.1452813659,15690.7383077925,7856.72550951799,10.2006659706909,9637.71412372995,26539.9311891342,"adstockedMedia","1_174_1"
"404",2018-02-05,18954.3959832554,4299.61250843622,7254.30829565232,772.030215795711,12093.1849808205,66667.3746716965,"adstockedMedia","1_174_1"
"405",2018-02-12,18518.4654808119,55363.7897932438,2315.24420810314,90.6046240878689,1004.62328280294,45941.5038090362,"adstockedMedia","1_174_1"
"406",2018-02-19,9138.13751593176,15170.9141048669,7050.34253339341,10.6332598623009,83.4575789546287,37690.6688878493,"adstockedMedia","1_174_1"
"407",2018-02-26,16865.4196735465,60328.36907453,12252.947643348,1.24790777995577,8813.06175587096,34329.4111112849,"adstockedMedia","1_174_1"
"408",2018-03-05,8322.42414472515,16531.3196357106,3910.58180977151,0.146453095987551,8707.337400436,31744.3161658054,"adstockedMedia","1_174_1"
"409",2018-03-12,57227.0437355516,95134.2172204503,21734.8792814958,0.0171875756116363,7115.35077817983,21348.2066151339,"adstockedMedia","1_174_1"
"410",2018-03-19,28239.3050238191,26068.8988827375,6936.78174671222,0.00201711512763667,6822.26971526964,21477.582752544,"adstockedMedia","1_174_1"
"411",2018-03-26,33678.8311540666,89058.6601430904,5203.05977735109,0.000236726431352312,5724.12966842169,32460.0865547043,"adstockedMedia","1_174_1"
"412",2018-04-02,16619.1842828768,24404.0606391118,1660.57927551082,2.77819557907232e-05,6936.48536002787,23489.1501699507,"adstockedMedia","1_174_1"
"413",2018-04-09,8200.9166222169,17944.8573056968,529.981135765449,3.26046003037573e-06,7048.20015895727,50679.8785119562,"adstockedMedia","1_174_1"
"414",2018-04-16,4046.83119819833,4917.29142505417,169.145796535869,1819.96214677433,6466.3385330722,41791.3313141256,"adstockedMedia","1_174_1"
"415",2018-04-23,1996.95271896135,159701.047602787,53.9836204630793,213.588772549121,4831.74361912595,19165.8582577001,"adstockedMedia","1_174_1"
"416",2018-04-30,985.417964441542,43761.6515178447,17.2291084850211,12670.1070055032,3743.20070765937,14465.8040094442,"adstockedMedia","1_174_1"
"417",2018-05-07,486.265175646808,71665.8025948433,5.49874529796761,1486.94993913354,5626.93806665395,6088.742861763,"adstockedMedia","1_174_1"
"418",2018-05-14,239.952821624096,19638.0294680513,6805.39939304658,12745.4969294793,467.449476843046,21825.5429344752,"adstockedMedia","1_174_1"
"419",2018-05-21,1065.5139873817,31669.7917219166,2171.97296922475,1495.7976183851,38.8326672183853,28090.2610950806,"adstockedMedia","1_174_1"
"420",2018-05-28,525.789426339438,8678.22979110534,4898.61689112925,1463.61610779512,4433.82518832526,39750.5509636895,"adstockedMedia","1_174_1"
"421",2018-06-04,259.456491537656,2378.02865798798,1563.414997361,171.768390074019,5994.0154952723,42532.4368210605,"adstockedMedia","1_174_1"
"422",2018-06-11,8442.71161803709,651.632929103605,5923.63739826226,20.1585509147392,4216.63523384127,24606.8875588774,"adstockedMedia","1_174_1"
"423",2018-06-18,4166.14755973803,17641.4953001397,1890.55477356116,2.36578554882548,5958.24916316656,33150.8425254052,"adstockedMedia","1_174_1"
"424",2018-06-25,2055.83067085106,4834.16346459167,10987.5121547452,3396.26723259721,5130.49916620977,30186.1356469346,"adstockedMedia","1_174_1"
"425",2018-07-02,15636.4185946551,169426.002019565,3506.71254115058,398.582218176864,4143.04995043218,26669.9050449947,"adstockedMedia","1_174_1"
"426",2018-07-09,7715.96024101919,46426.5060858152,12607.0937498263,8943.3391853201,5401.86189343113,25760.1164216997,"adstockedMedia","1_174_1"
"427",2018-07-16,12663.310882048,72239.7655584751,4023.60908796665,1049.58053246798,5797.1330933156,19267.935464686,"adstockedMedia","1_174_1"
"428",2018-07-23,15977.7413476061,19795.3081307503,6456.81909814921,123.177626533948,6006.09944452674,30147.4402842545,"adstockedMedia","1_174_1"
"429",2018-07-30,7884.38965311135,5424.35625257062,2060.72204412915,14.4559919026504,9576.12582078165,20907.5006717934,"adstockedMedia","1_174_1"
"430",2018-08-06,16932.1308677432,94060.7946830459,7857.8217831115,1.6965394428338,9762.19695119952,67641.1405715431,"adstockedMedia","1_174_1"
"431",2018-08-13,8355.34350659419,25774.7571490518,2507.85817616256,4731.46526816703,810.979933246461,46329.1537053785,"adstockedMedia","1_174_1"
"432",2018-08-20,65686.1548181505,113494.858742914,800.393901177912,555.279603357544,67.3709468694566,37844.9898002554,"adstockedMedia","1_174_1"
"433",2018-08-27,32413.5450771013,31100.1244633523,255.449212851051,3864.62461490323,9595.98088855826,63085.8452667704,"adstockedMedia","1_174_1"
"434",2018-09-03,27656.2284869061,76735.4615808068,853.972177539598,453.548129736268,11711.6510943382,95969.0663091465,"adstockedMedia","1_174_1"
"435",2018-09-10,13647.2657168728,21027.2291833209,808.548953993964,53.2279138299743,11574.3850421252,84429.6635774302,"adstockedMedia","1_174_1"
"436",2018-09-17,6734.39119275109,51882.4634503796,9943.11860027753,3592.75541601682,11925.9893980556,108605.902106108,"adstockedMedia","1_174_1"
"437",2018-09-24,4211.09166247266,43536.952984867,3173.38977219537,421.641857077257,12279.3909213368,44282.3060424818,"adstockedMedia","1_174_1"
"438",2018-10-01,158781.448825501,38157.296848277,3711.24566417374,1036.42180381681,13397.0229310947,52097.4991596775,"adstockedMedia","1_174_1"
"439",2018-10-08,78352.4269788847,10455.9509947016,3774.28250136087,1881.90292063238,13856.0855693623,42971.6769101549,"adstockedMedia","1_174_1"
"440",2018-10-15,83153.3743664395,65972.363945924,2243.68987243256,3318.5912512982,11803.509745574,66515.7461927993,"adstockedMedia","1_174_1"
"441",2018-10-22,41032.9338930173,18077.9002025756,716.083432109225,389.466249731251,12358.4404733087,76054.4876477342,"adstockedMedia","1_174_1"
"442",2016-01-04,195680.099267643,135525.945357751,70474.7064662455,67300.7980079663,40426.4532345765,114877.950151847,"decompMedia","1_174_1"
"443",2016-01-11,145839.07467494,86878.5681046522,96780.1219530371,99348.1728413388,38387.9919184738,102946.609532916,"decompMedia","1_174_1"
"444",2016-01-18,93113.0424676248,48920.9698007779,64173.7118411804,58214.4069512281,29459.5799773502,100069.789633385,"decompMedia","1_174_1"
"445",2016-01-25,57227.331592883,25160.0217366287,77989.8427421184,45207.900275859,19665.3111317538,81346.9451868148,"decompMedia","1_174_1"
"446",2016-02-01,154118.359162569,72432.1595893266,46988.3904391529,691.002075483822,27888.5587159754,51540.0281530059,"decompMedia","1_174_1"
"447",2016-02-08,99002.6842855267,39364.7692919258,55192.5517865044,40783.290060407,19861.5833256551,44174.3818416085,"decompMedia","1_174_1"
"448",2016-02-15,302947.92716828,19813.0148412811,46754.5274994081,13710.453499625,260.541896299714,76313.0120290242,"decompMedia","1_174_1"
"449",2016-02-22,218727.444162387,9554.86246342341,24454.546966638,184.481463517246,2.89611246835959,88645.7730473167,"decompMedia","1_174_1"
"450",2016-02-29,280073.300756069,4508.83502227011,11690.1289307045,36706.4859512585,10602.6415435805,19786.2611340386,"decompMedia","1_174_1"
"451",2016-03-07,198432.101331995,2105.41528971941,83015.260552707,541.197518060886,28182.5743482057,21841.2010536271,"decompMedia","1_174_1"
"452",2016-03-14,215997.907022693,72528.2048723662,51269.1817451981,6.93505165099167,14611.8196767462,13891.4111834931,"decompMedia","1_174_1"
"453",2016-03-21,145420.183340154,39426.1025333913,27336.9523544077,0.0886961434322157,18496.9018942723,16878.797957957,"decompMedia","1_174_1"
"454",2016-03-28,92816.9635190321,87557.2586961038,78245.808073031,134037.486698609,15314.9207390261,26655.0291087082,"decompMedia","1_174_1"
"455",2016-04-04,57033.3907800383,49386.9212984751,47201.3651594132,6193.44784892094,10063.6163062535,28920.9229154194,"decompMedia","1_174_1"
"456",2016-04-11,34178.5927477189,88658.4540129405,24734.9241365505,81.0218027156516,9047.86290083958,10048.5167288272,"decompMedia","1_174_1"
"457",2016-04-18,118763.788397262,50146.3198210397,11836.9650903778,28517.9845756938,13114.5308864115,28817.6421007134,"decompMedia","1_174_1"
"458",2016-04-25,74344.1274454899,25862.5687477111,5395.7815390495,406.603551527886,8239.94608374375,19156.2374916027,"decompMedia","1_174_1"
"459",2016-05-02,45091.9956886863,12635.9135192677,74872.6431484459,5.20779148695738,6654.47482555043,13252.9725941708,"decompMedia","1_174_1"
"460",2016-05-09,26801.2160072321,76808.8917707509,44436.6517158283,0.066604859234299,8694.15403278722,4214.41479908754,"decompMedia","1_174_1"
"461",2016-05-16,15732.4981348582,42188.8640442012,23016.96148778,75118.4908060773,103.434398163666,54544.5066290378,"decompMedia","1_174_1"
"462",2016-05-23,9166.39011728143,109962.348107086,10942.2151720397,1318.40856438417,1.14834365405353,80377.9465876954,"decompMedia","1_174_1"
"463",2016-05-30,5317.2471180849,65710.9276187117,4971.54984404517,16.9420964485035,8109.4573266047,47895.6785435064,"decompMedia","1_174_1"
"464",2016-06-06,3076.51000248808,35142.1443960056,2210.40203465267,0.216689508356707,5107.13976468004,18983.8832723939,"decompMedia","1_174_1"
"465",2016-06-13,1777.38240741013,17522.3752714554,973.124445357669,0.00277129260330233,9769.40510442239,18340.6724479622,"decompMedia","1_174_1"
"466",2016-06-20,163410.772172366,108884.933149545,426.540398546384,38160.9386898052,9124.48530220507,5499.13817673728,"decompMedia","1_174_1"
"467",2016-06-27,105699.695377792,64881.6548490022,186.600546412741,566.070024415911,6693.51046136971,4414.91936858516,"decompMedia","1_174_1"
"468",2016-07-04,136252.527910856,34630.4728679499,50572.9600215304,7.25442766198296,8424.9773315442,5131.21415932608,"decompMedia","1_174_1"
"469",2016-07-11,86382.545846932,17247.7150296349,26885.1624954453,0.0927809237838359,13602.4881319251,15335.1999615737,"decompMedia","1_174_1"
"470",2016-07-18,70849.8057429533,145387.218970424,51237.2079020799,38721.3574167603,8612.20904932057,14401.1950249857,"decompMedia","1_174_1"
"471",2016-07-25,42867.7898806149,95890.989067055,27316.144686651,575.734793728105,15181.6892639358,39335.9223463983,"decompMedia","1_174_1"
"472",2016-08-01,200351.904196479,124748.493778789,13203.8676704933,82315.6366734094,17850.0996654059,43219.5378499666,"decompMedia","1_174_1"
"473",2016-08-08,133267.397137504,77590.1023243503,19462.8321798961,1498.17072187192,19790.7314615429,66738.5481031746,"decompMedia","1_174_1"
"474",2016-08-15,221554.703849163,42699.293205849,9128.09691179483,9682.74786504054,259.443552362754,85021.4023844748,"decompMedia","1_174_1"
"475",2016-08-22,149807.709501215,21652.659449521,78161.4231099908,6879.93870095604,2.88387891314185,91972.7291372907,"decompMedia","1_174_1"
"476",2016-08-29,211440.875300036,118613.789497575,47131.0944210675,90.2312228764451,24581.6469670106,27194.0690128938,"decompMedia","1_174_1"
"477",2016-09-05,226445.52995839,111021.525471362,47248.6188594308,607.863519401355,20216.4102509616,10117.1388978333,"decompMedia","1_174_1"
"478",2016-09-12,153700.985368491,126361.548421034,24764.6363897429,7.79120753231944,31051.0403449697,27373.4434825492,"decompMedia","1_174_1"
"479",2016-09-19,98704.0477428838,95346.8914396322,95706.8388163967,83504.756420728,33653.5064879454,52064.2026785069,"decompMedia","1_174_1"
"480",2016-09-26,60904.9564117196,124291.481208825,63099.5505424929,1529.15931922632,21736.425952858,15960.9668423094,"decompMedia","1_174_1"
"481",2016-10-03,392064.931393645,121433.141834367,74632.5257155525,59112.5666459956,29268.6661944542,41417.6049074961,"decompMedia","1_174_1"
"482",2016-10-10,305761.028991773,74842.9606233515,79411.5045720003,75961.893980537,41115.0813001162,93665.7586915348,"decompMedia","1_174_1"
"483",2016-10-17,365091.925513463,71641.3568476269,48178.0298567154,110162.396097,40898.4688647244,119780.169998406,"decompMedia","1_174_1"
"484",2016-10-24,277980.968733263,120931.629307817,70678.8839810077,118781.675918842,34352.1113911632,100301.638086029,"decompMedia","1_174_1"
"485",2016-10-31,370542.154742917,74431.7347502878,41121.5112150242,133951.773571611,37750.5563474873,77003.7148470436,"decompMedia","1_174_1"
"486",2016-11-07,283487.663619147,117321.99336622,75066.0433127733,121781.370590418,47370.2614361366,123373.522402362,"decompMedia","1_174_1"
"487",2016-11-14,321416.786489063,71504.85798911,44592.7494623018,96697.7069105634,831.617465852445,107863.842580032,"decompMedia","1_174_1"
"488",2016-11-21,254292.92001053,117636.491298912,64035.7325489642,146245.553662719,9.28532237612688,101092.511271931,"decompMedia","1_174_1"
"489",2016-11-28,176449.342665348,71757.593574806,58003.0434971823,103314.167835664,75053.9477238448,126337.035591997,"decompMedia","1_174_1"
"490",2016-12-05,186234.572743383,135918.977817437,31850.5757164468,29541.9540886078,72961.71835553,176685.779874249,"decompMedia","1_174_1"
"491",2016-12-12,122549.691267501,87228.0796466548,15672.9726447043,37004.2129510079,61851.2186991173,140350.191783536,"decompMedia","1_174_1"
"492",2016-12-19,76924.3094741562,149190.015950533,7246.67694048392,11988.3276378776,55548.0679985857,59485.1016022209,"decompMedia","1_174_1"
"493",2016-12-26,358355.503279225,99507.0477727918,3248.47075030355,116470.792860512,80816.0552628222,11631.0316410918,"decompMedia","1_174_1"
"494",2017-01-02,340374.64658294,160685.386385728,97781.1941581231,108252.43183279,67732.0639308047,149026.751339332,"decompMedia","1_174_1"
"495",2017-01-09,253655.181867885,110950.486940034,65186.7867083079,108271.232654681,70813.2556468542,127895.040331116,"decompMedia","1_174_1"
"496",2017-01-16,199215.581950704,66475.663931925,46570.3956213211,102947.095945476,69976.1977347035,152395.936789591,"decompMedia","1_174_1"
"497",2017-01-23,132396.131056363,35615.7849635924,73979.6360689904,156261.621879067,69458.055031656,105322.555743684,"decompMedia","1_174_1"
"498",2017-01-30,253949.824963399,17777.1759282384,43719.6203361186,117370.721151106,74832.8992987212,126188.090603477,"decompMedia","1_174_1"
"499",2017-02-06,176162.902687236,8535.87415359046,22577.8726773415,2605.67892160113,53541.3052257266,49191.106042907,"decompMedia","1_174_1"
"500",2017-02-13,115042.716723464,109874.276059367,10715.4185121921,148685.839467585,1017.14726092117,78299.8752671063,"decompMedia","1_174_1"
"501",2017-02-20,71821.8380440641,65642.9618065979,70570.8513051689,4107.28629465134,11.3733365523458,89400.9152372382,"decompMedia","1_174_1"
"502",2017-02-27,43485.4180969462,35100.1328710709,41037.8364459188,207598.211515502,37759.4087536657,118412.796322985,"decompMedia","1_174_1"
"503",2017-03-06,25817.8830527811,17499.8004573669,80244.1394951501,10611.7355065844,52269.6257367942,78685.3115087264,"decompMedia","1_174_1"
"504",2017-03-13,111899.00292872,8397.72490880341,48882.4977516776,141.124809224497,47337.9626980587,113132.867917667,"decompMedia","1_174_1"
"505",2017-03-20,69701.4144457274,3953.21221969186,90219.6206910101,1.80579709102702,32583.6860783337,114517.949804014,"decompMedia","1_174_1"
"506",2017-03-27,42139.1822724803,55750.6820620796,57794.13734254,33682.3127506837,51259.9341178781,126403.855572766,"decompMedia","1_174_1"
"507",2017-04-03,24995.5612979907,29126.6911670162,31706.5025175939,490.433741279811,35770.0959440046,37920.783581665,"decompMedia","1_174_1"
"508",2017-04-10,14654.650590786,162330.06852746,15593.1540961351,6.28339655060464,25878.3648052613,8090.9511376194,"decompMedia","1_174_1"
"509",2017-04-17,88976.0544639212,112654.014606365,7207.62429780966,0.0803615831564027,27397.3805580763,28639.0193173481,"decompMedia","1_174_1"
"510",2017-04-24,54524.8339995189,146975.043631679,3230.50811347082,0.00102776250231076,26066.7637455478,63500.7227298748,"decompMedia","1_174_1"
"511",2017-05-01,229799.118228426,97391.0056014186,1427.39822268961,1.31442838356162e-05,20809.1441560143,29982.7569483695,"decompMedia","1_174_1"
"512",2017-05-08,156387.839761137,146692.57484001,626.665115332775,1.68105176565256e-07,15807.1319404746,28794.6784183385,"decompMedia","1_174_1"
"513",2017-05-15,100629.766200819,97123.1338223828,274.343881240624,2.14993458298115e-09,199.908026094461,69796.1175605561,"decompMedia","1_174_1"
"514",2017-05-22,62178.4320364599,85770.346655367,119.953983385118,65454.3206143801,2.22107429241796,86177.7724439897,"decompMedia","1_174_1"
"515",2017-05-29,37394.8659197265,48163.5151312198,59125.1809641085,1096.27900715898,13448.456132309,37343.5327031218,"decompMedia","1_174_1"
"516",2017-06-05,106647.03565074,74888.5408301251,32629.0521121713,49879.9479463751,15488.3380237248,9856.80442559228,"decompMedia","1_174_1"
"517",2017-06-12,66180.2687802022,40942.3671593779,16105.8446419254,778.106716429514,19777.8902190784,8510.0897738845,"decompMedia","1_174_1"
"518",2017-06-19,230498.602147795,20679.9411795013,7458.87315878343,537.531271561878,26261.8601780919,8824.15654763157,"decompMedia","1_174_1"
"519",2017-06-26,156950.041732835,118348.792603944,48395.9547505294,6.88797998730455,19053.2832965354,2179.15759389463,"decompMedia","1_174_1"
"520",2017-07-03,129971.781373744,72331.6049457049,71266.7529078461,124978.372614019,40677.2591601872,20246.9384063653,"decompMedia","1_174_1"
"521",2017-07-10,82023.9064185966,39300.5868814313,41578.3267142127,2913.53913541651,39418.3438945319,17606.8650751284,"decompMedia","1_174_1"
"522",2017-07-17,125731.075345339,104683.514780624,95802.8949801776,37.6581833087697,36112.1144242891,5995.63103567704,"decompMedia","1_174_1"
"523",2017-07-24,79103.4598713891,61692.5334554772,63195.1850874602,0.481684418174775,37929.3017986172,38898.5876327845,"decompMedia","1_174_1"
"524",2017-07-31,133495.183093814,129698.912440273,45007.9511137787,0.00616038013548918,42301.0873693823,35973.5565596004,"decompMedia","1_174_1"
"525",2017-08-07,84464.115563538,119268.610535351,70468.8224551632,7.87864767932243e-05,60269.8298278653,30652.3456815192,"decompMedia","1_174_1"
"526",2017-08-14,227056.285247184,73076.1349998087,40958.8897135729,1.00761781783287e-06,1257.57939334079,70632.5339769885,"decompMedia","1_174_1"
"527",2017-08-21,154189.263877864,39776.5478823885,74597.6850614053,13784.2196834595,14.0882852354784,86494.1021690663,"decompMedia","1_174_1"
"528",2017-08-28,374918.71049689,20038.7067029269,44215.2239666469,10130.6809982186,72243.0892781289,137745.188203343,"decompMedia","1_174_1"
"529",2017-09-04,287948.054390001,9668.37405461796,22881.0849726015,134.484319759414,53465.0961323193,116732.585213026,"decompMedia","1_174_1"
"530",2017-09-11,317812.064096727,116063.789094473,49818.5988703503,2600.63249973214,54073.9679834876,36952.9120548307,"decompMedia","1_174_1"
"531",2017-09-18,232335.199439837,70498.0324937667,26398.682202418,33.5754418841908,62563.113208172,58978.9339322962,"decompMedia","1_174_1"
"532",2017-09-25,349497.310500499,117431.834180708,12714.8766508865,34881.230797415,77926.971742434,100845.794653841,"decompMedia","1_174_1"
"533",2017-10-02,403694.523009494,101045.336371047,5814.75335796506,510.406984200273,76658.0048380639,130683.141518067,"decompMedia","1_174_1"
"534",2017-10-09,372642.689482251,149316.795442885,86144.208404108,91857.5667057566,64655.0410284413,97440.1397413907,"decompMedia","1_174_1"
"535",2017-10-16,285624.127538988,99629.0048206633,54044.5694437191,77122.7506923723,77891.1836768945,161456.844813006,"decompMedia","1_174_1"
"536",2017-10-23,309636.896726198,89199.8450682393,29165.1827083196,115889.508098613,76413.5665293784,162732.488075007,"decompMedia","1_174_1"
"537",2017-10-30,238440.970505421,50521.2119572856,14200.0866212339,125199.112167871,78960.4791737714,78885.2265587293,"decompMedia","1_174_1"
"538",2017-11-06,238776.45619423,145821.767378646,92555.8392601972,70787.2149993584,82939.659265229,113036.799666473,"decompMedia","1_174_1"
"539",2017-11-13,163650.485508826,96300.1186460293,60015.6981554778,166092.061929899,2588.2465218733,103283.876627789,"decompMedia","1_174_1"
"540",2017-11-20,293091.136328084,110377.241676251,42664.6419803082,70147.2170925635,29.3013329221357,99198.8116549393,"decompMedia","1_174_1"
"541",2017-11-27,209888.045527565,66031.5315266803,70489.4996487542,54330.71358808,95315.3972537822,157391.248091888,"decompMedia","1_174_1"
"542",2017-12-04,247466.514164187,99748.448720754,40974.8829720192,26514.6456126712,90891.8357591858,115955.046584678,"decompMedia","1_174_1"
"543",2017-12-11,170779.587981167,58034.9247898819,20921.0568443038,40507.5872740782,85557.558553628,154098.884876903,"decompMedia","1_174_1"
"544",2017-12-18,309554.795814508,100344.076516507,9866.47343865455,12808.5355760629,92897.383772097,172475.165435506,"decompMedia","1_174_1"
"545",2017-12-25,375121.930021725,58471.4172987231,80276.134056981,117594.260210157,90090.0411502065,190731.035444541,"decompMedia","1_174_1"
"546",2018-01-01,288156.007086434,30742.1054417168,68688.8057827324,76883.4294767371,94257.4547177974,204056.837444393,"decompMedia","1_174_1"
"547",2018-01-08,205516.160653878,27391.1130610275,39593.629340726,120677.473590445,95223.1596092037,206366.595396007,"decompMedia","1_174_1"
"548",2018-01-15,270565.745720843,13427.2420805272,82774.8830539872,2735.80916479774,92980.8751139057,162629.013503291,"decompMedia","1_174_1"
"549",2018-01-22,190218.096473747,81021.4981704474,94184.5341696011,35.3380557076041,76635.6039189523,98058.2067517405,"decompMedia","1_174_1"
"550",2018-01-29,229474.109014026,44964.5741964678,61596.8762125291,0.452003964325672,81089.6906866204,74155.0375157145,"decompMedia","1_174_1"
"551",2018-02-05,156126.827441418,22918.2409493021,59422.5627085188,2974.42106630743,92375.4098302013,175455.276446934,"decompMedia","1_174_1"
"552",2018-02-12,153998.806657402,79903.716420645,32836.6652601994,38.4536423132071,3631.84388971771,138834.251981691,"decompMedia","1_174_1"
"553",2018-02-19,98917.1239917898,44222.4615275611,58652.8485791854,0.491860517959499,41.4589387202757,115372.711028189,"decompMedia","1_174_1"
"554",2018-02-26,145647.812212667,82769.7941264148,74146.8787687634,0.00629052500206974,76231.53628571,104023.580602153,"decompMedia","1_174_1"
"555",2018-03-05,92977.8325091551,46133.5260538646,43853.4409658849,8.04509285832203e-05,75562.6969111261,94611.7534789345,"decompMedia","1_174_1"
"556",2018-03-12,276772.544953033,98818.6985075464,90668.1348039648,1.0289048628852e-06,64083.8015084774,52689.0502601714,"decompMedia","1_174_1"
"557",2018-03-19,195566.004621732,57356.2559513919,58216.4664046347,1.31588936909539e-08,61663.3607828953,53223.3307004175,"decompMedia","1_174_1"
"558",2018-03-26,214652.593440657,96413.9176581964,50738.5281798334,1.68292025254538e-10,51703.6261090654,97274.186278806,"decompMedia","1_174_1"
"559",2018-04-02,144363.640226984,55615.8805409963,26992.3576044915,2.15232423252593e-12,62618.4758391434,61566.8168701852,"decompMedia","1_174_1"
"560",2018-04-09,92070.992833638,48019.4296403168,13030.8957392921,2.75265544811869e-14,63538.0188593397,149677.248289861,"decompMedia","1_174_1"
"561",2018-04-16,56545.117734135,24645.6338779229,5966.23480333472,16194.5336032215,58589.1628212216,127802.172798523,"decompMedia","1_174_1"
"562",2018-04-23,33874.5511266691,118371.28573526,2662.15238911118,219.982598295519,42622.9110226881,43780.7444751666,"decompMedia","1_174_1"
"563",2018-04-30,19980.281319858,72349.7672791377,1173.89100771704,209232.752447282,30655.5345975489,25980.2414370873,"decompMedia","1_174_1"
"564",2018-05-07,11674.6470218995,88678.580888,514.906249576338,10953.7525177924,50755.3701766205,4322.99043673145,"decompMedia","1_174_1"
"565",2018-05-14,6783.62312002162,50160.2386534096,57704.3825306372,209823.09564833,929.750998993896,54662.4373088434,"decompMedia","1_174_1"
"566",2018-05-21,21193.7539687804,62714.4304711825,31644.6844860237,11081.3770329081,10.3889943456366,80423.3475770696,"decompMedia","1_174_1"
"567",2018-05-28,12393.8251934405,33302.7140087581,49236.9194896669,10620.3417482781,38333.8573851851,121810.980089073,"decompMedia","1_174_1"
"568",2018-06-04,7204.97859972645,16537.8771520983,26025.7010573078,141.243828504817,54280.9368761115,129883.801231965,"decompMedia","1_174_1"
"569",2018-06-11,93869.7428376577,7919.89291586602,54049.3888200902,1.80732080872048,35944.5963813116,66203.4150868273,"decompMedia","1_174_1"
"570",2018-06-18,57723.363707418,47622.6698843258,29168.3958224199,0.0231143796572527,53944.1575217468,99803.2455391127,"decompMedia","1_174_1"
"571",2018-06-25,34608.5804734406,24419.9253933844,71016.8370317994,50040.9197377848,45752.8608774069,88676.4632011411,"decompMedia","1_174_1"
"572",2018-07-02,139127.084465114,120656.53898135,41383.8157912566,781.171784020488,35128.7989717235,74684.9406268377,"decompMedia","1_174_1"
"573",2018-07-09,88390.7804210373,74206.6468334598,74968.3518924983,168482.684322973,48519.5979041041,70961.6428336329,"decompMedia","1_174_1"
"574",2018-07-16,122076.174879438,88957.2552063622,44513.864288006,5504.2282011122,52408.9370739875,44191.6304361402,"decompMedia","1_174_1"
"575",2018-07-23,140966.386486921,50353.1018426084,56306.5337396944,71.8226486270735,54394.3880218017,88526.7596157602,"decompMedia","1_174_1"
"576",2018-07-30,89680.205844582,25981.5148707538,30688.2261291157,0.918794210102217,80747.9368920489,50872.9782823575,"decompMedia","1_174_1"
"577",2018-08-06,145993.863285514,98403.5070630367,61600.705297653,0.0117507029974746,81770.5473930919,176609.857404848,"decompMedia","1_174_1"
"578",2018-08-13,93222.4957048606,57054.2370885936,34374.2624819309,83513.9740005162,2488.17160807695,139788.945995332,"decompMedia","1_174_1"
"579",2018-08-20,293694.515104389,105358.976540184,17086.0953769358,1529.4010191396,28.1460549306583,115868.738393691,"decompMedia","1_174_1"
"580",2018-08-27,210425.007377557,62200.5105913694,7941.94514849877,61689.1707147344,80858.4699216558,170861.040772023,"decompMedia","1_174_1"
"581",2018-09-03,193368.65905743,91079.9750215111,17816.4307063556,1015.13857955397,90887.7553558272,198233.148684805,"decompMedia","1_174_1"
"582",2018-09-10,127936.939833971,51831.0924378193,17198.5930756381,13.0306100764979,90331.1791729613,191636.232397243,"decompMedia","1_174_1"
"583",2018-09-17,80620.3255857164,77773.6206765493,68172.629096559,54889.3184421687,91734.0210754851,203360.337577688,"decompMedia","1_174_1"
"584",2018-09-24,58164.0169669562,72189.4262978499,39201.9449985056,875.573576675827,93071.0134123755,134604.313153265,"decompMedia","1_174_1"
"585",2018-10-01,401250.120836746,68157.1738723907,42656.7685402927,5367.47626783057,96865.2217884543,152589.913916714,"decompMedia","1_174_1"
"586",2018-10-08,315531.294859317,36663.314079991,43039.7349574567,17263.6078406059,98252.8342176896,131094.234409028,"decompMedia","1_174_1"
"587",2018-10-15,322912.474639569,85812.3032548463,32246.7522151127,48145.2105236845,91253.7997692924,175272.015691861,"decompMedia","1_174_1"
"588",2018-10-22,237083.443553313,48192.1156827566,15892.9316462419,745.34930884958,93360.5016488128,185158.366754807,"decompMedia","1_174_1"
"589",2016-01-04,22151.9857168392,253533.967846076,4013.08483353353,4271.63253951151,5021.61940642242,33054.7401772266,"adstockedMedia","1_178_1"
"590",2016-01-11,12472.7548842818,77102.4139072394,24081.4671570907,5566.31768891994,4835.42079736633,26910.2549807097,"adstockedMedia","1_178_1"
"591",2016-01-18,5360.56750600622,23447.6755948237,3001.43830445433,3964.9272025451,4020.22838342318,26052.0749797285,"adstockedMedia","1_178_1"
"592",2016-01-25,2303.87626895983,7130.69102429841,11618.0009386403,3379.47937254755,3082.47469045521,21264.8347838895,"adstockedMedia","1_178_1"
"593",2016-02-01,17501.9915804989,44645.8533761147,1448.03108593629,528.209271728316,3747.66095391112,14831.0870458646,"adstockedMedia","1_178_1"
"594",2016-02-08,7522.04370463893,13577.2855033649,4944.03359449805,3049.20243104852,3069.65884555331,14388.401864714,"adstockedMedia","1_178_1"
"595",2016-02-15,69509.2801733173,4128.99894838847,3064.60879293752,1792.29696889292,477.405729181354,22809.2159070863,"adstockedMedia","1_178_1"
"596",2016-02-22,29873.8484095867,1255.6731101786,381.963198474883,280.134237347376,74.2480652484684,24803.4920416254,"adstockedMedia","1_178_1"
"597",2016-02-29,54395.5403601145,381.863734850547,47.6066913745676,2855.27829612567,1885.4197203616,6457.13663132105,"adstockedMedia","1_178_1"
"598",2016-03-07,23378.2327025077,116.128880050054,16512.0224371278,446.277163763628,3661.01766702734,9753.22430260358,"adstockedMedia","1_178_1"
"599",2016-03-14,29819.9872929275,44029.4493781705,2058.00652856867,69.7526777572445,2559.5883564292,7620.826860398,"adstockedMedia","1_178_1"
"600",2016-03-21,12816.09847985,13389.8303998641,256.503459086142,10.9022743025296,2860.0587593993,9232.8175694976,"adstockedMedia","1_178_1"
"601",2016-03-28,5508.13045732481,70160.525163102,13611.3920063847,6952.09422529159,2575.6578461079,12211.580494564,"adstockedMedia","1_178_1"
"602",2016-04-04,2367.29619256674,21336.5723616134,1696.48107727012,1384.50087901767,2022.77337617209,12352.0319844102,"adstockedMedia","1_178_1"
"603",2016-04-11,1017.42166543796,72902.5484301519,211.444064221029,216.396113245649,1869.1582094267,5889.29468951818,"adstockedMedia","1_178_1"
"604",2016-04-18,11564.0030119451,22170.4512089942,26.3537229464705,2480.73169809765,2283.88371649558,13057.7439985582,"adstockedMedia","1_178_1"
"605",2016-04-25,4970.00216554487,6742.27331409859,3.28464511736458,387.735902236838,1791.38261867981,9409.42634930678,"adstockedMedia","1_178_1"
"606",2016-05-02,2136.01825423305,2050.39802814497,12518.9871656115,60.60273668398,1567.88396842245,7636.40622221348,"adstockedMedia","1_178_1"
"607",2016-05-09,918.022534084065,50581.4148199327,1560.32717469934,9.47214759427786,1791.22454529075,3708.50718303182,"adstockedMedia","1_178_1"
"608",2016-05-16,394.54970546997,15382.3537516201,194.474270154451,4397.87120245909,278.578468552237,20279.9284800161,"adstockedMedia","1_178_1"
"609",2016-05-23,169.570423717056,129120.606336451,24.2386612021892,687.38290396923,43.3256474432204,24204.4884859341,"adstockedMedia","1_178_1"
"610",2016-05-30,72.878342578741,39266.9689126267,3.02103047569178,107.437265649111,1604.17632298212,14735.2764157162,"adstockedMedia","1_178_1"
"611",2016-06-06,31.3218113194472,11941.5087284167,0.376531734113854,16.7923379873211,1337.70398071471,7794.71132052452,"adstockedMedia","1_178_1"
"612",2016-06-13,13.4615556503782,3631.5415897813,0.0469297307443815,2.62462576068699,1892.08581195938,9062.99810468726,"adstockedMedia","1_178_1"
"613",2016-06-20,20478.1722030994,125012.657629169,0.00584917399571477,2898.21885401279,1860.07725523264,4129.36266002358,"adstockedMedia","1_178_1"
"614",2016-06-27,8801.15303417632,38017.697407789,0.000729022644909207,452.988730342021,1575.07452344328,4414.94457427795,"adstockedMedia","1_178_1"
"615",2016-07-04,13903.5918741695,11561.5917907897,5168.40009086309,70.8016889520833,1761.1847877463,5192.57808253353,"adstockedMedia","1_178_1"
"616",2016-07-11,5975.51571476556,3516.00475176252,644.173127171533,11.0662337111183,2321.67338153688,9708.74269406971,"adstockedMedia","1_178_1"
"617",2016-07-18,4468.58337029676,320712.454964032,4860.95437862293,2923.35067127027,1835.97145674104,8647.29241445505,"adstockedMedia","1_178_1"
"618",2016-07-25,1920.51740252505,97532.1163389681,605.85406084396,456.916808435535,2486.20896859086,15809.9123281613,"adstockedMedia","1_178_1"
"619",2016-08-01,29005.6574463949,193877.635098987,75.5117440837001,4714.63312870667,2783.88505571904,15585.2141206961,"adstockedMedia","1_178_1"
"620",2016-08-08,12466.1140413684,58960.2797437943,817.189323995061,736.89247864918,2988.54441103814,20852.9995181212,"adstockedMedia","1_178_1"
"621",2016-08-15,33988.3933902103,17930.4569384272,101.851906407111,1446.83878434987,464.790485043412,24340.207181174,"adstockedMedia","1_178_1"
"622",2016-08-22,14607.6050463016,5452.84532939535,13992.4278345146,1236.46862958841,72.2860915798963,25166.0721134257,"adstockedMedia","1_178_1"
"623",2016-08-29,30269.2480148985,161304.135738582,1743.97218412247,193.258819584824,3212.97765060742,8413.00538230075,"adstockedMedia","1_178_1"
"624",2016-09-05,34271.0227222861,136864.460626536,3298.74098414649,366.273566831386,3043.39123710012,5178.42683299345,"adstockedMedia","1_178_1"
"625",2016-09-12,14729.0740904563,201737.691850643,411.144698190671,57.2481949619051,4018.27496937707,12473.3912960826,"adstockedMedia","1_178_1"
"626",2016-09-19,6330.29324278301,94045.0077702484,25587.8660039143,4735.19207283759,4321.64154086453,18234.0358513292,"adstockedMedia","1_178_1"
"627",2016-09-26,2720.6470884405,190975.567775854,3189.1911174847,740.105821211679,3286.83796771542,7204.31202442635,"adstockedMedia","1_178_1"
"628",2016-10-03,145705.925575874,179947.5964396,10210.6463030172,3812.50266924222,3886.28923697614,15773.1756100766,"adstockedMedia","1_178_1"
"629",2016-10-10,62621.8070763895,54724.0047563262,11996.4006095676,4584.71562899223,4994.1870839475,27833.5138739303,"adstockedMedia","1_178_1"
"630",2016-10-17,108303.082027899,46437.893361159,1495.19363044844,6036.49407539101,5057.39906855513,33141.7276144364,"adstockedMedia","1_178_1"
"631",2016-10-24,46546.7322740955,173034.797522746,9547.33400789155,6482.08606885926,4471.7879148442,25576.8559545774,"adstockedMedia","1_178_1"
"632",2016-10-31,113999.741694984,52621.7480533175,1189.94967415295,7229.35034590342,4737.64171191665,20046.2900874066,"adstockedMedia","1_178_1"
"633",2016-11-07,48995.054957213,158604.974425587,11692.1338059425,6676.39075022082,5661.13862286563,34173.5027599705,"adstockedMedia","1_178_1"
"634",2016-11-14,73381.587100358,48233.4832283027,1457.27077328958,5564.94647024747,880.443120303401,27494.8620140203,"adstockedMedia","1_178_1"
"635",2016-11-21,38495.1501691066,159686.455766224,7474.69631117216,7841.30943947446,136.930066499096,25913.1795562687,"adstockedMedia","1_178_1"
"636",2016-11-28,16544.5286987394,48562.3733674315,5074.55596563253,5880.16999276942,8646.31880476102,34077.9405973169,"adstockedMedia","1_178_1"
"637",2016-12-05,21364.9432414466,253848.874804512,632.476690643078,2778.75117990473,8939.71577113423,59343.5764674886,"adstockedMedia","1_178_1"
"638",2016-12-12,9182.27140437869,77198.1805094736,78.8299049051786,2987.20873155572,7544.44444984187,33660.1612356948,"adstockedMedia","1_178_1"
"639",2016-12-19,3946.37641630177,358396.799251376,9.8251113429037,1690.13084592593,6734.75529092935,12424.6350342502,"adstockedMedia","1_178_1"
"640",2016-12-26,109417.095504431,108992.33185072,1.22457096728165,6200.72195123877,10126.5289996034,3501.48905206581,"adstockedMedia","1_178_1"
"641",2017-01-02,88079.8620563569,486841.743564315,27998.2859600061,6007.84641230203,8360.07145820981,47336.2471507799,"adstockedMedia","1_178_1"
"642",2017-01-09,37855.1531600955,148053.824655192,3489.61827745965,6021.05584427449,8672.44336716389,32981.5014451603,"adstockedMedia","1_178_1"
"643",2017-01-16,22182.7627366504,45024.764792246,1970.57948796015,5795.12373166278,8569.25855796013,43161.9100714469,"adstockedMedia","1_178_1"
"644",2017-01-23,9533.75563159562,13692.5165514526,11026.5846055741,8420.59969262647,8491.60309927316,24219.9057140414,"adstockedMedia","1_178_1"
"645",2017-01-30,44342.398065855,4164.04195284307,1374.3188148207,6517.95906301441,9265.42303612596,33150.9276316106,"adstockedMedia","1_178_1"
"646",2017-02-06,19057.5715161183,1266.33006576119,171.290773374685,1018.75053234442,6642.73918863154,11936.0347670528,"adstockedMedia","1_178_1"
"647",2017-02-13,8190.60420576652,128108.837963309,21.349143100486,7799.40389890113,1033.10560087291,22228.429162315,"adstockedMedia","1_178_1"
"648",2017-02-20,3520.1755480115,38959.2792387458,10693.6831122524,1219.03908833389,160.672751442896,24665.9460587161,"adstockedMedia","1_178_1"
"649",2017-02-27,1512.90864233115,11847.9369802518,1332.82702002481,12550.2506385797,4402.95230214427,32397.5620287069,"adstockedMedia","1_178_1"
"650",2017-03-06,650.221140628416,3603.08541202205,14193.8971443852,1961.59171843524,6103.4546223037,19944.6174507585,"adstockedMedia","1_178_1"
"651",2017-03-13,10640.3334447689,1095.73713195512,1769.08268506799,306.594838672416,5753.9024548648,30715.4239343626,"adstockedMedia","1_178_1"
"652",2017-03-20,4573.02546600825,333.225479012841,20074.3151224294,47.9204689829893,4370.76229403792,29970.2417308257,"adstockedMedia","1_178_1"
"653",2017-03-27,1965.40475176942,24577.604128568,2501.99948163895,2705.4114304754,6033.04997063712,33501.7624644604,"adstockedMedia","1_178_1"
"654",2017-04-03,844.695894871024,7474.31447733899,311.841343923468,422.853121408353,4667.42285519299,9179.12192831729,"adstockedMedia","1_178_1"
"655",2017-04-10,363.035224255766,502634.619640723,38.8669240316123,66.0915231859454,3695.79654168263,3299.86391690344,"adstockedMedia","1_178_1"
"656",2017-04-17,7625.07939531693,152856.6085913,4.8442511331976,10.3300394768047,3752.95841936545,12747.4968747194,"adstockedMedia","1_178_1"
"657",2017-04-24,3277.12307477187,342640.009850419,0.603772220883742,1.61457491745379,3632.39117767639,20915.9514534395,"adstockedMedia","1_178_1"
"658",2017-05-01,38031.3690259601,104200.5222618,0.0752522701006749,0.25235645710013,3151.64394623025,11005.4620530606,"adstockedMedia","1_178_1"
"659",2017-05-08,16345.2038383605,338034.635923477,0.00937920619636347,0.0394430637759195,2650.6836473346,11661.3905712149,"adstockedMedia","1_178_1"
"660",2017-05-15,7024.87697287964,102799.978383087,0.00116899475266613,0.00616491172014656,412.245015864871,22163.3860011083,"adstockedMedia","1_178_1"
"661",2017-05-22,3019.16678263001,72268.9820921957,0.000145699828231815,4014.0705534745,64.1140082017397,24650.5420819204,"adstockedMedia","1_178_1"
"662",2017-05-29,1297.58401414393,21977.7768528052,7174.71112927067,627.395243462758,2176.8518638984,11615.9139510809,"adstockedMedia","1_178_1"
"663",2017-06-05,9683.1451239976,49170.6122977816,894.23342300168,3432.46731901755,2526.26466267305,4738.96206339849,"adstockedMedia","1_178_1"
"664",2017-06-12,4161.64300422976,14953.3134895661,111.45444052109,536.491235169979,2965.87928865353,5916.31417271137,"adstockedMedia","1_178_1"
"665",2017-06-19,38048.2799097269,4547.46389902752,13.8913308229655,368.706391606492,3584.1706399945,6581.14294172791,"adstockedMedia","1_178_1"
"666",2017-06-26,16352.4718344736,160014.932814683,4661.15359399289,57.6284430596269,2981.9566905277,2606.59234518619,"adstockedMedia","1_178_1"
"667",2017-07-03,11588.7606279309,48662.2667803908,10154.0181863018,6515.56135698039,4888.99271178607,11594.3114476011,"adstockedMedia","1_178_1"
"668",2017-07-10,4980.64254716151,14798.7201353788,1265.56488147851,1018.37577327108,4907.44819506083,9558.84600728809,"adstockedMedia","1_178_1"
"669",2017-07-17,12004.3913004025,112681.783726111,25115.2471363816,159.171122603947,4618.40202672241,4624.79283168421,"adstockedMedia","1_178_1"
"670",2017-07-24,5159.27319436186,34267.7456692165,3130.28538872793,24.8782884824743,4763.57944763044,16209.2758159728,"adstockedMedia","1_178_1"
"671",2017-07-31,13602.2835653786,215861.191025023,1842.59336719541,3.88845179761184,5177.05107774184,13882.7941777715,"adstockedMedia","1_178_1"
"672",2017-08-07,5846.01877969557,170511.849520071,9696.89948480212,0.607761156600553,7065.07571817627,12217.8205088171,"adstockedMedia","1_178_1"
"673",2017-08-14,36559.5678981333,51854.492356492,1208.59104465148,0.0949924655615632,1098.78908199958,22295.1636344249,"adstockedMedia","1_178_1"
"674",2017-08-21,15712.6499740114,15769.5103602344,11498.8127632699,1673.69365193617,170.888111448739,24681.7505836005,"adstockedMedia","1_178_1"
"675",2017-08-28,124642.13660823,4795.67816982797,1433.17584673259,1493.91805350654,8229.31921162636,39557.3049669355,"adstockedMedia","1_178_1"
"676",2017-09-04,53568.9664055911,1458.41745134709,178.626528663781,233.497909019525,6505.74787319233,29368.2378978193,"adstockedMedia","1_178_1"
"677",2017-09-11,71892.252631542,150608.320475535,4632.61900411647,739.043833308396,6493.04859545319,9220.19170217722,"adstockedMedia","1_178_1"
"678",2017-09-18,30898.007454303,45801.6145206579,577.395058124774,115.511817630317,7443.52376733749,18107.5903482731,"adstockedMedia","1_178_1"
"679",2017-09-25,96943.2523107961,158492.49826528,71.964703518824,2761.99458964044,9671.01466931319,28624.3663151641,"adstockedMedia","1_178_1"
"680",2017-10-02,152968.933481076,106562.478014933,8.96945424051946,431.69701302593,9630.40055019698,36289.0228262246,"adstockedMedia","1_178_1"
"681",2017-10-09,110381.104951583,359643.065474299,18506.0512578913,5098.48437092211,7946.2789274357,24052.2204404377,"adstockedMedia","1_178_1"
"682",2017-10-16,47439.8294498823,109371.334849706,2306.53600743239,4678.43925610305,9721.94671272815,49662.215231173,"adstockedMedia","1_178_1"
"683",2017-10-23,64749.2989261851,79352.2024637368,287.47939144033,6299.10098610486,9599.56732476941,46777.3534897591,"adstockedMedia","1_178_1"
"684",2017-10-30,32473.3200654873,24131.8605581268,35.8305269185462,6790.99149728363,10021.6754839713,15827.1403356155,"adstockedMedia","1_178_1"
"685",2017-11-06,35105.4668971375,325863.025717028,23044.3769152608,4521.30542639728,10770.8071103627,29691.2941780324,"adstockedMedia","1_178_1"
"686",2017-11-13,15087.7033083624,99098.4604522631,2872.17863947218,8993.68479325827,1675.11938007155,26433.3539982861,"adstockedMedia","1_178_1"
"687",2017-11-20,61711.7590151844,135441.977236375,1704.06819843478,4574.85952639977,260.521324793905,25661.7857965029,"adstockedMedia","1_178_1"
"688",2017-11-27,26522.6129419228,41189.3659773192,9814.16747691114,3792.40319078283,12952.8573338247,47546.4037671542,"adstockedMedia","1_178_1"
"689",2017-12-04,40322.4924833621,100368.263741579,1223.20695825452,2539.90995096149,12653.9999324228,27396.2722063292,"adstockedMedia","1_178_1"
"690",2017-12-11,17329.8878213253,30523.0714444246,152.456666980905,3118.20489791889,11497.2117499302,44272.1769816431,"adstockedMedia","1_178_1"
"691",2017-12-18,71197.129913015,101123.995208113,19.0017193330012,1746.8162953134,13148.0593083602,53735.8468965484,"adstockedMedia","1_178_1"
"692",2017-12-25,121014.976112503,30752.897533727,15036.8127589613,6253.94756402835,12544.4404774312,70249.0994597191,"adstockedMedia","1_178_1"
"693",2018-01-01,52010.0775415947,9352.28780047289,7165.82992428528,4720.30405987208,13603.7619609985,94253.8835388636,"adstockedMedia","1_178_1"
"694",2018-01-08,22353.0033453704,6791.33158164852,893.126497553201,6524.28584918275,13958.7902508328,96848.8645588593,"adstockedMedia","1_178_1"
"695",2018-01-15,48696.162007731,2065.31717638511,15591.9831434823,1019.73940274307,13355.0276018369,33330.4261311395,"adstockedMedia","1_178_1"
"696",2018-01-22,20928.7415769566,57439.2852271442,21290.7579477399,159.38425653699,9936.74271026895,17633.5448583568,"adstockedMedia","1_178_1"
"697",2018-01-29,34163.9997118437,17467.9061024596,2653.61308837015,24.9116011046693,10445.6082938854,17709.0995435113,"adstockedMedia","1_178_1"
"698",2018-02-05,14683.0775101101,5312.17863171022,5077.53798687927,774.726735290451,12917.0894205827,60295.9929329981,"adstockedMedia","1_178_1"
"699",2018-02-12,15475.7380665707,55801.0908121028,632.848360389621,121.089019794118,2008.91786481976,33681.3730169544,"adstockedMedia","1_178_1"
"700",2018-02-19,6651.19609747698,16969.7135134265,6390.29845087532,18.9260936105467,312.435011958748,27378.3124029429,"adstockedMedia","1_178_1"
"701",2018-02-26,15214.6720763936,61331.8728925327,10799.2666945845,2.95812964680202,8854.71979581038,25808.9236152709,"adstockedMedia","1_178_1"
"702",2018-03-05,6538.99459292964,18651.6839918554,1345.98662555324,0.462352727792319,9352.32720598588,24190.2499754875,"adstockedMedia","1_178_1"
"703",2018-03-12,55930.5965383443,96276.4449212197,20654.5595384395,0.0722652724596101,7846.51338885977,14439.9043519903,"adstockedMedia","1_178_1"
"704",2018-03-19,24037.9724589012,29278.7052121557,2574.31932016031,0.0112949903607088,7451.49399665721,16398.7592405315,"adstockedMedia","1_178_1"
"705",2018-03-26,30074.9316689179,90819.1700167759,3310.01061662898,0.00176539578287496,6316.2662117275,27793.6689689243,"adstockedMedia","1_178_1"
"706",2018-04-02,12925.6690238438,27619.0890586962,412.549309728226,0.000275929608672733,7443.29304225512,17149.2912650839,"adstockedMedia","1_178_1"
"707",2018-04-09,5555.22192213737,19656.8628460631,51.4188480551067,4.3127523969893e-05,7629.57296262188,45390.4152173559,"adstockedMedia","1_178_1"
"708",2018-04-16,2387.53526392078,5977.86398465996,6.40868345424178,1819.96215313247,7067.40180146755,32365.6759041704,"adstockedMedia","1_178_1"
"709",2018-04-23,1026.12005719333,160171.532907145,0.798758143563532,284.458278185769,5393.71304592066,10194.0659555151,"adstockedMedia","1_178_1"
"710",2018-04-30,441.008092188493,48709.890557392,0.0995547020639271,12689.5010066637,4180.66283759599,9250.23006691561,"adstockedMedia","1_178_1"
"711",2018-05-07,189.537409401881,74487.3363729058,0.0124081848590868,1983.356412758,5966.17081053632,2520.70424410512,"adstockedMedia","1_178_1"
"712",2018-05-14,81.4597967681316,22652.4023138324,6803.64599096156,12880.9867452023,927.882956879918,19998.6246723655,"adstockedMedia","1_178_1"
"713",2018-05-21,982.116633883405,33177.3731761065,847.985031560103,2013.28544363816,144.308101294677,24137.8681488349,"adstockedMedia","1_178_1"
"714",2018-05-28,422.096205974365,10089.5969905387,4311.11240873476,1602.74544735257,4453.0426006578,34284.4989210841,"adstockedMedia","1_178_1"
"715",2018-06-04,181.409418139541,3068.35525799859,537.323487558974,250.507522664295,6318.23724152901,34827.4950558111,"adstockedMedia","1_178_1"
"716",2018-06-11,8392.64653114604,933.119925217637,5491.63697569818,39.1540771587029,4701.32909654708,15923.0912018825,"adstockedMedia","1_178_1"
"717",2018-06-18,3607.00973454973,17746.7051660011,684.460355571189,6.1197433987006,6339.12815818125,27126.0179339213,"adstockedMedia","1_178_1"
"718",2018-06-25,1550.22842637934,5396.96443369469,10469.4423186909,3396.94609640477,5621.4133031921,23413.1734728364,"adstockedMedia","1_178_1"
"719",2018-07-02,15288.2071846063,169742.608422208,1304.87835299276,530.939303331125,4591.1062721848,20197.8716544209,"adstockedMedia","1_178_1"
"720",2018-07-09,6570.59867040035,51620.5578426052,11650.5470437882,8979.5472970633,5771.71157760164,19926.4013678737,"adstockedMedia","1_178_1"
"721",2018-07-16,11679.7127402835,75216.2350183169,1452.08753008957,1403.49433015071,6246.0213558092,13732.1098740854,"adstockedMedia","1_178_1"
"722",2018-07-23,14748.6254755846,22874.0682528478,5353.65028804656,219.364770806363,6495.91771283356,25729.134397097,"adstockedMedia","1_178_1"
"723",2018-07-30,6338.6960792685,6956.25084542616,667.262128938208,34.2864959531123,10087.4494112548,14999.3537342456,"adstockedMedia","1_178_1"
"724",2018-08-06,15765.7518109689,94689.870903103,7283.29878583016,5.35894528743848,10535.5154327223,62870.2519598696,"adstockedMedia","1_178_1"
"725",2018-08-13,6775.83883029263,28796.2109425375,907.767446890777,4732.10376197797,1638.52586900535,34291.027061751,"adstockedMedia","1_178_1"
"726",2018-08-20,64475.2546323718,115189.238305834,113.141278679627,739.623121289531,254.830154304659,27522.6949419403,"adstockedMedia","1_178_1"
"727",2018-08-27,27710.3140509339,35030.2896490305,14.101573024133,3915.05996605236,9630.01636154742,54538.1172989596,"adstockedMedia","1_178_1"
"728",2018-09-03,23570.8118953028,78866.422206418,774.202020141622,611.919986918666,12412.1783122057,83771.0987530089,"adstockedMedia","1_178_1"
"729",2018-09-10,10130.3143939255,23984.1295428866,632.494104095928,95.6424866125621,12531.8491691939,66064.2580772597,"adstockedMedia","1_178_1"
"730",2018-09-17,4353.82837789417,53414.3657887272,9763.89874192982,3601.45747183482,12913.4683919534,90640.8001051391,"adstockedMedia","1_178_1"
"731",2018-09-24,2759.13108762249,45563.8846937285,1216.94162127545,562.904228329212,13297.011869726,22513.1888453573,"adstockedMedia","1_178_1"
"732",2018-10-01,157889.265312078,40083.6687277345,2850.12021953547,1074.91974754071,14444.9358048851,39800.7309942659,"adstockedMedia","1_178_1"
"733",2018-10-08,67857.989115598,12189.8759500453,2945.05223970456,1928.27847780224,14989.6825950314,31657.8877538056,"adstockedMedia","1_178_1"
"734",2018-10-15,73653.6729758919,66814.2727404421,1406.17315692444,3399.1211893122,12983.6920468736,56906.4426106129,"adstockedMedia","1_178_1"
"735",2018-10-22,31655.0344904263,20318.9409115875,175.260998358473,531.279268193734,13397.1577020745,63051.9821336522,"adstockedMedia","1_178_1"
"736",2016-01-04,144641.757895799,138513.845537217,46686.7026224412,44383.9899797661,22087.1233136102,64503.6068947734,"decompMedia","1_178_1"
"737",2016-01-11,96910.430613271,79996.6225906952,128404.363184783,85064.7690710928,19921.857561634,46108.4908473047,"decompMedia","1_178_1"
"738",2016-01-18,51716.4990289645,40769.5243167818,37933.8489891423,36445.0605975963,11925.4667615905,43676.3184635069,"decompMedia","1_178_1"
"739",2016-01-25,26826.4072113103,19259.9993751029,90786.0395510917,23548.3373791415,5602.25406152478,30905.0742980074,"decompMedia","1_178_1"
"740",2016-02-01,123133.883036816,59444.11540546,21784.9803894453,100.14732120306,9781.77459941083,16395.9577023869,"decompMedia","1_178_1"
"741",2016-02-08,66826.9269091104,29093.8658455431,53872.3008795281,17640.0333125565,5535.66880416022,15531.7783385449,"decompMedia","1_178_1"
"742",2016-02-15,289464.028735174,13451.8048627846,38514.1268967147,3770.83690863811,24.5813390405101,34865.4432610606,"decompMedia","1_178_1"
"743",2016-02-22,176067.429761475,6047.16163511112,7329.66028176859,15.15043090242,0.107303170455633,40209.7558944257,"decompMedia","1_178_1"
"744",2016-02-29,253054.676359782,2683.2494614389,1241.65116573477,14632.0450441503,1351.18817348064,3620.23641004458,"decompMedia","1_178_1"
"745",2016-03-07,149957.506021831,1183.64829953002,108627.909812174,60.6286923029091,9154.22679809789,7696.21109397002,"decompMedia","1_178_1"
"746",2016-03-14,175863.661468364,58978.9083474353,28614.3036090045,0.241093616819079,3279.34217058623,4905.37388300714,"decompMedia","1_178_1"
"747",2016-03-21,98819.6761863216,28840.2935377969,5240.27146210005,0.000958563066973376,4517.18205018913,6964.80481459452,"decompMedia","1_178_1"
"748",2016-03-28,52799.5822602255,76131.2381952292,98700.5277910418,134993.74774939,3339.20054102702,11566.8994947422,"decompMedia","1_178_1"
"749",2016-04-04,27406.6026763449,38500.5936120973,24658.135934833,1757.83028123699,1657.60054761925,11807.979853458,"decompMedia","1_178_1"
"750",2016-04-11,14005.5686622424,77686.132025722,4448.72247688347,7.02308508950851,1317.57637565681,3057.03900729557,"decompMedia","1_178_1"
"751",2016-04-18,91759.7421455317,39409.0792813287,746.044947582031,9761.32943684266,2357.76898292861,13050.6088057266,"decompMedia","1_178_1"
"752",2016-04-25,48807.6955491142,18570.262573615,123.515602618574,39.8867024499273,1164.3513301709,7209.4562185609,"decompMedia","1_178_1"
"753",2016-05-02,25272.0382038394,8424.54001664284,94489.2548409246,0.158602756106297,789.931472185035,4923.74778557285,"decompMedia","1_178_1"
"754",2016-05-09,12897.9515016627,63748.5679812922,23100.551788685,0.000630587867270103,1164.05241426375,1304.08255825719,"decompMedia","1_178_1"
"755",2016-05-16,6533.40954763477,31461.8826635516,4143.49181948311,47871.1734768542,5.09923546806457,28467.5108096084,"decompMedia","1_178_1"
"756",2016-05-23,3296.78837910954,103337.099186988,694.11919158113,219.371741979226,0.0222579953941306,38578.7328836071,"decompMedia","1_178_1"
"757",2016-05-30,1660.33792501392,55255.7362421835,114.898202307863,0.872728018361243,844.377330473352,16207.3191136161,"decompMedia","1_178_1"
"758",2016-06-06,835.36236645747,26827.1564541775,18.981355541396,0.00346988160948002,497.31458887536,5112.17135190146,"decompMedia","1_178_1"
"759",2016-06-13,420.08601359559,12352.7392476537,3.13471533218318,1.37958781980153e-05,1365.12656737043,6733.03998647003,"decompMedia","1_178_1"
"760",2016-06-20,137158.081159393,101769.937975196,0.517660888869329,15269.0020150531,1299.04603668024,1590.05404546873,"decompMedia","1_178_1"
"761",2016-06-27,75120.5371757218,54238.5893602003,0.0854847597827552,63.3843148147962,800.530580406996,1798.66566884694,"decompMedia","1_178_1"
"762",2016-07-04,104741.846800764,26282.1600556072,55499.0570349964,0.252053435424542,1108.15227292102,2425.07082252579,"decompMedia","1_178_1"
"763",2016-07-11,56175.973301001,12089.8326314625,11323.3498768174,0.00100213819267474,2472.62253706261,7632.45632003926,"decompMedia","1_178_1"
"764",2016-07-18,44977.1246398078,151528.981453182,53260.2085711327,15649.4414793893,1250.6829293212,6180.23328177806,"decompMedia","1_178_1"
"765",2016-07-25,23233.6123918435,90185.5493943598,10764.2953179217,65.0350236628481,3014.79123760886,18372.9253999056,"decompMedia","1_178_1"
"766",2016-08-01,172758.821240323,124038.047437085,1845.81835591845,57140.7962336129,4179.20094654158,17911.1670480627,"decompMedia","1_178_1"
"767",2016-08-08,96873.3086219034,69350.8354861552,13763.753563778,269.822236891419,5125.86909516291,29877.1852394878,"decompMedia","1_178_1"
"768",2016-08-15,191084.136939493,34603.92313956,2385.67427405736,2002.82895673106,22.732446840752,38946.3966624073,"decompMedia","1_178_1"
"769",2016-08-22,108479.591683901,16161.7335578009,100103.443219291,1256.96524818661,0.0992317682932055,41207.2995606375,"decompMedia","1_178_1"
"770",2016-08-29,177557.363227018,114456.202187396,25192.2671082117,5.01499152421244,6309.30558207692,5877.86217157235,"decompMedia","1_178_1"
"771",2016-09-05,192077.851826591,106192.24869789,40623.0371915267,33.6653604152334,5400.76821041008,2412.9202986721,"decompMedia","1_178_1"
"772",2016-09-12,109117.20227259,126148.632392256,7796.08722027843,0.133862333776177,11909.1765451649,12017.9667275288,"decompMedia","1_178_1"
"773",2016-09-19,58686.9725988295,88556.1453458912,131577.689555093,57766.5535234341,14602.0681939257,23640.9042232507,"decompMedia","1_178_1"
"774",2016-09-26,30574.0808951283,123240.595038848,39644.3294645011,273.338874551567,6733.23687081657,4425.49013645024,"decompMedia","1_178_1"
"775",2016-10-03,410409.745820612,120115.299329615,84528.9460383874,32794.7379164135,10839.643307687,18297.1120200083,"decompMedia","1_178_1"
"776",2016-10-10,273662.166548839,66581.9475287778,92368.1591793116,53252.6416550617,21760.2046903409,48767.3126603527,"decompMedia","1_178_1"
"777",2016-10-17,360629.515467342,60776.3872541987,22341.0329064226,101737.534544682,22517.6191965656,64774.3353742275,"decompMedia","1_178_1"
"778",2016-10-24,231304.568454945,118074.938783594,81355.0135218092,117906.640758141,16057.4278129143,42346.5723967372,"decompMedia","1_178_1"
"779",2016-10-31,369160.175587946,65160.4328997678,18644.3464535963,144957.287780653,18835.3547209297,27899.8269372228,"decompMedia","1_178_1"
"780",2016-11-07,238332.514486802,113593.845785883,91099.1512635261,124985.709282682,30472.5310206181,68003.185024698,"decompMedia","1_178_1"
"781",2016-11-14,297838.446174892,62082.3281226296,21894.3287181229,85017.103431658,146.771575626226,47787.1356443716,"decompMedia","1_178_1"
"782",2016-11-21,206404.046538768,113940.759218924,70325.2853055798,166318.59217106,0.640932515656248,43286.3792787473,"decompMedia","1_178_1"
"783",2016-11-28,118405.934183671,62318.5021983927,54823.2446890331,96131.3675338285,85314.7005293784,67702.8053900672,"decompMedia","1_178_1"
"784",2016-12-05,141156.684554514,138581.923829243,11153.4791679936,13537.5253185797,91575.3469574457,149941.295253944,"decompMedia","1_178_1"
"785",2016-12-12,77513.1585886489,80048.3466874224,1915.21239728023,16641.6266313853,62729.91390498,66392.7288461651,"decompMedia","1_178_1"
"786",2016-12-19,40860.261372622,157739.012469725,318.365323395764,3171.42260904026,47635.4310602429,11933.4178256884,"decompMedia","1_178_1"
"787",2016-12-26,362329.023832449,95269.6049246705,52.631224441853,107673.36070301,117217.915829179,1172.93008882194,"decompMedia","1_178_1"
"788",2017-01-02,326773.007538497,174870.52092138,136259.429585352,100706.505937623,79283.8555999316,110880.24076492,"decompMedia","1_178_1"
"789",2017-01-09,204294.263588877,110107.455472966,42295.8483117425,101181.727493267,85869.2741123085,64275.8547581452,"decompMedia","1_178_1"
"790",2017-01-16,144776.854489097,59728.2948017156,27679.9783936055,93104.6712099362,83682.6388679003,97096.7974637153,"decompMedia","1_178_1"
"791",2017-01-23,79690.1815388677,29248.9887429573,88230.9314597249,185403.848800236,82044.0442187106,38620.4421570977,"decompMedia","1_178_1"
"792",2017-01-30,224771.564027712,13527.3518210226,20905.2699886933,119213.875655877,98589.1047394117,64802.9823221908,"decompMedia","1_178_1"
"793",2017-02-06,130584.93991381,6081.93743937783,3719.2693308989,707.09126357311,46026.5606038252,11100.0275771778,"decompMedia","1_178_1"
"794",2017-02-13,71214.4693240258,102954.60979417,622.133728606424,164890.906176061,234.04852828031,33356.962480182,"decompMedia","1_178_1"
"795",2017-02-20,37391.7887248285,55006.8667687795,86746.216778347,1205.10245632302,1.02233437305936,39833.3433298433,"decompMedia","1_178_1"
"796",2017-02-27,19225.3795900104,26693.6139895479,20404.1932582011,279809.979368618,15380.0680177425,62466.2104660594,"decompMedia","1_178_1"
"797",2017-03-06,9775.9432110982,12288.2701765236,100832.207940856,4917.89712944728,37100.5082512792,27654.0788892002,"decompMedia","1_178_1"
"798",2017-03-13,86370.4239238501,5512.73652408113,25472.8369884692,19.8226195575073,31808.0587821578,57319.7417904706,"decompMedia","1_178_1"
"799",2017-03-20,45784.4247930958,2443.82967154282,118846.648656771,0.0788169352493765,15069.2059137273,55074.2321159742,"decompMedia","1_178_1"
"800",2017-03-27,23662.4133495156,41943.5660988955,33162.7136503695,12537.0425410366,36002.1224741204,65897.3800763351,"decompMedia","1_178_1"
"801",2017-04-03,12064.6265752764,19858.0464432992,6180.31557694074,51.6361624775003,18076.6027418886,6891.15249362606,"decompMedia","1_178_1"
"802",2017-04-10,6108.21440908331,176646.152369657,1042.72857466933,0.205329177796244,9403.04291711082,1051.3101473628,"decompMedia","1_178_1"
"803",2017-04-17,67511.00998273,111717.846501474,172.811250044272,0.000816367308011292,9820.97814810847,12497.9338577185,"decompMedia","1_178_1"
"804",2017-04-24,35365.1741518587,155223.260064842,28.5543599657762,3.24578908765956e-06,8952.51352515811,30033.5108623839,"decompMedia","1_178_1"
"805",2017-05-01,204877.24944667,93191.9905137104,4.71582406923829,1.29049101727806e-08,5970.38667448413,9583.98335640174,"decompMedia","1_178_1"
"806",2017-05-08,117407.332128439,154466.667572071,0.778766387988678,5.13085422584043e-11,3627.96808683965,10642.7853400076,"decompMedia","1_178_1"
"807",2017-05-15,63483.5348423513,92571.9948120006,0.12860294980372,2.03997274946946e-13,16.0144892975608,33189.4382525391,"decompMedia","1_178_1"
"808",2017-05-22,33171.8773757645,77330.2173463896,0.0212370256615981,37664.517041536,0.0699050678930968,39791.2578524068,"decompMedia","1_178_1"
"809",2017-05-29,17011.6129574857,39200.6289867306,68568.0143995119,167.161173232004,2051.3778353788,10567.8598415846,"decompMedia","1_178_1"
"810",2017-06-05,80607.150103894,62752.8647600842,14811.1847927904,24588.8568718478,3157.42437244142,2049.38696768672,"decompMedia","1_178_1"
"811",2017-06-12,42574.1049016967,30910.5953268297,2576.95644185319,104.895340509733,5014.9228898402,3082.86726817309,"decompMedia","1_178_1"
"812",2017-06-19,204933.113219714,14339.2651646453,429.349191480311,34.3356338595224,8619.00419888653,3748.87694512481,"decompMedia","1_178_1"
"813",2017-06-26,117443.833082341,114045.757239587,51765.8590902675,0.136527770495403,5093.46280738055,680.104348432443,"decompMedia","1_178_1"
"814",2017-07-03,91902.0025026013,62390.0531230251,84263.9487224106,119126.498476832,20531.9120874961,10532.3470112983,"decompMedia","1_178_1"
"815",2017-07-10,48887.7802840947,30710.2482495885,19582.5152557292,706.318397691592,20744.4953232671,7419.30908907232,"decompMedia","1_178_1"
"816",2017-07-17,94273.8512048002,96825.2294274863,130603.919952456,2.81374233662302,17557.5629864154,1959.35419751307,"decompMedia","1_178_1"
"817",2017-07-24,50225.1348815071,51072.7402074893,39112.2589992515,0.0111872255607984,19120.1731948608,19205.0619131212,"decompMedia","1_178_1"
"818",2017-07-31,103119.509408008,129771.607796361,26287.0308667456,4.44792133779542e-05,23990.8777566741,14568.1684605012,"decompMedia","1_178_1"
"819",2017-08-07,55248.4912225731,117313.724272295,82084.2874226607,1.76844593952895e-07,53599.7934491032,11577.5659126551,"decompMedia","1_178_1"
"820",2017-08-14,199958.458873997,64633.323242346,18877.0945095907,7.03115186430739e-10,280.164901498372,33529.1413199987,"decompMedia","1_178_1"
"821",2017-08-21,114204.331690817,31953.5370265614,90279.3440610512,3081.22385094716,1.22394654630553,39876.5377407751,"decompMedia","1_178_1"
"822",2017-08-28,384101.423690872,14851.4045387135,21608.7487842144,2202.00913598192,76560.99142774,85275.4233155932,"decompMedia","1_178_1"
"823",2017-09-04,250867.024931058,6692.94128790514,3854.45919180264,8.80859210991438,43676.1343372221,53276.8656183941,"decompMedia","1_178_1"
"824",2017-09-11,294658.392788481,110968.98842361,51549.8151787342,272.173307654842,43461.0211630313,6947.45566671472,"decompMedia","1_178_1"
"825",2017-09-18,179905.354606598,60306.7363762155,10344.2389125314,1.08294705336993,60765.2030655916,23353.6299895396,"decompMedia","1_178_1"
"826",2017-09-25,342356.887869168,113557.658429455,1771.1353801293,13304.7748540979,107368.264049042,51077.6613307816,"decompMedia","1_178_1"
"827",2017-10-02,418622.526706216,94224.3749578844,294.268850035943,54.9189975185651,106488.473510381,74715.2176721173,"decompMedia","1_178_1"
"828",2017-10-09,363787.205746584,157933.350730598,114578.647867271,69257.0293746168,70749.2452159415,38167.5699120728,"decompMedia","1_178_1"
"829",2017-10-16,233895.291064116,95431.1336665121,31198.9835594066,56046.0075512738,108471.463374663,118553.619896615,"decompMedia","1_178_1"
"830",2017-10-23,278674.384790986,81200.8623201719,5770.42567243156,111245.128916376,105820.550538365,109033.937218728,"decompMedia","1_178_1"
"831",2017-10-30,185676.872526253,41483.6142450412,972.174568254486,129153.92510747,114955.546337696,18408.5215367846,"decompMedia","1_178_1"
"832",2017-11-06,194985.040406947,152418.085912888,126095.940554532,51397.7471481577,130986.484680487,54239.4912072547,"decompMedia","1_178_1"
"833",2017-11-13,110987.524319291,90904.3396336431,36730.8915892514,202938.152262869,957.774264448954,44752.0927033675,"decompMedia","1_178_1"
"834",2017-11-20,271480.411183514,105677.115901641,24743.7782168394,52962.4464915197,4.19294468849585,42583.3040284753,"decompMedia","1_178_1"
"835",2017-11-27,163000.702018569,56787.0654130895,82650.4452998263,32328.4825151822,174157.789470673,111574.340272505,"decompMedia","1_178_1"
"836",2017-12-04,212315.771106893,91481.2644899095,19058.9066532387,10450.7186499531,168663.919858453,47502.8417148204,"decompMedia","1_178_1"
"837",2017-12-11,122292.2724452,47723.6579923097,3367.77264989879,18792.2770063151,146072.298015608,100758.62440867,"decompMedia","1_178_1"
"838",2017-12-18,293156.8666843,91822.2082566964,562.649733563578,3495.65053731188,177663.925765809,131902.839371864,"decompMedia","1_178_1"
"839",2017-12-25,379146.70615204,47935.1288394,103788.153689952,109604.612731497,166612.579105115,183274.184977905,"decompMedia","1_178_1"
"840",2018-01-01,246678.178919094,22951.3754835015,68515.2934340986,57313.1238845423,185589.45063128,245861.373145522,"decompMedia","1_178_1"
"841",2018-01-08,145522.543440568,18658.2152872079,14796.2920604267,119444.437244337,191507.72033693,251690.563738998,"decompMedia","1_178_1"
"842",2018-01-15,237486.926828036,8465.77196724205,105657.131267269,709.133297151128,181308.943307348,65362.4347808088,"decompMedia","1_178_1"
"843",2018-01-22,139199.494309685,68370.8429807892,121938.248015999,2.82497801239011,113120.266764241,22288.5430915326,"decompMedia","1_178_1"
"844",2018-01-29,191702.106372277,34049.3054256293,34647.0419628059,0.0112318981022277,124070.69728577,22457.030196827,"decompMedia","1_178_1"
"845",2018-02-05,108876.006688717,15886.4782302523,54844.8203367181,313.173357731303,173508.234294087,152953.14451333,"decompMedia","1_178_1"
"846",2018-02-12,112991.105408187,67297.7555599346,11158.8873608808,1.24622305754928,1624.82830972191,66459.1203711852,"decompMedia","1_178_1"
"847",2018-02-19,60921.9928958589,33444.4440601787,63747.8944709268,0.00495486662980121,7.12784776766006,47451.1047389,"decompMedia","1_178_1"
"848",2018-02-26,111645.389733408,70848.8111026103,87220.8547969458,1.97000199102193e-05,89754.8791760435,42994.3822054871,"decompMedia","1_178_1"
"849",2018-03-05,60144.3298943941,35455.8327686012,20563.585559707,7.83251716266794e-08,100467.730999343,38540.225308459,"decompMedia","1_178_1"
"850",2018-03-12,257057.858943307,89603.5219013921,120343.861759562,3.11412503031709e-10,68730.9418526781,15631.3418783354,"decompMedia","1_178_1"
"851",2018-03-19,152762.286591494,46564.2789575037,33874.8407104562,1.23814279663092e-12,60919.5861440535,19604.9428207159,"decompMedia","1_178_1"
"852",2018-03-26,176826.450385592,87011.4648737928,40722.9350627406,4.92272330084617e-15,40516.7275037119,48651.6975789405,"decompMedia","1_178_1"
"853",2018-04-02,99424.8785613919,44978.4357725365,7818.37647101584,1.9572221203107e-17,60760.7359521239,21220.2509962607,"decompMedia","1_178_1"
"854",2018-04-09,53143.4542324237,36618.2497040475,1326.72463109715,7.78170576350503e-20,64403.4109061266,104451.423288196,"decompMedia","1_178_1"
"855",2018-04-16,27590.9738979067,17166.18441651,220.093328980335,3944.91598038451,53642.7949458535,62367.720795935,"decompMedia","1_178_1"
"856",2018-04-23,14101.3735016973,114095.754299697,36.3728953522073,15.8575583041558,26789.4270839966,8340.43068591684,"decompMedia","1_178_1"
"857",2018-04-30,7148.19944306649,62424.1350198906,6.00723610425407,281842.986849853,13309.6729493826,6988.76220335694,"decompMedia","1_178_1"
"858",2018-05-07,3608.35026274073,78567.8139286993,0.992033257568045,5079.87909731591,34973.7035923118,639.280006880328,"decompMedia","1_178_1"
"859",2018-05-14,1817.58800846931,39926.7384375857,66329.94328239,284542.636723408,171.066025269558,27784.5191828428,"decompMedia","1_178_1"
"860",2018-05-21,13614.9061933312,50118.1055869703,14185.11496542,5308.18524987634,0.747079112820154,38398.66664146,"decompMedia","1_178_1"
"861",2018-05-28,6899.57104676002,24095.8650076281,49068.3487927068,2711.12062172682,15871.2652172957,68352.4054346201,"decompMedia","1_178_1"
"862",2018-06-04,3482.32311276041,11040.3652557939,9745.36691284818,10.8605507188218,40549.0305886739,70065.7424569218,"decompMedia","1_178_1"
"863",2018-06-11,72517.3359434029,4941.99807525189,57778.0152654752,0.0431816846870956,18440.7327587222,18607.2718525628,"decompMedia","1_178_1"
"864",2018-06-18,38106.984740698,34384.3858507508,11903.4365105135,0.000171685779169843,40892.1456596864,46726.0249169685,"decompMedia","1_178_1"
"865",2018-06-25,19601.7084222505,16052.7105842744,85726.3724410682,23888.5032885709,29909.6503585763,36457.630715854,"decompMedia","1_178_1"
"866",2018-07-02,112025.382665453,117079.817425146,20064.2020783076,101.69632145658,17272.3477084707,28267.6636585359,"decompMedia","1_178_1"
"867",2018-07-09,60363.7840561918,64471.7022688569,90923.6949805456,202522.947896694,32067.8216089325,27610.1328800898,"decompMedia","1_178_1"
"868",2018-07-16,92423.6719801386,78969.2815261504,21833.0118122579,1830.25875471331,39373.349832159,14285.8853542468,"decompMedia","1_178_1"
"869",2018-07-23,109219.634069651,40163.0572305756,56814.2363576761,7.31393172174176,43509.5794873997,42771.3156945742,"decompMedia","1_178_1"
"870",2018-07-30,58745.9267926117,18952.0932702939,11656.7391555831,0.029079998239679,116375.202694415,16729.37937378,"decompMedia","1_178_1"
"871",2018-08-06,114475.236843445,88860.5685173974,69209.3473947466,0.000115618971272619,125990.613242168,161005.331736792,"decompMedia","1_178_1"
"872",2018-08-13,61781.2070686731,46108.0144165685,14992.9164590031,57672.3754441166,898.116335944504,68372.9553950597,"decompMedia","1_178_1"
"873",2018-08-20,278035.559751797,97861.6333134771,2610.29204324459,272.808685888023,3.93105042186792,47867.4818695968,"decompMedia","1_178_1"
"874",2018-08-27,167724.418820238,51730.8937109517,434.953512958894,35228.7138608946,106480.151017882,134511.46744932,"decompMedia","1_178_1"
"875",2018-09-03,150780.129362279,80942.7455156298,13169.3359207775,155.183837843439,164110.122281297,220464.470928021,"decompMedia","1_178_1"
"876",2018-09-10,83323.2220260732,41330.2646973076,11153.7325676019,0.617259231399867,166375.565640271,170800.551643425,"decompMedia","1_178_1"
"877",2018-09-17,44084.1287899107,65700.2531614586,82408.3538657838,28077.6341929652,173442.353604331,237445.768479484,"decompMedia","1_178_1"
"878",2018-09-24,30912.7956327542,60130.3154010435,18981.0423400279,121.031248992594,180294.785554265,34093.7532781756,"decompMedia","1_178_1"
"879",2018-10-01,423966.296156692,55911.2010646408,36523.4653577497,829.362410751033,199243.907528722,86069.1392849328,"decompMedia","1_178_1"
"880",2018-10-08,285785.134985631,27179.486027066,37411.6984147575,4676.48962439379,207409.187763272,60190.5570557001,"decompMedia","1_178_1"
"881",2018-10-15,298414.036215025,74180.6858969158,21287.0519494069,23931.058112541,174715.998461397,142161.236659311,"decompMedia","1_178_1"
"882",2018-10-22,182698.409893525,37368.8677400132,3792.55018091364,101.89032132817,182041.686261957,161568.644454775,"decompMedia","1_178_1"
