order_id,order_date,gross,returns,net_cash,last_click_channel
ORD-000001,2024-01-01,72.91,0.0,72.91,Microsoft
ORD-000002,2024-01-01,36.31,0.0,36.31,Google
ORD-000003,2024-01-01,87.58,0.0,87.58,Direct
ORD-000004,2024-01-01,57.87,0.0,57.87,Meta
ORD-000005,2024-01-01,78.51,0.0,78.51,Email
ORD-000006,2024-01-01,74.93,0.0,74.93,Google
ORD-000007,2024-01-01,76.08,0.0,76.08,Direct
ORD-000008,2024-01-01,69.54,0.0,69.54,Email
ORD-000009,2024-01-01,91.99,0.0,91.99,Google
ORD-000010,2024-01-01,51.84,0.0,51.84,Direct
ORD-000011,2024-01-01,59.35,0.0,59.35,Meta
ORD-000012,2024-01-01,53.29,0.0,53.29,Meta
ORD-000013,2024-01-01,121.62,0.0,121.62,Google
ORD-000014,2024-01-01,89.37,0.0,89.37,Microsoft
ORD-000015,2024-01-01,58.76,0.0,58.76,Google
ORD-000016,2024-01-01,31.85,0.0,31.85,Google
ORD-000017,2024-01-01,69.14,0.0,69.14,Meta
ORD-000018,2024-01-01,87.68,0.0,87.68,Direct
ORD-000019,2024-01-01,65.56,61.24,4.32,Meta
ORD-000020,2024-01-01,37.17,0.0,37.17,Direct
ORD-000021,2024-01-01,66.87,0.0,66.87,Meta
ORD-000022,2024-01-01,46.73,0.0,46.73,Meta
ORD-000023,2024-01-01,62.06,0.0,62.06,Microsoft
ORD-000024,2024-01-01,53.55,0.0,53.55,Google
ORD-000025,2024-01-01,69.72,0.0,69.72,Email
ORD-000026,2024-01-01,55.62,0.0,55.62,Meta
ORD-000027,2024-01-01,80.28,0.0,80.28,Meta
ORD-000028,2024-01-01,79.71,0.0,79.71,Meta
ORD-000029,2024-01-01,80.81,0.0,80.81,Direct
ORD-000030,2024-01-01,36.81,0.0,36.81,Google
ORD-000031,2024-01-01,78.73,0.0,78.73,Meta
ORD-000032,2024-01-01,64.43,0.0,64.43,Direct
ORD-000033,2024-01-01,51.44,37.07,14.37,Email
ORD-000034,2024-01-01,73.57,0.0,73.57,Google
ORD-000035,2024-01-01,54.97,0.0,54.97,Email
ORD-000036,2024-01-01,82.21,0.0,82.21,Google
ORD-000037,2024-01-01,48.87,0.0,48.87,Meta
ORD-000038,2024-01-01,57.98,22.0,35.98,Meta
ORD-000039,2024-01-01,41.72,0.0,41.72,Meta
ORD-000040,2024-01-01,51.45,0.0,51.45,Meta
ORD-000041,2024-01-01,73.43,0.0,73.43,Meta
ORD-000042,2024-01-01,63.34,59.79,3.55,Meta
ORD-000043,2024-01-01,94.5,0.0,94.5,Google
ORD-000044,2024-01-01,77.07,0.0,77.07,Meta
ORD-000045,2024-01-01,27.12,0.0,27.12,Meta
ORD-000046,2024-01-01,30.46,0.0,30.46,Email
ORD-000047,2024-01-01,91.27,0.0,91.27,Direct
ORD-000048,2024-01-01,87.08,0.0,87.08,Google
ORD-000049,2024-01-01,70.81,0.0,70.81,Meta
ORD-000050,2024-01-01,95.11,0.0,95.11,Meta
ORD-000051,2024-01-01,66.88,0.0,66.88,Meta
ORD-000052,2024-01-01,48.09,0.0,48.09,Direct
ORD-000053,2024-01-01,43.18,0.0,43.18,Email
ORD-000054,2024-01-01,82.09,0.0,82.09,Direct
ORD-000055,2024-01-01,61.49,0.0,61.49,Email
ORD-000056,2024-01-01,73.73,0.0,73.73,Meta
ORD-000057,2024-01-01,71.1,0.0,71.1,Google
ORD-000058,2024-01-01,61.23,0.0,61.23,Email
ORD-000059,2024-01-01,49.9,0.0,49.9,Meta
ORD-000060,2024-01-01,68.4,41.54,26.86,Microsoft
ORD-000061,2024-01-01,83.32,0.0,83.32,Google
ORD-000062,2024-01-01,69.01,0.0,69.01,Meta
ORD-000063,2024-01-01,68.87,0.0,68.87,Meta
ORD-000064,2024-01-01,69.09,0.0,69.09,Meta
ORD-000065,2024-01-01,70.3,14.31,55.99,Direct
ORD-000066,2024-01-01,79.61,0.0,79.61,TikTok
ORD-000067,2024-01-02,52.49,0.0,52.49,Google
ORD-000068,2024-01-02,99.76,0.0,99.76,Meta
ORD-000069,2024-01-02,48.91,0.0,48.91,Google
ORD-000070,2024-01-02,41.51,0.0,41.51,Meta
ORD-000071,2024-01-02,86.94,0.0,86.94,Meta
ORD-000072,2024-01-02,46.04,0.0,46.04,Google
ORD-000073,2024-01-02,71.21,0.0,71.21,Email
ORD-000074,2024-01-02,71.93,0.0,71.93,Google
ORD-000075,2024-01-02,72.34,54.1,18.24,Google
ORD-000076,2024-01-02,60.99,0.0,60.99,Direct
ORD-000077,2024-01-02,61.01,0.0,61.01,Google
ORD-000078,2024-01-02,70.89,0.0,70.89,Email
ORD-000079,2024-01-02,49.57,0.0,49.57,Google
ORD-000080,2024-01-02,95.77,0.0,95.77,Google
ORD-000081,2024-01-02,68.83,0.0,68.83,Meta
ORD-000082,2024-01-02,46.45,0.0,46.45,TikTok
ORD-000083,2024-01-02,62.27,0.0,62.27,Google
ORD-000084,2024-01-02,54.72,0.0,54.72,Google
ORD-000085,2024-01-02,64.19,0.0,64.19,Direct
ORD-000086,2024-01-02,28.01,0.0,28.01,TikTok
ORD-000087,2024-01-02,71.19,23.38,47.81,Email
ORD-000088,2024-01-02,78.66,0.0,78.66,Meta
ORD-000089,2024-01-02,68.91,0.0,68.91,Direct
ORD-000090,2024-01-02,79.64,0.0,79.64,Meta
ORD-000091,2024-01-02,86.3,81.48,4.82,Meta
ORD-000092,2024-01-02,39.47,0.0,39.47,Google
ORD-000093,2024-01-02,85.08,0.0,85.08,Google
ORD-000094,2024-01-02,55.46,0.0,55.46,TikTok
ORD-000095,2024-01-02,52.68,0.0,52.68,TikTok
ORD-000096,2024-01-02,65.19,0.0,65.19,Meta
ORD-000097,2024-01-02,63.47,0.0,63.47,Direct
ORD-000098,2024-01-02,75.96,0.0,75.96,Meta
ORD-000099,2024-01-02,85.77,0.0,85.77,Email
ORD-000100,2024-01-02,68.88,0.0,68.88,Google
ORD-000101,2024-01-02,78.28,0.0,78.28,Google
ORD-000102,2024-01-02,103.88,0.0,103.88,Meta
ORD-000103,2024-01-02,74.3,0.0,74.3,Google
ORD-000104,2024-01-02,72.19,0.0,72.19,Direct
ORD-000105,2024-01-02,88.91,0.0,88.91,Google
ORD-000106,2024-01-02,66.63,0.0,66.63,TikTok
ORD-000107,2024-01-02,66.24,0.0,66.24,Google
ORD-000108,2024-01-02,100.59,0.0,100.59,Meta
ORD-000109,2024-01-02,81.66,0.0,81.66,Meta
ORD-000110,2024-01-02,67.82,0.0,67.82,Email
ORD-000111,2024-01-02,53.71,0.0,53.71,Google
ORD-000112,2024-01-02,59.83,36.99,22.84,Email
ORD-000113,2024-01-02,95.11,0.0,95.11,Meta
ORD-000114,2024-01-02,74.78,0.0,74.78,Google
ORD-000115,2024-01-02,60.05,0.0,60.05,TikTok
ORD-000116,2024-01-02,44.22,0.0,44.22,Microsoft
ORD-000117,2024-01-02,41.63,0.0,41.63,Email
ORD-000118,2024-01-02,92.42,0.0,92.42,Meta
ORD-000119,2024-01-02,36.91,0.0,36.91,Direct
ORD-000120,2024-01-02,39.82,0.0,39.82,Email
ORD-000121,2024-01-02,58.51,0.0,58.51,Google
ORD-000122,2024-01-02,65.7,0.0,65.7,Meta
ORD-000123,2024-01-02,56.44,0.0,56.44,Google
ORD-000124,2024-01-02,62.87,0.0,62.87,TikTok
ORD-000125,2024-01-02,70.16,0.0,70.16,Google
ORD-000126,2024-01-02,55.74,26.03,29.71,Meta
ORD-000127,2024-01-02,85.73,0.0,85.73,Direct
ORD-000128,2024-01-02,58.98,53.18,5.8,Meta
ORD-000129,2024-01-02,63.84,0.0,63.84,Google
ORD-000130,2024-01-02,69.39,0.0,69.39,Email
ORD-000131,2024-01-02,96.49,0.0,96.49,Google
ORD-000132,2024-01-03,61.15,0.0,61.15,Meta
ORD-000133,2024-01-03,67.5,0.0,67.5,Meta
ORD-000134,2024-01-03,78.9,0.0,78.9,Meta
ORD-000135,2024-01-03,72.67,0.0,72.67,Google
ORD-000136,2024-01-03,60.75,13.38,47.37,Meta
ORD-000137,2024-01-03,103.83,0.0,103.83,Email
ORD-000138,2024-01-03,60.24,0.0,60.24,Email
ORD-000139,2024-01-03,66.08,0.0,66.08,Google
ORD-000140,2024-01-03,127.21,0.0,127.21,Google
ORD-000141,2024-01-03,55.61,0.0,55.61,Google
ORD-000142,2024-01-03,56.72,0.0,56.72,TikTok
ORD-000143,2024-01-03,66.22,0.0,66.22,Direct
ORD-000144,2024-01-03,39.27,0.0,39.27,Email
ORD-000145,2024-01-03,77.48,0.0,77.48,Email
ORD-000146,2024-01-03,44.66,0.0,44.66,Direct
ORD-000147,2024-01-03,64.89,0.0,64.89,Direct
ORD-000148,2024-01-03,44.94,0.0,44.94,Direct
ORD-000149,2024-01-03,56.74,0.0,56.74,Email
ORD-000150,2024-01-03,97.13,0.0,97.13,Email
ORD-000151,2024-01-03,42.16,18.68,23.48,Meta
ORD-000152,2024-01-03,59.96,0.0,59.96,Meta
ORD-000153,2024-01-03,72.06,0.0,72.06,Direct
ORD-000154,2024-01-03,46.47,0.0,46.47,TikTok
ORD-000155,2024-01-03,36.18,0.0,36.18,Google
ORD-000156,2024-01-03,73.73,29.69,44.04,Direct
ORD-000157,2024-01-03,66.75,0.0,66.75,Direct
ORD-000158,2024-01-03,88.3,0.0,88.3,TikTok
ORD-000159,2024-01-03,95.5,0.0,95.5,Google
ORD-000160,2024-01-03,86.83,0.0,86.83,Meta
ORD-000161,2024-01-03,72.54,0.0,72.54,Meta
ORD-000162,2024-01-03,42.59,0.0,42.59,Meta
ORD-000163,2024-01-03,65.74,0.0,65.74,Meta
ORD-000164,2024-01-03,61.96,59.23,2.73,Direct
ORD-000165,2024-01-03,88.36,0.0,88.36,Meta
ORD-000166,2024-01-03,108.57,0.0,108.57,Google
ORD-000167,2024-01-03,56.41,0.0,56.41,Email
ORD-000168,2024-01-03,62.25,0.0,62.25,Direct
ORD-000169,2024-01-03,63.25,0.0,63.25,Meta
ORD-000170,2024-01-03,62.22,0.0,62.22,Google
ORD-000171,2024-01-03,69.87,0.0,69.87,Direct
ORD-000172,2024-01-03,49.62,0.0,49.62,Meta
ORD-000173,2024-01-03,45.45,0.0,45.45,Direct
ORD-000174,2024-01-03,52.74,0.0,52.74,Email
ORD-000175,2024-01-03,88.71,0.0,88.71,Meta
ORD-000176,2024-01-03,68.99,0.0,68.99,Meta
ORD-000177,2024-01-03,67.19,0.0,67.19,Google
ORD-000178,2024-01-03,66.35,0.0,66.35,Email
ORD-000179,2024-01-03,54.46,0.0,54.46,TikTok
ORD-000180,2024-01-03,54.99,0.0,54.99,TikTok
ORD-000181,2024-01-03,69.98,0.0,69.98,Email
ORD-000182,2024-01-03,88.15,0.0,88.15,Microsoft
ORD-000183,2024-01-03,82.77,0.0,82.77,Meta
ORD-000184,2024-01-03,70.6,0.0,70.6,Google
ORD-000185,2024-01-03,80.54,0.0,80.54,Google
ORD-000186,2024-01-03,64.26,0.0,64.26,Google
ORD-000187,2024-01-03,58.36,0.0,58.36,Meta
ORD-000188,2024-01-03,57.37,0.0,57.37,Google
ORD-000189,2024-01-03,77.67,0.0,77.67,Meta
ORD-000190,2024-01-03,54.98,0.0,54.98,Meta
ORD-000191,2024-01-03,50.86,0.0,50.86,Direct
ORD-000192,2024-01-03,76.75,0.0,76.75,Google
ORD-000193,2024-01-03,68.49,57.29,11.2,TikTok
ORD-000194,2024-01-03,43.4,24.9,18.5,Meta
ORD-000195,2024-01-04,62.58,0.0,62.58,Meta
ORD-000196,2024-01-04,102.68,0.0,102.68,Email
ORD-000197,2024-01-04,38.07,0.0,38.07,Direct
ORD-000198,2024-01-04,78.77,0.0,78.77,Google
ORD-000199,2024-01-04,79.1,0.0,79.1,Direct
ORD-000200,2024-01-04,89.4,0.0,89.4,Email
ORD-000201,2024-01-04,74.48,0.0,74.48,Direct
ORD-000202,2024-01-04,57.1,46.77,10.33,Microsoft
ORD-000203,2024-01-04,77.94,0.0,77.94,Meta
ORD-000204,2024-01-04,59.05,0.0,59.05,Email
ORD-000205,2024-01-04,53.21,0.0,53.21,Email
ORD-000206,2024-01-04,40.67,0.0,40.67,Meta
ORD-000207,2024-01-04,75.16,0.0,75.16,Google
ORD-000208,2024-01-04,73.93,0.0,73.93,Google
ORD-000209,2024-01-04,51.42,0.0,51.42,TikTok
ORD-000210,2024-01-04,52.69,0.0,52.69,Google
ORD-000211,2024-01-04,90.22,22.74,67.48,Meta
ORD-000212,2024-01-04,84.47,0.0,84.47,Google
ORD-000213,2024-01-04,81.94,0.0,81.94,Meta
ORD-000214,2024-01-04,74.33,0.0,74.33,Meta
ORD-000215,2024-01-04,61.78,0.0,61.78,Email
ORD-000216,2024-01-04,44.22,14.65,29.57,Meta
ORD-000217,2024-01-04,75.72,0.0,75.72,Meta
ORD-000218,2024-01-04,67.28,0.0,67.28,Google
ORD-000219,2024-01-04,83.42,17.12,66.3,Direct
ORD-000220,2024-01-04,85.72,0.0,85.72,TikTok
ORD-000221,2024-01-04,83.07,73.09,9.98,Meta
ORD-000222,2024-01-04,77.07,0.0,77.07,Google
ORD-000223,2024-01-04,42.05,31.6,10.45,Direct
ORD-000224,2024-01-04,73.89,0.0,73.89,Google
ORD-000225,2024-01-04,89.66,0.0,89.66,Direct
ORD-000226,2024-01-04,60.05,0.0,60.05,Meta
ORD-000227,2024-01-04,61.34,0.0,61.34,Meta
ORD-000228,2024-01-04,26.77,0.0,26.77,Email
ORD-000229,2024-01-04,55.09,0.0,55.09,Email
ORD-000230,2024-01-04,69.03,29.63,39.4,Meta
ORD-000231,2024-01-04,20.6,0.0,20.6,Direct
ORD-000232,2024-01-04,83.92,0.0,83.92,Meta
ORD-000233,2024-01-04,30.92,0.0,30.92,Google
ORD-000234,2024-01-04,24.84,0.0,24.84,Google
ORD-000235,2024-01-04,58.17,0.0,58.17,Google
ORD-000236,2024-01-04,78.09,0.0,78.09,Direct
ORD-000237,2024-01-04,72.33,0.0,72.33,Meta
ORD-000238,2024-01-04,69.56,0.0,69.56,Meta
ORD-000239,2024-01-04,53.56,0.0,53.56,Direct
ORD-000240,2024-01-04,67.41,0.0,67.41,Google
ORD-000241,2024-01-04,57.17,0.0,57.17,Google
ORD-000242,2024-01-04,91.73,0.0,91.73,Google
ORD-000243,2024-01-04,69.73,41.88,27.85,Meta
ORD-000244,2024-01-04,77.9,0.0,77.9,Direct
ORD-000245,2024-01-04,97.89,0.0,97.89,Email
ORD-000246,2024-01-04,114.07,0.0,114.07,Google
ORD-000247,2024-01-04,93.48,60.29,33.19,Google
ORD-000248,2024-01-04,75.86,0.0,75.86,TikTok
ORD-000249,2024-01-04,67.25,61.19,6.06,Meta
ORD-000250,2024-01-04,73.8,0.0,73.8,Email
ORD-000251,2024-01-04,51.65,0.0,51.65,Google
ORD-000252,2024-01-04,83.26,0.0,83.26,Meta
ORD-000253,2024-01-04,43.85,0.0,43.85,Direct
ORD-000254,2024-01-04,48.22,0.0,48.22,Google
ORD-000255,2024-01-04,79.94,0.0,79.94,Email
ORD-000256,2024-01-04,49.21,0.0,49.21,TikTok
ORD-000257,2024-01-04,55.86,0.0,55.86,Meta
ORD-000258,2024-01-04,66.67,0.0,66.67,Meta
ORD-000259,2024-01-04,59.83,0.0,59.83,TikTok
ORD-000260,2024-01-04,53.46,0.0,53.46,TikTok
ORD-000261,2024-01-04,79.99,0.0,79.99,Meta
ORD-000262,2024-01-04,64.03,0.0,64.03,Meta
ORD-000263,2024-01-05,52.39,0.0,52.39,Meta
ORD-000264,2024-01-05,84.61,0.0,84.61,TikTok
ORD-000265,2024-01-05,82.88,0.0,82.88,Email
ORD-000266,2024-01-05,59.31,0.0,59.31,Meta
ORD-000267,2024-01-05,80.35,0.0,80.35,TikTok
ORD-000268,2024-01-05,58.78,0.0,58.78,Direct
ORD-000269,2024-01-05,36.88,0.0,36.88,Direct
ORD-000270,2024-01-05,55.96,54.53,1.43,Meta
ORD-000271,2024-01-05,72.05,0.0,72.05,TikTok
ORD-000272,2024-01-05,62.77,0.0,62.77,Direct
ORD-000273,2024-01-05,78.29,0.0,78.29,TikTok
ORD-000274,2024-01-05,72.79,0.0,72.79,Email
ORD-000275,2024-01-05,74.71,63.36,11.35,Email
ORD-000276,2024-01-05,54.23,0.0,54.23,Microsoft
ORD-000277,2024-01-05,67.26,0.0,67.26,Email
ORD-000278,2024-01-05,45.17,0.0,45.17,Meta
ORD-000279,2024-01-05,68.35,0.0,68.35,Google
ORD-000280,2024-01-05,69.11,0.0,69.11,Meta
ORD-000281,2024-01-05,81.71,0.0,81.71,Google
ORD-000282,2024-01-05,66.58,0.0,66.58,TikTok
ORD-000283,2024-01-05,84.13,0.0,84.13,Direct
ORD-000284,2024-01-05,51.71,0.0,51.71,Direct
ORD-000285,2024-01-05,71.42,0.0,71.42,Meta
ORD-000286,2024-01-05,70.58,0.0,70.58,Direct
ORD-000287,2024-01-05,84.0,0.0,84.0,Meta
ORD-000288,2024-01-05,68.96,0.0,68.96,Google
ORD-000289,2024-01-05,37.48,0.0,37.48,Direct
ORD-000290,2024-01-05,77.74,0.0,77.74,Google
ORD-000291,2024-01-05,44.08,0.0,44.08,Google
ORD-000292,2024-01-05,63.13,0.0,63.13,TikTok
ORD-000293,2024-01-05,59.82,0.0,59.82,Meta
ORD-000294,2024-01-05,65.12,0.0,65.12,Direct
ORD-000295,2024-01-05,64.36,0.0,64.36,Google
ORD-000296,2024-01-05,42.33,38.13,4.2,TikTok
ORD-000297,2024-01-05,53.49,0.0,53.49,Microsoft
ORD-000298,2024-01-05,59.64,0.0,59.64,TikTok
ORD-000299,2024-01-05,47.1,0.0,47.1,Meta
ORD-000300,2024-01-05,59.37,0.0,59.37,Google
ORD-000301,2024-01-05,89.02,0.0,89.02,Meta
ORD-000302,2024-01-05,66.42,0.0,66.42,Meta
ORD-000303,2024-01-05,58.57,25.17,33.4,Direct
ORD-000304,2024-01-05,102.72,0.0,102.72,Email
ORD-000305,2024-01-05,66.88,0.0,66.88,Meta
ORD-000306,2024-01-05,72.34,58.44,13.9,Google
ORD-000307,2024-01-05,84.57,0.0,84.57,TikTok
ORD-000308,2024-01-05,66.87,0.0,66.87,Microsoft
ORD-000309,2024-01-06,97.69,95.98,1.71,Google
ORD-000310,2024-01-06,69.93,0.0,69.93,Meta
ORD-000311,2024-01-06,83.7,0.0,83.7,Google
ORD-000312,2024-01-06,82.66,0.0,82.66,Meta
ORD-000313,2024-01-06,50.93,0.0,50.93,Email
ORD-000314,2024-01-06,96.7,0.0,96.7,Meta
ORD-000315,2024-01-06,92.13,0.0,92.13,Microsoft
ORD-000316,2024-01-06,41.63,0.0,41.63,Google
ORD-000317,2024-01-06,74.47,0.0,74.47,Google
ORD-000318,2024-01-06,54.64,0.0,54.64,Google
ORD-000319,2024-01-06,67.79,0.0,67.79,Google
ORD-000320,2024-01-06,76.07,0.0,76.07,Meta
ORD-000321,2024-01-06,59.46,22.09,37.37,Meta
ORD-000322,2024-01-06,87.19,67.93,19.26,Microsoft
ORD-000323,2024-01-06,54.07,0.0,54.07,Microsoft
ORD-000324,2024-01-06,81.58,77.6,3.98,Email
ORD-000325,2024-01-06,70.59,0.0,70.59,Meta
ORD-000326,2024-01-06,81.57,0.0,81.57,Meta
ORD-000327,2024-01-06,84.54,0.0,84.54,Google
ORD-000328,2024-01-06,78.51,0.0,78.51,Meta
ORD-000329,2024-01-06,69.13,35.77,33.36,Google
ORD-000330,2024-01-06,75.85,0.0,75.85,Google
ORD-000331,2024-01-06,92.41,0.0,92.41,Google
ORD-000332,2024-01-06,47.47,0.0,47.47,Direct
ORD-000333,2024-01-06,94.51,0.0,94.51,Meta
ORD-000334,2024-01-06,66.77,0.0,66.77,Meta
ORD-000335,2024-01-06,106.75,0.0,106.75,Google
ORD-000336,2024-01-06,81.95,0.0,81.95,Email
ORD-000337,2024-01-06,58.31,0.0,58.31,Email
ORD-000338,2024-01-06,66.33,0.0,66.33,TikTok
ORD-000339,2024-01-06,79.95,0.0,79.95,TikTok
ORD-000340,2024-01-06,106.4,0.0,106.4,Direct
ORD-000341,2024-01-06,73.71,0.0,73.71,Direct
ORD-000342,2024-01-06,88.96,0.0,88.96,Email
ORD-000343,2024-01-06,77.1,0.0,77.1,Direct
ORD-000344,2024-01-06,51.26,0.0,51.26,Google
ORD-000345,2024-01-06,71.58,0.0,71.58,Email
ORD-000346,2024-01-06,88.08,0.0,88.08,Meta
ORD-000347,2024-01-06,97.49,0.0,97.49,Google
ORD-000348,2024-01-06,103.17,0.0,103.17,Google
ORD-000349,2024-01-06,34.64,0.0,34.64,Google
ORD-000350,2024-01-06,71.95,0.0,71.95,Meta
ORD-000351,2024-01-06,24.51,0.0,24.51,Meta
ORD-000352,2024-01-06,59.79,44.46,15.33,Meta
ORD-000353,2024-01-06,87.74,64.05,23.69,Direct
ORD-000354,2024-01-06,59.49,0.0,59.49,Google
ORD-000355,2024-01-06,47.91,0.0,47.91,Meta
ORD-000356,2024-01-06,68.66,25.32,43.34,Google
ORD-000357,2024-01-06,67.27,0.0,67.27,Meta
ORD-000358,2024-01-06,85.93,0.0,85.93,Direct
ORD-000359,2024-01-06,64.81,0.0,64.81,Meta
ORD-000360,2024-01-06,71.02,16.79,54.23,Google
ORD-000361,2024-01-06,76.16,0.0,76.16,Google
ORD-000362,2024-01-06,92.62,59.7,32.92,TikTok
ORD-000363,2024-01-06,67.99,0.0,67.99,Google
ORD-000364,2024-01-06,44.45,0.0,44.45,Microsoft
ORD-000365,2024-01-06,37.78,0.0,37.78,Direct
ORD-000366,2024-01-06,73.45,0.0,73.45,Meta
ORD-000367,2024-01-06,78.34,0.0,78.34,Google
ORD-000368,2024-01-06,74.73,0.0,74.73,Direct
ORD-000369,2024-01-06,61.25,0.0,61.25,Meta
ORD-000370,2024-01-06,81.59,0.0,81.59,Google
ORD-000371,2024-01-07,29.44,0.0,29.44,Google
ORD-000372,2024-01-07,79.19,0.0,79.19,Meta
ORD-000373,2024-01-07,66.43,0.0,66.43,Meta
ORD-000374,2024-01-07,80.33,0.0,80.33,Meta
ORD-000375,2024-01-07,67.14,0.0,67.14,Meta
ORD-000376,2024-01-07,69.33,15.66,53.67,TikTok
ORD-000377,2024-01-07,64.3,63.09,1.21,Meta
ORD-000378,2024-01-07,52.31,0.0,52.31,Meta
ORD-000379,2024-01-07,73.31,0.0,73.31,Google
ORD-000380,2024-01-07,40.66,0.0,40.66,Meta
ORD-000381,2024-01-07,51.13,0.0,51.13,Google
ORD-000382,2024-01-07,77.99,0.0,77.99,Direct
ORD-000383,2024-01-07,74.03,0.0,74.03,TikTok
ORD-000384,2024-01-07,64.83,0.0,64.83,Meta
ORD-000385,2024-01-07,67.15,0.0,67.15,Email
ORD-000386,2024-01-07,73.98,0.0,73.98,TikTok
ORD-000387,2024-01-07,55.36,0.0,55.36,Google
ORD-000388,2024-01-07,56.77,0.0,56.77,Microsoft
ORD-000389,2024-01-07,56.53,0.0,56.53,Microsoft
ORD-000390,2024-01-07,74.72,0.0,74.72,Google
ORD-000391,2024-01-07,70.4,0.0,70.4,Meta
ORD-000392,2024-01-07,53.81,0.0,53.81,Google
ORD-000393,2024-01-07,60.46,0.0,60.46,Meta
ORD-000394,2024-01-07,62.23,0.0,62.23,TikTok
ORD-000395,2024-01-07,33.45,0.0,33.45,Google
ORD-000396,2024-01-07,61.0,0.0,61.0,Meta
ORD-000397,2024-01-07,76.71,0.0,76.71,Google
ORD-000398,2024-01-07,36.59,0.0,36.59,Google
ORD-000399,2024-01-07,60.81,0.0,60.81,Meta
ORD-000400,2024-01-07,71.92,0.0,71.92,Google
ORD-000401,2024-01-07,66.01,0.0,66.01,Meta
ORD-000402,2024-01-07,70.89,0.0,70.89,Meta
ORD-000403,2024-01-07,78.46,30.14,48.32,Meta
ORD-000404,2024-01-07,57.85,0.0,57.85,Direct
ORD-000405,2024-01-07,89.08,0.0,89.08,Microsoft
ORD-000406,2024-01-07,79.99,0.0,79.99,TikTok
ORD-000407,2024-01-07,43.03,0.0,43.03,TikTok
ORD-000408,2024-01-07,59.82,0.0,59.82,Meta
ORD-000409,2024-01-07,65.68,0.0,65.68,Email
ORD-000410,2024-01-07,55.53,15.64,39.89,Direct
ORD-000411,2024-01-07,66.53,0.0,66.53,Google
ORD-000412,2024-01-07,37.15,0.0,37.15,Meta
ORD-000413,2024-01-07,71.52,0.0,71.52,Microsoft
ORD-000414,2024-01-07,56.73,0.0,56.73,Google
ORD-000415,2024-01-07,72.05,0.0,72.05,Direct
ORD-000416,2024-01-07,88.06,0.0,88.06,Email
ORD-000417,2024-01-07,80.62,0.0,80.62,Google
ORD-000418,2024-01-07,40.69,0.0,40.69,Google
ORD-000419,2024-01-07,87.02,0.0,87.02,Meta
ORD-000420,2024-01-07,62.39,43.39,19.0,Meta
ORD-000421,2024-01-07,92.1,0.0,92.1,Direct
ORD-000422,2024-01-07,53.87,0.0,53.87,Google
ORD-000423,2024-01-07,66.75,0.0,66.75,Meta
ORD-000424,2024-01-07,56.55,39.49,17.06,Meta
ORD-000425,2024-01-07,56.69,0.0,56.69,Microsoft
ORD-000426,2024-01-07,79.33,0.0,79.33,Google
ORD-000427,2024-01-07,49.1,0.0,49.1,Meta
ORD-000428,2024-01-07,77.11,0.0,77.11,Meta
ORD-000429,2024-01-07,43.21,0.0,43.21,Google
ORD-000430,2024-01-07,73.65,0.0,73.65,Google
ORD-000431,2024-01-07,68.58,65.06,3.52,Direct
ORD-000432,2024-01-07,77.68,0.0,77.68,Meta
ORD-000433,2024-01-07,41.43,0.0,41.43,Email
ORD-000434,2024-01-07,77.34,0.0,77.34,Meta
ORD-000435,2024-01-07,57.6,0.0,57.6,Direct
ORD-000436,2024-01-07,57.87,0.0,57.87,Meta
ORD-000437,2024-01-07,72.52,0.0,72.52,Google
ORD-000438,2024-01-07,50.82,0.0,50.82,TikTok
ORD-000439,2024-01-07,51.58,0.0,51.58,Meta
ORD-000440,2024-01-07,76.37,0.0,76.37,Google
ORD-000441,2024-01-08,47.97,0.0,47.97,Google
ORD-000442,2024-01-08,90.85,0.0,90.85,Meta
ORD-000443,2024-01-08,54.37,47.01,7.36,Meta
ORD-000444,2024-01-08,57.36,0.0,57.36,Direct
ORD-000445,2024-01-08,59.41,0.0,59.41,Google
ORD-000446,2024-01-08,64.48,0.0,64.48,Meta
ORD-000447,2024-01-08,55.78,0.0,55.78,Meta
ORD-000448,2024-01-08,71.2,0.0,71.2,Google
ORD-000449,2024-01-08,94.73,0.0,94.73,Meta
ORD-000450,2024-01-08,98.04,0.0,98.04,Meta
ORD-000451,2024-01-08,89.87,0.0,89.87,Google
ORD-000452,2024-01-08,37.36,0.0,37.36,TikTok
ORD-000453,2024-01-08,71.03,0.0,71.03,Meta
ORD-000454,2024-01-08,65.97,0.0,65.97,Meta
ORD-000455,2024-01-08,55.96,0.0,55.96,Google
ORD-000456,2024-01-08,24.55,0.0,24.55,Meta
ORD-000457,2024-01-08,86.52,0.0,86.52,Meta
ORD-000458,2024-01-08,77.97,0.0,77.97,Email
ORD-000459,2024-01-08,105.81,0.0,105.81,Google
ORD-000460,2024-01-08,97.79,22.77,75.02,Meta
ORD-000461,2024-01-08,70.12,0.0,70.12,Direct
ORD-000462,2024-01-08,77.09,53.58,23.51,TikTok
ORD-000463,2024-01-08,66.51,0.0,66.51,Google
ORD-000464,2024-01-08,50.2,0.0,50.2,Meta
ORD-000465,2024-01-08,48.35,0.0,48.35,Direct
ORD-000466,2024-01-08,51.05,0.0,51.05,Direct
ORD-000467,2024-01-08,45.63,0.0,45.63,Google
ORD-000468,2024-01-08,24.27,0.0,24.27,TikTok
ORD-000469,2024-01-08,63.97,30.17,33.8,Direct
ORD-000470,2024-01-08,73.08,0.0,73.08,Direct
ORD-000471,2024-01-08,32.14,0.0,32.14,Meta
ORD-000472,2024-01-08,64.37,0.0,64.37,TikTok
ORD-000473,2024-01-08,70.07,0.0,70.07,Meta
ORD-000474,2024-01-08,56.65,35.25,21.4,Meta
ORD-000475,2024-01-08,87.43,0.0,87.43,Direct
ORD-000476,2024-01-08,76.45,0.0,76.45,Meta
ORD-000477,2024-01-08,70.85,0.0,70.85,Email
ORD-000478,2024-01-08,63.31,0.0,63.31,Google
ORD-000479,2024-01-08,76.7,0.0,76.7,Email
ORD-000480,2024-01-08,77.85,17.73,60.12,Google
ORD-000481,2024-01-08,78.43,0.0,78.43,Google
ORD-000482,2024-01-08,105.1,0.0,105.1,Meta
ORD-000483,2024-01-08,73.99,0.0,73.99,Direct
ORD-000484,2024-01-08,27.0,0.0,27.0,Meta
ORD-000485,2024-01-08,48.73,0.0,48.73,Google
ORD-000486,2024-01-08,65.49,0.0,65.49,Email
ORD-000487,2024-01-08,61.1,40.93,20.17,Direct
ORD-000488,2024-01-08,92.74,0.0,92.74,Meta
ORD-000489,2024-01-08,100.88,0.0,100.88,Google
ORD-000490,2024-01-08,105.29,0.0,105.29,Microsoft
ORD-000491,2024-01-08,101.51,0.0,101.51,Microsoft
ORD-000492,2024-01-09,62.17,0.0,62.17,TikTok
ORD-000493,2024-01-09,83.25,0.0,83.25,TikTok
ORD-000494,2024-01-09,68.46,0.0,68.46,TikTok
ORD-000495,2024-01-09,42.48,0.0,42.48,Meta
ORD-000496,2024-01-09,68.66,0.0,68.66,Meta
ORD-000497,2024-01-09,51.02,0.0,51.02,Google
ORD-000498,2024-01-09,83.48,0.0,83.48,Meta
ORD-000499,2024-01-09,74.37,0.0,74.37,Meta
ORD-000500,2024-01-09,63.52,0.0,63.52,Google
ORD-000501,2024-01-09,58.11,0.0,58.11,Google
ORD-000502,2024-01-09,45.86,0.0,45.86,Meta
ORD-000503,2024-01-09,55.89,0.0,55.89,Email
ORD-000504,2024-01-09,79.96,0.0,79.96,Meta
ORD-000505,2024-01-09,56.22,0.0,56.22,Meta
ORD-000506,2024-01-09,45.35,0.0,45.35,Google
ORD-000507,2024-01-09,45.55,0.0,45.55,Email
ORD-000508,2024-01-09,42.91,8.96,33.95,Meta
ORD-000509,2024-01-09,65.48,0.0,65.48,Google
ORD-000510,2024-01-09,34.5,0.0,34.5,Meta
ORD-000511,2024-01-09,81.37,0.0,81.37,TikTok
ORD-000512,2024-01-09,78.42,0.0,78.42,Google
ORD-000513,2024-01-09,73.08,0.0,73.08,Google
ORD-000514,2024-01-09,76.29,0.0,76.29,Direct
ORD-000515,2024-01-09,73.09,0.0,73.09,Meta
ORD-000516,2024-01-09,74.35,0.0,74.35,Google
ORD-000517,2024-01-09,71.23,0.0,71.23,Microsoft
ORD-000518,2024-01-09,77.29,0.0,77.29,Direct
ORD-000519,2024-01-09,103.32,0.0,103.32,Meta
ORD-000520,2024-01-09,64.27,0.0,64.27,Email
ORD-000521,2024-01-09,61.96,0.0,61.96,Meta
ORD-000522,2024-01-09,52.5,0.0,52.5,Microsoft
ORD-000523,2024-01-09,79.99,0.0,79.99,Email
ORD-000524,2024-01-09,49.65,0.0,49.65,Meta
ORD-000525,2024-01-09,103.26,59.8,43.46,TikTok
ORD-000526,2024-01-09,106.24,0.0,106.24,Direct
ORD-000527,2024-01-09,47.76,0.0,47.76,Direct
ORD-000528,2024-01-09,69.79,0.0,69.79,Meta
ORD-000529,2024-01-09,101.57,0.0,101.57,Meta
ORD-000530,2024-01-09,71.79,0.0,71.79,Meta
ORD-000531,2024-01-09,102.86,0.0,102.86,Google
ORD-000532,2024-01-09,68.65,0.0,68.65,Meta
ORD-000533,2024-01-09,62.51,0.0,62.51,Direct
ORD-000534,2024-01-09,78.72,0.0,78.72,Email
ORD-000535,2024-01-09,73.4,0.0,73.4,Google
ORD-000536,2024-01-09,49.87,0.0,49.87,Meta
ORD-000537,2024-01-09,64.45,0.0,64.45,TikTok
ORD-000538,2024-01-09,94.36,0.0,94.36,Google
ORD-000539,2024-01-09,72.5,0.0,72.5,Direct
ORD-000540,2024-01-09,64.02,0.0,64.02,Meta
ORD-000541,2024-01-09,36.25,0.0,36.25,Direct
ORD-000542,2024-01-09,106.81,104.59,2.22,TikTok
ORD-000543,2024-01-09,57.2,0.0,57.2,Meta
ORD-000544,2024-01-09,74.74,0.0,74.74,Google
ORD-000545,2024-01-09,88.01,0.0,88.01,Google
ORD-000546,2024-01-09,46.91,0.0,46.91,Meta
ORD-000547,2024-01-09,64.23,50.06,14.17,Meta
ORD-000548,2024-01-09,81.85,0.0,81.85,Microsoft
ORD-000549,2024-01-09,77.1,0.0,77.1,Meta
ORD-000550,2024-01-09,69.33,0.0,69.33,Email
ORD-000551,2024-01-09,88.0,0.0,88.0,Google
ORD-000552,2024-01-09,53.8,0.0,53.8,Meta
ORD-000553,2024-01-09,91.45,0.0,91.45,Email
ORD-000554,2024-01-09,63.05,0.0,63.05,Microsoft
ORD-000555,2024-01-09,45.62,0.0,45.62,TikTok
ORD-000556,2024-01-09,63.83,0.0,63.83,Meta
ORD-000557,2024-01-09,71.92,0.0,71.92,Meta
ORD-000558,2024-01-09,88.56,0.0,88.56,Direct
ORD-000559,2024-01-09,76.98,0.0,76.98,Meta
ORD-000560,2024-01-09,81.57,0.0,81.57,Meta
ORD-000561,2024-01-09,84.59,0.0,84.59,Email
ORD-000562,2024-01-09,68.81,0.0,68.81,Email
ORD-000563,2024-01-09,85.33,0.0,85.33,Meta
ORD-000564,2024-01-10,84.25,0.0,84.25,Meta
ORD-000565,2024-01-10,75.97,0.0,75.97,Meta
ORD-000566,2024-01-10,70.11,0.0,70.11,Google
ORD-000567,2024-01-10,79.91,0.0,79.91,Meta
ORD-000568,2024-01-10,76.8,0.0,76.8,Microsoft
ORD-000569,2024-01-10,72.2,0.0,72.2,Email
ORD-000570,2024-01-10,88.1,20.09,68.01,Email
ORD-000571,2024-01-10,69.74,0.0,69.74,Google
ORD-000572,2024-01-10,89.86,0.0,89.86,Meta
ORD-000573,2024-01-10,26.35,0.0,26.35,Meta
ORD-000574,2024-01-10,63.48,0.0,63.48,Google
ORD-000575,2024-01-10,73.86,0.0,73.86,TikTok
ORD-000576,2024-01-10,88.3,0.0,88.3,Google
ORD-000577,2024-01-10,50.03,0.0,50.03,Google
ORD-000578,2024-01-10,66.05,47.37,18.68,Email
ORD-000579,2024-01-10,78.75,0.0,78.75,Email
ORD-000580,2024-01-10,85.04,76.77,8.27,Microsoft
ORD-000581,2024-01-10,68.48,0.0,68.48,Email
ORD-000582,2024-01-10,49.56,0.0,49.56,Email
ORD-000583,2024-01-10,53.51,0.0,53.51,Email
ORD-000584,2024-01-10,77.77,0.0,77.77,Meta
ORD-000585,2024-01-10,64.6,0.0,64.6,Google
ORD-000586,2024-01-10,71.7,0.0,71.7,Email
ORD-000587,2024-01-10,60.46,0.0,60.46,Google
ORD-000588,2024-01-10,72.56,0.0,72.56,Direct
ORD-000589,2024-01-10,64.92,0.0,64.92,Google
ORD-000590,2024-01-10,102.11,0.0,102.11,Meta
ORD-000591,2024-01-10,73.65,0.0,73.65,Meta
ORD-000592,2024-01-10,54.55,0.0,54.55,Email
ORD-000593,2024-01-10,76.55,0.0,76.55,Meta
ORD-000594,2024-01-10,83.24,0.0,83.24,Direct
ORD-000595,2024-01-10,78.24,54.38,23.86,Direct
ORD-000596,2024-01-10,44.47,0.0,44.47,Email
ORD-000597,2024-01-10,85.49,0.0,85.49,Meta
ORD-000598,2024-01-10,80.9,36.61,44.29,Google
ORD-000599,2024-01-10,60.28,0.0,60.28,Meta
ORD-000600,2024-01-10,84.79,0.0,84.79,Google
ORD-000601,2024-01-10,80.63,0.0,80.63,TikTok
ORD-000602,2024-01-10,76.4,0.0,76.4,Google
ORD-000603,2024-01-10,83.31,0.0,83.31,Google
ORD-000604,2024-01-10,72.76,0.0,72.76,Google
ORD-000605,2024-01-10,50.73,0.0,50.73,Meta
ORD-000606,2024-01-10,68.84,0.0,68.84,Google
ORD-000607,2024-01-10,58.77,0.0,58.77,Google
ORD-000608,2024-01-10,83.02,0.0,83.02,Direct
ORD-000609,2024-01-10,99.1,0.0,99.1,Meta
ORD-000610,2024-01-10,67.67,0.0,67.67,TikTok
ORD-000611,2024-01-10,46.95,30.0,16.95,Meta
ORD-000612,2024-01-10,44.15,0.0,44.15,Meta
ORD-000613,2024-01-10,59.89,0.0,59.89,Email
ORD-000614,2024-01-11,64.47,0.0,64.47,Meta
ORD-000615,2024-01-11,75.9,0.0,75.9,Google
ORD-000616,2024-01-11,54.95,0.0,54.95,Google
ORD-000617,2024-01-11,53.89,0.0,53.89,Google
ORD-000618,2024-01-11,79.61,0.0,79.61,Email
ORD-000619,2024-01-11,53.24,0.0,53.24,Email
ORD-000620,2024-01-11,69.29,0.0,69.29,Meta
ORD-000621,2024-01-11,66.64,0.0,66.64,TikTok
ORD-000622,2024-01-11,90.95,0.0,90.95,Email
ORD-000623,2024-01-11,53.17,0.0,53.17,Meta
ORD-000624,2024-01-11,36.98,0.0,36.98,Email
ORD-000625,2024-01-11,52.67,0.0,52.67,Meta
ORD-000626,2024-01-11,91.29,0.0,91.29,TikTok
ORD-000627,2024-01-11,55.45,37.25,18.2,Meta
ORD-000628,2024-01-11,49.63,0.0,49.63,Direct
ORD-000629,2024-01-11,57.64,0.0,57.64,Microsoft
ORD-000630,2024-01-11,30.35,0.0,30.35,Direct
ORD-000631,2024-01-11,60.1,0.0,60.1,Direct
ORD-000632,2024-01-11,77.39,0.0,77.39,TikTok
ORD-000633,2024-01-11,73.57,0.0,73.57,Google
ORD-000634,2024-01-11,89.17,0.0,89.17,Email
ORD-000635,2024-01-11,49.22,0.0,49.22,Meta
ORD-000636,2024-01-11,51.77,0.0,51.77,Meta
ORD-000637,2024-01-11,30.02,0.0,30.02,Google
ORD-000638,2024-01-11,82.08,0.0,82.08,Direct
ORD-000639,2024-01-11,46.23,31.59,14.64,Meta
ORD-000640,2024-01-11,40.2,0.0,40.2,Google
ORD-000641,2024-01-11,78.37,0.0,78.37,Email
ORD-000642,2024-01-11,56.11,0.0,56.11,Email
ORD-000643,2024-01-11,28.47,0.0,28.47,Google
ORD-000644,2024-01-11,53.31,0.0,53.31,Google
ORD-000645,2024-01-11,81.34,0.0,81.34,TikTok
ORD-000646,2024-01-11,96.47,0.0,96.47,Email
ORD-000647,2024-01-11,41.16,0.0,41.16,Meta
ORD-000648,2024-01-11,63.72,0.0,63.72,Google
ORD-000649,2024-01-11,87.76,0.0,87.76,Direct
ORD-000650,2024-01-11,28.78,0.0,28.78,Email
ORD-000651,2024-01-11,62.2,0.0,62.2,Google
ORD-000652,2024-01-11,81.02,0.0,81.02,Direct
ORD-000653,2024-01-11,45.84,0.0,45.84,Meta
ORD-000654,2024-01-11,54.76,0.0,54.76,Meta
ORD-000655,2024-01-11,38.13,0.0,38.13,Direct
ORD-000656,2024-01-11,56.7,0.0,56.7,Email
ORD-000657,2024-01-11,42.47,0.0,42.47,Email
ORD-000658,2024-01-11,66.65,0.0,66.65,Meta
ORD-000659,2024-01-11,48.99,0.0,48.99,Google
ORD-000660,2024-01-11,69.9,0.0,69.9,Meta
ORD-000661,2024-01-11,52.81,0.0,52.81,Google
ORD-000662,2024-01-11,71.29,0.0,71.29,Direct
ORD-000663,2024-01-11,78.02,0.0,78.02,TikTok
ORD-000664,2024-01-12,86.72,0.0,86.72,Google
ORD-000665,2024-01-12,96.41,0.0,96.41,Microsoft
ORD-000666,2024-01-12,96.81,89.33,7.48,Meta
ORD-000667,2024-01-12,45.75,0.0,45.75,TikTok
ORD-000668,2024-01-12,92.12,0.0,92.12,Microsoft
ORD-000669,2024-01-12,65.09,0.0,65.09,TikTok
ORD-000670,2024-01-12,93.75,0.0,93.75,Email
ORD-000671,2024-01-12,65.94,0.0,65.94,Google
ORD-000672,2024-01-12,54.21,0.0,54.21,Direct
ORD-000673,2024-01-12,77.98,34.18,43.8,TikTok
ORD-000674,2024-01-12,34.7,0.0,34.7,Google
ORD-000675,2024-01-12,59.96,20.3,39.66,Direct
ORD-000676,2024-01-12,68.9,52.07,16.83,Email
ORD-000677,2024-01-12,47.84,0.0,47.84,Microsoft
ORD-000678,2024-01-12,56.21,0.0,56.21,Google
ORD-000679,2024-01-12,62.71,0.0,62.71,Google
ORD-000680,2024-01-12,54.32,0.0,54.32,Meta
ORD-000681,2024-01-12,91.14,56.03,35.11,Meta
ORD-000682,2024-01-12,99.91,0.0,99.91,Google
ORD-000683,2024-01-12,34.99,0.0,34.99,Microsoft
ORD-000684,2024-01-12,65.3,0.0,65.3,Google
ORD-000685,2024-01-12,57.83,0.0,57.83,TikTok
ORD-000686,2024-01-12,81.85,0.0,81.85,Google
ORD-000687,2024-01-12,76.54,0.0,76.54,Direct
ORD-000688,2024-01-12,66.1,0.0,66.1,Direct
ORD-000689,2024-01-12,94.38,0.0,94.38,Meta
ORD-000690,2024-01-12,74.2,0.0,74.2,Google
ORD-000691,2024-01-12,73.5,0.0,73.5,Email
ORD-000692,2024-01-12,87.22,0.0,87.22,Meta
ORD-000693,2024-01-12,80.69,0.0,80.69,TikTok
ORD-000694,2024-01-12,100.78,97.14,3.64,Google
ORD-000695,2024-01-12,61.18,0.0,61.18,Email
ORD-000696,2024-01-12,47.56,24.02,23.54,Google
ORD-000697,2024-01-12,70.79,0.0,70.79,Direct
ORD-000698,2024-01-12,67.0,0.0,67.0,Meta
ORD-000699,2024-01-12,66.76,0.0,66.76,Meta
ORD-000700,2024-01-12,61.34,0.0,61.34,TikTok
ORD-000701,2024-01-12,72.85,0.0,72.85,Direct
ORD-000702,2024-01-12,66.69,0.0,66.69,Meta
ORD-000703,2024-01-12,76.53,0.0,76.53,Google
ORD-000704,2024-01-12,53.62,0.0,53.62,Google
ORD-000705,2024-01-12,63.33,0.0,63.33,Direct
ORD-000706,2024-01-12,72.26,0.0,72.26,Meta
ORD-000707,2024-01-12,56.51,50.01,6.5,Direct
ORD-000708,2024-01-12,48.89,0.0,48.89,Meta
ORD-000709,2024-01-12,66.75,0.0,66.75,Meta
ORD-000710,2024-01-12,66.7,0.0,66.7,Meta
ORD-000711,2024-01-12,94.69,0.0,94.69,Meta
ORD-000712,2024-01-12,73.94,0.0,73.94,TikTok
ORD-000713,2024-01-13,54.91,0.0,54.91,Email
ORD-000714,2024-01-13,65.52,0.0,65.52,Email
ORD-000715,2024-01-13,74.61,0.0,74.61,Google
ORD-000716,2024-01-13,72.32,0.0,72.32,Microsoft
ORD-000717,2024-01-13,64.83,0.0,64.83,Google
ORD-000718,2024-01-13,86.44,0.0,86.44,Direct
ORD-000719,2024-01-13,66.69,0.0,66.69,Google
ORD-000720,2024-01-13,60.01,0.0,60.01,Meta
ORD-000721,2024-01-13,76.39,46.8,29.59,Email
ORD-000722,2024-01-13,44.73,0.0,44.73,Meta
ORD-000723,2024-01-13,41.1,0.0,41.1,Direct
ORD-000724,2024-01-13,47.44,0.0,47.44,TikTok
ORD-000725,2024-01-13,72.15,0.0,72.15,Google
ORD-000726,2024-01-13,79.01,0.0,79.01,Meta
ORD-000727,2024-01-13,86.23,0.0,86.23,Meta
ORD-000728,2024-01-13,43.78,0.0,43.78,Meta
ORD-000729,2024-01-13,52.67,46.78,5.89,Google
ORD-000730,2024-01-13,64.87,0.0,64.87,TikTok
ORD-000731,2024-01-13,51.05,0.0,51.05,Direct
ORD-000732,2024-01-13,62.78,32.08,30.7,Meta
ORD-000733,2024-01-13,88.0,67.57,20.43,Email
ORD-000734,2024-01-13,80.32,0.0,80.32,Direct
ORD-000735,2024-01-13,71.59,0.0,71.59,Direct
ORD-000736,2024-01-13,72.3,0.0,72.3,Google
ORD-000737,2024-01-13,68.97,0.0,68.97,Email
ORD-000738,2024-01-13,93.3,0.0,93.3,Meta
ORD-000739,2024-01-13,82.74,0.0,82.74,Direct
ORD-000740,2024-01-13,78.8,0.0,78.8,Email
ORD-000741,2024-01-13,71.06,0.0,71.06,Meta
ORD-000742,2024-01-13,64.43,29.18,35.25,TikTok
ORD-000743,2024-01-13,80.56,0.0,80.56,Microsoft
ORD-000744,2024-01-13,62.65,0.0,62.65,Meta
ORD-000745,2024-01-13,107.01,0.0,107.01,TikTok
ORD-000746,2024-01-13,41.92,0.0,41.92,Email
ORD-000747,2024-01-13,64.13,0.0,64.13,Meta
ORD-000748,2024-01-13,86.83,0.0,86.83,Email
ORD-000749,2024-01-13,75.51,0.0,75.51,Meta
ORD-000750,2024-01-13,77.34,0.0,77.34,Google
ORD-000751,2024-01-13,74.78,0.0,74.78,Meta
ORD-000752,2024-01-13,73.41,0.0,73.41,Email
ORD-000753,2024-01-13,69.99,68.65,1.34,Meta
ORD-000754,2024-01-13,81.75,0.0,81.75,Google
ORD-000755,2024-01-13,50.4,0.0,50.4,Google
ORD-000756,2024-01-13,73.45,0.0,73.45,Google
ORD-000757,2024-01-13,55.29,0.0,55.29,Direct
ORD-000758,2024-01-13,62.81,0.0,62.81,Meta
ORD-000759,2024-01-13,79.37,0.0,79.37,Google
ORD-000760,2024-01-13,76.25,0.0,76.25,Google
ORD-000761,2024-01-13,80.01,0.0,80.01,Google
ORD-000762,2024-01-13,64.93,0.0,64.93,Google
ORD-000763,2024-01-13,25.34,0.0,25.34,Meta
ORD-000764,2024-01-13,70.32,0.0,70.32,Google
ORD-000765,2024-01-13,85.91,0.0,85.91,Microsoft
ORD-000766,2024-01-13,80.78,0.0,80.78,Direct
ORD-000767,2024-01-13,97.16,91.8,5.36,Meta
ORD-000768,2024-01-13,90.33,78.39,11.94,Direct
ORD-000769,2024-01-13,59.05,0.0,59.05,Microsoft
ORD-000770,2024-01-13,61.7,0.0,61.7,Meta
ORD-000771,2024-01-13,45.92,0.0,45.92,Meta
ORD-000772,2024-01-13,69.14,0.0,69.14,Google
ORD-000773,2024-01-13,63.77,0.0,63.77,Google
ORD-000774,2024-01-13,45.26,0.0,45.26,TikTok
ORD-000775,2024-01-13,98.4,0.0,98.4,Direct
ORD-000776,2024-01-13,72.32,0.0,72.32,Email
ORD-000777,2024-01-13,73.45,68.34,5.11,Google
ORD-000778,2024-01-13,57.6,0.0,57.6,Google
ORD-000779,2024-01-13,48.96,39.74,9.22,TikTok
ORD-000780,2024-01-13,72.43,0.0,72.43,Google
ORD-000781,2024-01-13,65.48,0.0,65.48,Direct
ORD-000782,2024-01-14,88.84,0.0,88.84,Meta
ORD-000783,2024-01-14,65.27,0.0,65.27,Google
ORD-000784,2024-01-14,49.73,28.06,21.67,Google
ORD-000785,2024-01-14,69.9,0.0,69.9,Email
ORD-000786,2024-01-14,66.51,0.0,66.51,Google
ORD-000787,2024-01-14,36.53,0.0,36.53,Direct
ORD-000788,2024-01-14,82.03,0.0,82.03,TikTok
ORD-000789,2024-01-14,66.16,0.0,66.16,Email
ORD-000790,2024-01-14,71.8,0.0,71.8,Google
ORD-000791,2024-01-14,58.07,0.0,58.07,Meta
ORD-000792,2024-01-14,49.54,0.0,49.54,Google
ORD-000793,2024-01-14,57.0,0.0,57.0,Direct
ORD-000794,2024-01-14,55.7,0.0,55.7,Google
ORD-000795,2024-01-14,69.11,0.0,69.11,Google
ORD-000796,2024-01-14,60.46,0.0,60.46,Meta
ORD-000797,2024-01-14,80.5,0.0,80.5,Email
ORD-000798,2024-01-14,76.41,0.0,76.41,Google
ORD-000799,2024-01-14,27.35,0.0,27.35,Direct
ORD-000800,2024-01-14,73.11,0.0,73.11,Google
ORD-000801,2024-01-14,95.19,0.0,95.19,Meta
ORD-000802,2024-01-14,99.32,0.0,99.32,Microsoft
ORD-000803,2024-01-14,48.87,0.0,48.87,Meta
ORD-000804,2024-01-14,42.29,0.0,42.29,Google
ORD-000805,2024-01-14,74.77,0.0,74.77,TikTok
ORD-000806,2024-01-14,68.57,0.0,68.57,TikTok
ORD-000807,2024-01-14,44.6,0.0,44.6,Direct
ORD-000808,2024-01-14,61.35,0.0,61.35,Direct
ORD-000809,2024-01-14,55.24,27.1,28.14,Google
ORD-000810,2024-01-14,47.85,10.45,37.4,TikTok
ORD-000811,2024-01-14,76.53,0.0,76.53,Microsoft
ORD-000812,2024-01-14,55.52,17.83,37.69,Direct
ORD-000813,2024-01-14,64.46,0.0,64.46,TikTok
ORD-000814,2024-01-14,39.92,0.0,39.92,Email
ORD-000815,2024-01-14,75.52,0.0,75.52,Google
ORD-000816,2024-01-14,57.93,0.0,57.93,Meta
ORD-000817,2024-01-14,111.65,0.0,111.65,Meta
ORD-000818,2024-01-14,57.48,44.96,12.52,Google
ORD-000819,2024-01-14,70.52,48.45,22.07,Meta
ORD-000820,2024-01-14,79.41,0.0,79.41,TikTok
ORD-000821,2024-01-14,64.18,0.0,64.18,Meta
ORD-000822,2024-01-14,76.84,58.66,18.18,TikTok
ORD-000823,2024-01-14,43.89,0.0,43.89,Meta
ORD-000824,2024-01-14,60.81,0.0,60.81,TikTok
ORD-000825,2024-01-14,50.47,0.0,50.47,Meta
ORD-000826,2024-01-14,76.78,0.0,76.78,TikTok
ORD-000827,2024-01-14,100.63,0.0,100.63,Meta
ORD-000828,2024-01-14,90.54,0.0,90.54,Google
ORD-000829,2024-01-14,75.54,0.0,75.54,Meta
ORD-000830,2024-01-14,70.07,32.42,37.65,Email
ORD-000831,2024-01-14,46.78,0.0,46.78,Meta
ORD-000832,2024-01-14,45.95,0.0,45.95,Google
ORD-000833,2024-01-14,75.63,47.79,27.84,Meta
ORD-000834,2024-01-15,26.12,0.0,26.12,Meta
ORD-000835,2024-01-15,78.67,36.89,41.78,Microsoft
ORD-000836,2024-01-15,60.5,0.0,60.5,Meta
ORD-000837,2024-01-15,70.96,0.0,70.96,Direct
ORD-000838,2024-01-15,61.88,0.0,61.88,Direct
ORD-000839,2024-01-15,45.94,0.0,45.94,TikTok
ORD-000840,2024-01-15,77.96,0.0,77.96,Google
ORD-000841,2024-01-15,90.88,0.0,90.88,Google
ORD-000842,2024-01-15,71.11,0.0,71.11,Meta
ORD-000843,2024-01-15,72.73,0.0,72.73,Google
ORD-000844,2024-01-15,69.63,0.0,69.63,Email
ORD-000845,2024-01-15,60.2,0.0,60.2,Meta
ORD-000846,2024-01-15,68.11,0.0,68.11,Meta
ORD-000847,2024-01-15,33.07,9.2,23.87,Meta
ORD-000848,2024-01-15,83.87,0.0,83.87,Direct
ORD-000849,2024-01-15,99.03,0.0,99.03,Email
ORD-000850,2024-01-15,82.87,0.0,82.87,Meta
ORD-000851,2024-01-15,78.7,0.0,78.7,Email
ORD-000852,2024-01-15,43.51,42.95,0.56,Google
ORD-000853,2024-01-15,102.31,0.0,102.31,Google
ORD-000854,2024-01-15,64.4,0.0,64.4,Meta
ORD-000855,2024-01-15,80.19,0.0,80.19,Google
ORD-000856,2024-01-15,57.4,0.0,57.4,TikTok
ORD-000857,2024-01-15,79.54,0.0,79.54,Google
ORD-000858,2024-01-15,69.93,0.0,69.93,Google
ORD-000859,2024-01-15,48.23,0.0,48.23,Email
ORD-000860,2024-01-15,71.88,0.0,71.88,Google
ORD-000861,2024-01-15,55.48,0.0,55.48,TikTok
ORD-000862,2024-01-15,94.35,0.0,94.35,Meta
ORD-000863,2024-01-15,59.9,0.0,59.9,Google
ORD-000864,2024-01-15,28.08,0.0,28.08,Microsoft
ORD-000865,2024-01-15,41.44,0.0,41.44,Google
ORD-000866,2024-01-15,66.97,0.0,66.97,Microsoft
ORD-000867,2024-01-15,95.76,0.0,95.76,Google
ORD-000868,2024-01-15,90.87,0.0,90.87,Meta
ORD-000869,2024-01-15,61.28,52.14,9.14,Direct
ORD-000870,2024-01-15,83.78,0.0,83.78,Google
ORD-000871,2024-01-15,78.85,0.0,78.85,Direct
ORD-000872,2024-01-15,63.23,0.0,63.23,TikTok
ORD-000873,2024-01-15,75.72,0.0,75.72,Google
ORD-000874,2024-01-15,87.31,84.79,2.52,Email
ORD-000875,2024-01-15,75.56,0.0,75.56,Direct
ORD-000876,2024-01-15,52.65,0.0,52.65,Email
ORD-000877,2024-01-15,78.89,0.0,78.89,Google
ORD-000878,2024-01-15,75.87,0.0,75.87,Google
ORD-000879,2024-01-15,98.27,0.0,98.27,Google
ORD-000880,2024-01-15,72.28,0.0,72.28,Direct
ORD-000881,2024-01-15,68.88,0.0,68.88,Google
ORD-000882,2024-01-15,66.65,0.0,66.65,Meta
ORD-000883,2024-01-15,54.74,0.0,54.74,Meta
ORD-000884,2024-01-15,82.33,0.0,82.33,Google
ORD-000885,2024-01-15,60.61,0.0,60.61,Meta
ORD-000886,2024-01-15,73.56,0.0,73.56,Google
ORD-000887,2024-01-15,85.61,0.0,85.61,Email
ORD-000888,2024-01-15,65.49,57.41,8.08,Google
ORD-000889,2024-01-15,60.65,0.0,60.65,Meta
ORD-000890,2024-01-15,101.87,0.0,101.87,Meta
ORD-000891,2024-01-16,56.98,0.0,56.98,Direct
ORD-000892,2024-01-16,61.8,0.0,61.8,Direct
ORD-000893,2024-01-16,69.93,0.0,69.93,Email
ORD-000894,2024-01-16,61.66,0.0,61.66,Direct
ORD-000895,2024-01-16,77.86,0.0,77.86,Google
ORD-000896,2024-01-16,50.27,0.0,50.27,Google
ORD-000897,2024-01-16,105.41,0.0,105.41,Email
ORD-000898,2024-01-16,52.45,0.0,52.45,Meta
ORD-000899,2024-01-16,60.32,0.0,60.32,Google
ORD-000900,2024-01-16,67.28,0.0,67.28,Email
ORD-000901,2024-01-16,63.55,0.0,63.55,Email
ORD-000902,2024-01-16,87.27,0.0,87.27,Direct
ORD-000903,2024-01-16,79.1,0.0,79.1,Google
ORD-000904,2024-01-16,39.55,0.0,39.55,Direct
ORD-000905,2024-01-16,90.54,0.0,90.54,Microsoft
ORD-000906,2024-01-16,112.53,0.0,112.53,Email
ORD-000907,2024-01-16,52.58,0.0,52.58,Email
ORD-000908,2024-01-16,78.33,0.0,78.33,Meta
ORD-000909,2024-01-16,43.65,0.0,43.65,Meta
ORD-000910,2024-01-16,72.55,0.0,72.55,Direct
ORD-000911,2024-01-16,96.34,0.0,96.34,Meta
ORD-000912,2024-01-16,94.63,0.0,94.63,TikTok
ORD-000913,2024-01-16,69.4,0.0,69.4,Direct
ORD-000914,2024-01-16,65.1,0.0,65.1,TikTok
ORD-000915,2024-01-16,48.41,0.0,48.41,Meta
ORD-000916,2024-01-16,69.35,0.0,69.35,Microsoft
ORD-000917,2024-01-16,63.25,0.0,63.25,Direct
ORD-000918,2024-01-16,67.45,0.0,67.45,Meta
ORD-000919,2024-01-16,66.09,0.0,66.09,Meta
ORD-000920,2024-01-16,34.9,0.0,34.9,Meta
ORD-000921,2024-01-16,61.14,0.0,61.14,Meta
ORD-000922,2024-01-16,26.9,0.0,26.9,Meta
ORD-000923,2024-01-16,39.59,0.0,39.59,Meta
ORD-000924,2024-01-16,90.62,0.0,90.62,Google
ORD-000925,2024-01-16,37.09,0.0,37.09,Email
ORD-000926,2024-01-17,72.48,0.0,72.48,Google
ORD-000927,2024-01-17,62.47,0.0,62.47,Direct
ORD-000928,2024-01-17,54.52,0.0,54.52,Google
ORD-000929,2024-01-17,80.24,0.0,80.24,Email
ORD-000930,2024-01-17,65.31,0.0,65.31,Meta
ORD-000931,2024-01-17,83.3,0.0,83.3,Google
ORD-000932,2024-01-17,51.87,0.0,51.87,Meta
ORD-000933,2024-01-17,62.63,19.23,43.4,Meta
ORD-000934,2024-01-17,77.75,0.0,77.75,Google
ORD-000935,2024-01-17,39.51,0.0,39.51,Google
ORD-000936,2024-01-17,68.66,0.0,68.66,Meta
ORD-000937,2024-01-17,57.31,0.0,57.31,Email
ORD-000938,2024-01-17,63.04,0.0,63.04,Microsoft
ORD-000939,2024-01-17,88.13,0.0,88.13,TikTok
ORD-000940,2024-01-17,59.02,0.0,59.02,Google
ORD-000941,2024-01-17,60.47,0.0,60.47,Google
ORD-000942,2024-01-17,58.68,0.0,58.68,Google
ORD-000943,2024-01-17,52.53,0.0,52.53,Meta
ORD-000944,2024-01-17,82.36,82.16,0.2,Direct
ORD-000945,2024-01-17,65.34,0.0,65.34,Google
ORD-000946,2024-01-17,68.53,0.0,68.53,Google
ORD-000947,2024-01-17,67.35,0.0,67.35,TikTok
ORD-000948,2024-01-17,108.31,0.0,108.31,TikTok
ORD-000949,2024-01-17,75.9,0.0,75.9,Google
ORD-000950,2024-01-17,110.45,0.0,110.45,Meta
ORD-000951,2024-01-17,80.52,0.0,80.52,TikTok
ORD-000952,2024-01-17,55.51,0.0,55.51,TikTok
ORD-000953,2024-01-17,82.43,0.0,82.43,Meta
ORD-000954,2024-01-17,47.1,0.0,47.1,Meta
ORD-000955,2024-01-17,83.06,0.0,83.06,Direct
ORD-000956,2024-01-17,74.45,0.0,74.45,Google
ORD-000957,2024-01-17,51.68,0.0,51.68,Meta
ORD-000958,2024-01-17,60.0,0.0,60.0,TikTok
ORD-000959,2024-01-17,72.94,37.56,35.38,Meta
ORD-000960,2024-01-17,43.63,0.0,43.63,Microsoft
ORD-000961,2024-01-17,66.68,0.0,66.68,Google
ORD-000962,2024-01-17,66.51,0.0,66.51,Meta
ORD-000963,2024-01-17,72.96,0.0,72.96,TikTok
ORD-000964,2024-01-17,83.81,34.83,48.98,Google
ORD-000965,2024-01-17,73.71,20.4,53.31,Google
ORD-000966,2024-01-17,63.26,0.0,63.26,Meta
ORD-000967,2024-01-17,94.53,0.0,94.53,Meta
ORD-000968,2024-01-17,63.77,0.0,63.77,Google
ORD-000969,2024-01-17,64.78,0.0,64.78,Email
ORD-000970,2024-01-17,49.76,0.0,49.76,Google
ORD-000971,2024-01-17,73.91,0.0,73.91,Direct
ORD-000972,2024-01-17,67.58,0.0,67.58,TikTok
ORD-000973,2024-01-17,90.95,0.0,90.95,Meta
ORD-000974,2024-01-17,89.85,0.0,89.85,Google
ORD-000975,2024-01-17,57.53,0.0,57.53,Direct
ORD-000976,2024-01-17,72.14,45.4,26.74,Meta
ORD-000977,2024-01-17,75.45,0.0,75.45,TikTok
ORD-000978,2024-01-17,59.14,0.0,59.14,Email
ORD-000979,2024-01-17,103.7,0.0,103.7,Meta
ORD-000980,2024-01-17,66.53,56.64,9.89,Meta
ORD-000981,2024-01-17,41.96,0.0,41.96,Google
ORD-000982,2024-01-17,46.86,0.0,46.86,Email
ORD-000983,2024-01-17,32.06,0.0,32.06,Direct
ORD-000984,2024-01-17,47.41,0.0,47.41,Email
ORD-000985,2024-01-17,80.95,0.0,80.95,Meta
ORD-000986,2024-01-17,67.38,0.0,67.38,Meta
ORD-000987,2024-01-17,66.58,0.0,66.58,Meta
ORD-000988,2024-01-17,88.47,0.0,88.47,Meta
ORD-000989,2024-01-17,69.89,0.0,69.89,Email
ORD-000990,2024-01-17,57.21,0.0,57.21,Meta
ORD-000991,2024-01-17,63.5,0.0,63.5,Direct
ORD-000992,2024-01-17,60.55,0.0,60.55,Meta
ORD-000993,2024-01-17,75.62,0.0,75.62,Direct
ORD-000994,2024-01-18,103.25,0.0,103.25,Meta
ORD-000995,2024-01-18,112.14,0.0,112.14,Meta
ORD-000996,2024-01-18,31.04,10.0,21.04,Google
ORD-000997,2024-01-18,76.37,0.0,76.37,Email
ORD-000998,2024-01-18,58.63,0.0,58.63,Email
ORD-000999,2024-01-18,54.79,0.0,54.79,Email
ORD-001000,2024-01-18,85.91,58.48,27.43,Meta
ORD-001001,2024-01-18,86.63,0.0,86.63,Google
ORD-001002,2024-01-18,73.0,0.0,73.0,Direct
ORD-001003,2024-01-18,66.43,0.0,66.43,Meta
ORD-001004,2024-01-18,87.42,0.0,87.42,Google
ORD-001005,2024-01-18,43.09,0.0,43.09,TikTok
ORD-001006,2024-01-18,67.42,0.0,67.42,Meta
ORD-001007,2024-01-18,58.73,0.0,58.73,Google
ORD-001008,2024-01-18,55.1,0.0,55.1,Meta
ORD-001009,2024-01-18,74.64,0.0,74.64,Meta
ORD-001010,2024-01-18,70.54,0.0,70.54,Meta
ORD-001011,2024-01-18,70.12,0.0,70.12,Meta
ORD-001012,2024-01-18,56.84,21.94,34.9,Microsoft
ORD-001013,2024-01-18,69.83,0.0,69.83,Meta
ORD-001014,2024-01-18,69.6,56.12,13.48,Meta
ORD-001015,2024-01-18,36.28,0.0,36.28,Google
ORD-001016,2024-01-18,69.63,0.0,69.63,Google
ORD-001017,2024-01-18,86.26,0.0,86.26,Meta
ORD-001018,2024-01-18,63.76,0.0,63.76,Direct
ORD-001019,2024-01-18,83.97,0.0,83.97,Google
ORD-001020,2024-01-18,68.74,0.0,68.74,Meta
ORD-001021,2024-01-18,75.84,0.0,75.84,Meta
ORD-001022,2024-01-18,67.62,0.0,67.62,Google
ORD-001023,2024-01-18,87.97,0.0,87.97,Meta
ORD-001024,2024-01-18,58.66,0.0,58.66,Email
ORD-001025,2024-01-18,51.02,0.0,51.02,Meta
ORD-001026,2024-01-18,103.84,0.0,103.84,Google
ORD-001027,2024-01-18,58.6,0.0,58.6,Meta
ORD-001028,2024-01-18,78.44,0.0,78.44,Google
ORD-001029,2024-01-18,42.07,0.0,42.07,Email
ORD-001030,2024-01-18,64.09,0.0,64.09,TikTok
ORD-001031,2024-01-18,64.19,0.0,64.19,Google
ORD-001032,2024-01-18,64.26,0.0,64.26,Direct
ORD-001033,2024-01-18,59.88,0.0,59.88,Email
ORD-001034,2024-01-18,71.12,0.0,71.12,Meta
ORD-001035,2024-01-18,127.27,0.0,127.27,Meta
ORD-001036,2024-01-18,73.12,0.0,73.12,Email
ORD-001037,2024-01-18,26.4,0.0,26.4,Direct
ORD-001038,2024-01-18,70.93,0.0,70.93,Email
ORD-001039,2024-01-18,54.69,0.0,54.69,Google
ORD-001040,2024-01-18,39.58,0.0,39.58,Microsoft
ORD-001041,2024-01-18,85.69,0.0,85.69,Google
ORD-001042,2024-01-18,107.56,0.0,107.56,Microsoft
ORD-001043,2024-01-18,60.12,0.0,60.12,Email
ORD-001044,2024-01-18,55.51,0.0,55.51,Meta
ORD-001045,2024-01-18,72.96,0.0,72.96,Google
ORD-001046,2024-01-18,61.79,0.0,61.79,Microsoft
ORD-001047,2024-01-18,83.1,0.0,83.1,Google
ORD-001048,2024-01-18,84.52,0.0,84.52,Google
ORD-001049,2024-01-18,84.87,0.0,84.87,Direct
ORD-001050,2024-01-18,61.46,0.0,61.46,Meta
ORD-001051,2024-01-19,76.37,0.0,76.37,Microsoft
ORD-001052,2024-01-19,83.74,0.0,83.74,Email
ORD-001053,2024-01-19,55.7,0.0,55.7,TikTok
ORD-001054,2024-01-19,30.37,0.0,30.37,Google
ORD-001055,2024-01-19,58.0,0.0,58.0,Email
ORD-001056,2024-01-19,95.24,0.0,95.24,TikTok
ORD-001057,2024-01-19,95.93,0.0,95.93,Email
ORD-001058,2024-01-19,85.9,0.0,85.9,Google
ORD-001059,2024-01-19,89.4,0.0,89.4,Google
ORD-001060,2024-01-19,93.88,0.0,93.88,Google
ORD-001061,2024-01-19,57.35,0.0,57.35,TikTok
ORD-001062,2024-01-19,76.33,0.0,76.33,Google
ORD-001063,2024-01-19,78.2,0.0,78.2,Email
ORD-001064,2024-01-19,46.64,35.96,10.68,Meta
ORD-001065,2024-01-19,70.53,0.0,70.53,Google
ORD-001066,2024-01-19,84.55,0.0,84.55,Email
ORD-001067,2024-01-19,85.38,0.0,85.38,Google
ORD-001068,2024-01-19,58.39,0.0,58.39,Google
ORD-001069,2024-01-19,66.9,0.0,66.9,Microsoft
ORD-001070,2024-01-19,72.07,0.0,72.07,Meta
ORD-001071,2024-01-19,91.98,0.0,91.98,Microsoft
ORD-001072,2024-01-19,75.18,0.0,75.18,Meta
ORD-001073,2024-01-19,40.2,0.0,40.2,TikTok
ORD-001074,2024-01-19,86.02,0.0,86.02,Direct
ORD-001075,2024-01-19,87.07,32.91,54.16,Meta
ORD-001076,2024-01-19,80.61,0.0,80.61,Google
ORD-001077,2024-01-19,79.53,0.0,79.53,Google
ORD-001078,2024-01-19,68.82,0.0,68.82,TikTok
ORD-001079,2024-01-19,77.99,0.0,77.99,Direct
ORD-001080,2024-01-19,64.25,0.0,64.25,Meta
ORD-001081,2024-01-19,101.25,0.0,101.25,Google
ORD-001082,2024-01-19,52.86,0.0,52.86,Microsoft
ORD-001083,2024-01-19,79.96,0.0,79.96,Google
ORD-001084,2024-01-19,66.46,41.35,25.11,Direct
ORD-001085,2024-01-19,95.72,0.0,95.72,Microsoft
ORD-001086,2024-01-19,42.33,0.0,42.33,Microsoft
ORD-001087,2024-01-19,33.03,0.0,33.03,Email
ORD-001088,2024-01-19,116.88,0.0,116.88,Meta
ORD-001089,2024-01-19,97.18,0.0,97.18,Google
ORD-001090,2024-01-19,62.01,0.0,62.01,TikTok
ORD-001091,2024-01-19,71.11,0.0,71.11,Meta
ORD-001092,2024-01-19,66.31,0.0,66.31,Email
ORD-001093,2024-01-19,61.62,0.0,61.62,Email
ORD-001094,2024-01-19,53.24,0.0,53.24,Email
ORD-001095,2024-01-19,77.12,0.0,77.12,Microsoft
ORD-001096,2024-01-19,51.04,0.0,51.04,Meta
ORD-001097,2024-01-19,60.84,12.59,48.25,Google
ORD-001098,2024-01-19,66.23,0.0,66.23,Meta
ORD-001099,2024-01-20,45.9,25.28,20.62,Microsoft
ORD-001100,2024-01-20,53.09,0.0,53.09,Google
ORD-001101,2024-01-20,89.33,0.0,89.33,Direct
ORD-001102,2024-01-20,52.6,0.0,52.6,Google
ORD-001103,2024-01-20,50.56,11.94,38.62,Google
ORD-001104,2024-01-20,67.62,0.0,67.62,Email
ORD-001105,2024-01-20,78.54,0.0,78.54,Google
ORD-001106,2024-01-20,75.64,0.0,75.64,Email
ORD-001107,2024-01-20,70.27,0.0,70.27,Meta
ORD-001108,2024-01-20,66.83,0.0,66.83,Direct
ORD-001109,2024-01-20,87.85,0.0,87.85,Direct
ORD-001110,2024-01-20,58.05,0.0,58.05,Direct
ORD-001111,2024-01-20,76.66,0.0,76.66,Google
ORD-001112,2024-01-20,84.1,0.0,84.1,Email
ORD-001113,2024-01-20,68.72,0.0,68.72,Meta
ORD-001114,2024-01-20,52.98,0.0,52.98,Meta
ORD-001115,2024-01-20,63.21,37.49,25.72,TikTok
ORD-001116,2024-01-20,32.47,0.0,32.47,Google
ORD-001117,2024-01-20,68.23,0.0,68.23,Email
ORD-001118,2024-01-20,70.08,0.0,70.08,TikTok
ORD-001119,2024-01-20,49.87,0.0,49.87,Email
ORD-001120,2024-01-20,108.1,0.0,108.1,Meta
ORD-001121,2024-01-20,31.82,0.0,31.82,Email
ORD-001122,2024-01-20,92.49,0.0,92.49,Email
ORD-001123,2024-01-20,62.07,0.0,62.07,Google
ORD-001124,2024-01-20,75.72,0.0,75.72,TikTok
ORD-001125,2024-01-20,71.41,0.0,71.41,Meta
ORD-001126,2024-01-20,53.8,0.0,53.8,Google
ORD-001127,2024-01-20,59.45,0.0,59.45,Google
ORD-001128,2024-01-20,43.18,0.0,43.18,TikTok
ORD-001129,2024-01-20,59.78,0.0,59.78,Google
ORD-001130,2024-01-20,74.85,0.0,74.85,Email
ORD-001131,2024-01-20,75.86,0.0,75.86,TikTok
ORD-001132,2024-01-20,67.09,57.03,10.06,Meta
ORD-001133,2024-01-20,93.75,0.0,93.75,Meta
ORD-001134,2024-01-20,37.95,0.0,37.95,Google
ORD-001135,2024-01-20,68.84,0.0,68.84,Meta
ORD-001136,2024-01-20,110.09,0.0,110.09,Meta
ORD-001137,2024-01-20,73.38,0.0,73.38,Google
ORD-001138,2024-01-20,68.21,0.0,68.21,Direct
ORD-001139,2024-01-20,83.53,0.0,83.53,Meta
ORD-001140,2024-01-20,41.49,0.0,41.49,Microsoft
ORD-001141,2024-01-20,60.0,16.53,43.47,Meta
ORD-001142,2024-01-20,97.23,0.0,97.23,Google
ORD-001143,2024-01-20,83.96,0.0,83.96,Email
ORD-001144,2024-01-20,75.87,0.0,75.87,Google
ORD-001145,2024-01-20,46.05,0.0,46.05,Email
ORD-001146,2024-01-20,52.27,0.0,52.27,Meta
ORD-001147,2024-01-20,81.47,0.0,81.47,Email
ORD-001148,2024-01-20,48.04,0.0,48.04,Google
ORD-001149,2024-01-20,52.22,24.91,27.31,Email
ORD-001150,2024-01-20,72.72,62.4,10.32,Email
ORD-001151,2024-01-20,64.55,44.96,19.59,Direct
ORD-001152,2024-01-20,20.98,0.0,20.98,Google
ORD-001153,2024-01-20,54.74,0.0,54.74,Microsoft
ORD-001154,2024-01-20,73.44,45.91,27.53,TikTok
ORD-001155,2024-01-20,86.18,0.0,86.18,TikTok
ORD-001156,2024-01-20,96.01,0.0,96.01,Direct
ORD-001157,2024-01-20,55.47,43.93,11.54,Meta
ORD-001158,2024-01-20,99.73,0.0,99.73,Meta
ORD-001159,2024-01-20,63.49,0.0,63.49,Direct
ORD-001160,2024-01-20,47.57,0.0,47.57,Email
ORD-001161,2024-01-21,37.77,21.46,16.31,Google
ORD-001162,2024-01-21,47.31,0.0,47.31,Microsoft
ORD-001163,2024-01-21,85.06,0.0,85.06,Meta
ORD-001164,2024-01-21,62.66,0.0,62.66,Direct
ORD-001165,2024-01-21,89.63,0.0,89.63,Direct
ORD-001166,2024-01-21,83.15,0.0,83.15,TikTok
ORD-001167,2024-01-21,58.03,0.0,58.03,Google
ORD-001168,2024-01-21,67.37,44.51,22.86,Microsoft
ORD-001169,2024-01-21,59.6,0.0,59.6,Meta
ORD-001170,2024-01-21,81.01,0.0,81.01,Meta
ORD-001171,2024-01-21,79.81,0.0,79.81,Email
ORD-001172,2024-01-21,86.44,0.0,86.44,TikTok
ORD-001173,2024-01-21,64.72,0.0,64.72,Meta
ORD-001174,2024-01-21,99.96,85.83,14.13,Meta
ORD-001175,2024-01-21,59.8,0.0,59.8,Google
ORD-001176,2024-01-21,63.53,0.0,63.53,Email
ORD-001177,2024-01-21,64.28,0.0,64.28,Google
ORD-001178,2024-01-21,60.9,0.0,60.9,Google
ORD-001179,2024-01-21,62.58,0.0,62.58,Google
ORD-001180,2024-01-21,66.33,0.0,66.33,Direct
ORD-001181,2024-01-21,41.91,0.0,41.91,Meta
ORD-001182,2024-01-21,72.77,0.0,72.77,Meta
ORD-001183,2024-01-21,102.01,0.0,102.01,Email
ORD-001184,2024-01-21,88.37,0.0,88.37,Direct
ORD-001185,2024-01-21,86.17,47.4,38.77,Meta
ORD-001186,2024-01-21,61.74,0.0,61.74,Direct
ORD-001187,2024-01-21,57.79,0.0,57.79,Email
ORD-001188,2024-01-21,40.32,30.52,9.8,Meta
ORD-001189,2024-01-21,86.89,0.0,86.89,Google
ORD-001190,2024-01-21,72.42,0.0,72.42,Email
ORD-001191,2024-01-21,77.54,0.0,77.54,Google
ORD-001192,2024-01-21,54.61,52.5,2.11,Direct
ORD-001193,2024-01-21,62.19,0.0,62.19,TikTok
ORD-001194,2024-01-21,50.99,0.0,50.99,Direct
ORD-001195,2024-01-21,98.66,0.0,98.66,TikTok
ORD-001196,2024-01-21,52.56,0.0,52.56,Meta
ORD-001197,2024-01-21,64.38,0.0,64.38,Email
ORD-001198,2024-01-21,70.37,0.0,70.37,Meta
ORD-001199,2024-01-21,51.84,0.0,51.84,Microsoft
ORD-001200,2024-01-21,87.04,55.52,31.52,Email
ORD-001201,2024-01-21,48.18,0.0,48.18,Meta
ORD-001202,2024-01-21,61.41,0.0,61.41,Meta
ORD-001203,2024-01-21,85.21,0.0,85.21,Direct
ORD-001204,2024-01-21,68.4,0.0,68.4,Email
ORD-001205,2024-01-21,57.69,0.0,57.69,Microsoft
ORD-001206,2024-01-21,66.19,0.0,66.19,Meta
ORD-001207,2024-01-21,64.14,0.0,64.14,Direct
ORD-001208,2024-01-21,84.42,0.0,84.42,Email
ORD-001209,2024-01-21,68.92,0.0,68.92,Meta
ORD-001210,2024-01-21,87.34,0.0,87.34,Email
ORD-001211,2024-01-21,67.4,0.0,67.4,Meta
ORD-001212,2024-01-21,47.96,0.0,47.96,TikTok
ORD-001213,2024-01-21,66.12,0.0,66.12,Meta
ORD-001214,2024-01-21,39.45,0.0,39.45,Direct
ORD-001215,2024-01-21,17.95,0.0,17.95,Google
ORD-001216,2024-01-21,115.08,0.0,115.08,Email
ORD-001217,2024-01-21,78.09,0.0,78.09,Google
ORD-001218,2024-01-21,59.84,0.0,59.84,Meta
ORD-001219,2024-01-21,65.05,0.0,65.05,Email
ORD-001220,2024-01-21,54.32,0.0,54.32,Meta
ORD-001221,2024-01-21,80.85,0.0,80.85,Meta
ORD-001222,2024-01-21,45.66,0.0,45.66,Direct
ORD-001223,2024-01-21,42.03,0.0,42.03,Meta
ORD-001224,2024-01-21,78.96,0.0,78.96,Meta
ORD-001225,2024-01-21,79.38,0.0,79.38,Direct
ORD-001226,2024-01-21,98.98,0.0,98.98,Meta
ORD-001227,2024-01-21,73.7,0.0,73.7,Meta
ORD-001228,2024-01-21,73.01,0.0,73.01,Google
ORD-001229,2024-01-21,134.18,0.0,134.18,TikTok
ORD-001230,2024-01-22,65.21,0.0,65.21,Email
ORD-001231,2024-01-22,45.74,0.0,45.74,Meta
ORD-001232,2024-01-22,76.13,0.0,76.13,Google
ORD-001233,2024-01-22,46.3,0.0,46.3,Google
ORD-001234,2024-01-22,62.96,0.0,62.96,Google
ORD-001235,2024-01-22,57.22,55.13,2.09,Microsoft
ORD-001236,2024-01-22,79.34,0.0,79.34,Direct
ORD-001237,2024-01-22,39.98,17.44,22.54,Meta
ORD-001238,2024-01-22,60.19,0.0,60.19,Google
ORD-001239,2024-01-22,71.89,0.0,71.89,Email
ORD-001240,2024-01-22,51.31,0.0,51.31,TikTok
ORD-001241,2024-01-22,66.3,0.0,66.3,Email
ORD-001242,2024-01-22,84.4,0.0,84.4,Google
ORD-001243,2024-01-22,82.04,0.0,82.04,Google
ORD-001244,2024-01-22,74.89,0.0,74.89,Google
ORD-001245,2024-01-22,68.55,0.0,68.55,Google
ORD-001246,2024-01-22,83.64,0.0,83.64,Direct
ORD-001247,2024-01-22,72.96,0.0,72.96,Meta
ORD-001248,2024-01-22,51.94,0.0,51.94,Meta
ORD-001249,2024-01-22,58.3,0.0,58.3,Google
ORD-001250,2024-01-22,79.55,0.0,79.55,Meta
ORD-001251,2024-01-22,87.61,0.0,87.61,Email
ORD-001252,2024-01-22,55.72,0.0,55.72,Direct
ORD-001253,2024-01-22,57.64,0.0,57.64,Direct
ORD-001254,2024-01-22,75.08,60.23,14.85,TikTok
ORD-001255,2024-01-22,58.28,0.0,58.28,Meta
ORD-001256,2024-01-22,60.48,0.0,60.48,Google
ORD-001257,2024-01-22,50.49,0.0,50.49,Email
ORD-001258,2024-01-22,40.89,0.0,40.89,Meta
ORD-001259,2024-01-22,83.75,0.0,83.75,Microsoft
ORD-001260,2024-01-22,35.16,0.0,35.16,Email
ORD-001261,2024-01-22,56.18,0.0,56.18,TikTok
ORD-001262,2024-01-22,101.59,0.0,101.59,Meta
ORD-001263,2024-01-22,40.62,0.0,40.62,Email
ORD-001264,2024-01-22,63.73,0.0,63.73,Meta
ORD-001265,2024-01-22,52.67,0.0,52.67,Meta
ORD-001266,2024-01-22,61.16,0.0,61.16,Google
ORD-001267,2024-01-22,54.98,0.0,54.98,Direct
ORD-001268,2024-01-22,65.21,0.0,65.21,Meta
ORD-001269,2024-01-22,71.91,0.0,71.91,Email
ORD-001270,2024-01-22,87.19,0.0,87.19,Direct
ORD-001271,2024-01-22,72.68,0.0,72.68,Meta
ORD-001272,2024-01-22,65.27,17.59,47.68,Meta
ORD-001273,2024-01-22,91.77,0.0,91.77,Google
ORD-001274,2024-01-22,61.5,0.0,61.5,Meta
ORD-001275,2024-01-23,62.47,0.0,62.47,Direct
ORD-001276,2024-01-23,79.97,0.0,79.97,Google
ORD-001277,2024-01-23,86.63,0.0,86.63,Meta
ORD-001278,2024-01-23,62.19,0.0,62.19,Email
ORD-001279,2024-01-23,24.2,0.0,24.2,Meta
ORD-001280,2024-01-23,79.38,0.0,79.38,Direct
ORD-001281,2024-01-23,48.2,0.0,48.2,Meta
ORD-001282,2024-01-23,58.44,0.0,58.44,Google
ORD-001283,2024-01-23,41.66,0.0,41.66,Email
ORD-001284,2024-01-23,69.71,0.0,69.71,Email
ORD-001285,2024-01-23,91.39,0.0,91.39,Email
ORD-001286,2024-01-23,62.03,0.0,62.03,Meta
ORD-001287,2024-01-23,55.8,0.0,55.8,Meta
ORD-001288,2024-01-23,92.62,92.32,0.3,TikTok
ORD-001289,2024-01-23,59.5,0.0,59.5,TikTok
ORD-001290,2024-01-23,57.73,31.93,25.8,Meta
ORD-001291,2024-01-23,57.23,0.0,57.23,Meta
ORD-001292,2024-01-23,73.86,0.0,73.86,Google
ORD-001293,2024-01-23,72.58,20.97,51.61,Meta
ORD-001294,2024-01-23,85.62,0.0,85.62,TikTok
ORD-001295,2024-01-23,73.86,0.0,73.86,Google
ORD-001296,2024-01-23,79.12,0.0,79.12,Direct
ORD-001297,2024-01-23,67.62,0.0,67.62,Google
ORD-001298,2024-01-23,55.27,0.0,55.27,TikTok
ORD-001299,2024-01-23,117.36,0.0,117.36,Microsoft
ORD-001300,2024-01-23,76.38,0.0,76.38,Meta
ORD-001301,2024-01-23,53.63,0.0,53.63,Email
ORD-001302,2024-01-23,70.38,0.0,70.38,Meta
ORD-001303,2024-01-23,65.23,0.0,65.23,Meta
ORD-001304,2024-01-23,44.17,0.0,44.17,Meta
ORD-001305,2024-01-23,40.38,0.0,40.38,Meta
ORD-001306,2024-01-23,63.68,0.0,63.68,Google
ORD-001307,2024-01-23,59.47,0.0,59.47,Meta
ORD-001308,2024-01-23,57.35,0.0,57.35,Google
ORD-001309,2024-01-23,82.65,0.0,82.65,Meta
ORD-001310,2024-01-23,63.0,0.0,63.0,Direct
ORD-001311,2024-01-23,78.45,0.0,78.45,Meta
ORD-001312,2024-01-23,60.17,0.0,60.17,Google
ORD-001313,2024-01-23,102.77,0.0,102.77,Meta
ORD-001314,2024-01-23,104.51,0.0,104.51,Email
ORD-001315,2024-01-23,50.66,0.0,50.66,Google
ORD-001316,2024-01-23,79.05,0.0,79.05,TikTok
ORD-001317,2024-01-23,122.8,0.0,122.8,Google
ORD-001318,2024-01-23,83.46,0.0,83.46,Meta
ORD-001319,2024-01-23,59.8,0.0,59.8,Google
ORD-001320,2024-01-23,57.34,0.0,57.34,Google
ORD-001321,2024-01-23,90.77,0.0,90.77,Meta
ORD-001322,2024-01-23,95.62,0.0,95.62,Meta
ORD-001323,2024-01-23,107.66,0.0,107.66,Microsoft
ORD-001324,2024-01-23,61.62,0.0,61.62,Google
ORD-001325,2024-01-23,79.21,0.0,79.21,Google
ORD-001326,2024-01-23,87.99,0.0,87.99,Direct
ORD-001327,2024-01-23,95.38,0.0,95.38,Direct
ORD-001328,2024-01-23,81.76,28.49,53.27,Meta
ORD-001329,2024-01-24,90.41,0.0,90.41,Direct
ORD-001330,2024-01-24,56.81,0.0,56.81,Meta
ORD-001331,2024-01-24,67.43,0.0,67.43,Email
ORD-001332,2024-01-24,103.11,0.0,103.11,Email
ORD-001333,2024-01-24,53.71,0.0,53.71,Email
ORD-001334,2024-01-24,114.55,0.0,114.55,TikTok
ORD-001335,2024-01-24,73.61,0.0,73.61,Microsoft
ORD-001336,2024-01-24,79.01,0.0,79.01,Google
ORD-001337,2024-01-24,65.54,0.0,65.54,Google
ORD-001338,2024-01-24,66.29,0.0,66.29,Meta
ORD-001339,2024-01-24,73.63,0.0,73.63,Meta
ORD-001340,2024-01-24,65.64,32.5,33.14,Google
ORD-001341,2024-01-24,71.64,0.0,71.64,Google
ORD-001342,2024-01-24,39.42,0.0,39.42,Email
ORD-001343,2024-01-24,57.42,0.0,57.42,Direct
ORD-001344,2024-01-24,78.03,0.0,78.03,Meta
ORD-001345,2024-01-24,67.98,0.0,67.98,Meta
ORD-001346,2024-01-24,65.89,0.0,65.89,Direct
ORD-001347,2024-01-24,70.21,0.0,70.21,Email
ORD-001348,2024-01-24,68.34,0.0,68.34,Meta
ORD-001349,2024-01-24,58.06,0.0,58.06,Direct
ORD-001350,2024-01-24,61.65,0.0,61.65,Meta
ORD-001351,2024-01-24,61.71,0.0,61.71,Direct
ORD-001352,2024-01-24,72.72,0.0,72.72,Direct
ORD-001353,2024-01-24,73.96,0.0,73.96,Direct
ORD-001354,2024-01-24,41.72,0.0,41.72,Meta
ORD-001355,2024-01-24,73.83,0.0,73.83,Meta
ORD-001356,2024-01-24,100.29,0.0,100.29,Meta
ORD-001357,2024-01-24,82.44,0.0,82.44,Google
ORD-001358,2024-01-24,57.15,0.0,57.15,Google
ORD-001359,2024-01-24,40.74,0.0,40.74,Email
ORD-001360,2024-01-24,69.49,0.0,69.49,Email
ORD-001361,2024-01-24,78.44,0.0,78.44,Direct
ORD-001362,2024-01-24,61.34,0.0,61.34,Google
ORD-001363,2024-01-24,66.4,0.0,66.4,Google
ORD-001364,2024-01-24,81.43,0.0,81.43,Meta
ORD-001365,2024-01-24,76.31,0.0,76.31,Google
ORD-001366,2024-01-24,48.57,0.0,48.57,Google
ORD-001367,2024-01-24,62.04,21.47,40.57,Direct
ORD-001368,2024-01-24,85.57,0.0,85.57,Google
ORD-001369,2024-01-24,83.58,0.0,83.58,Meta
ORD-001370,2024-01-24,18.58,4.63,13.95,Google
ORD-001371,2024-01-24,65.42,0.0,65.42,Direct
ORD-001372,2024-01-24,85.38,42.48,42.9,Email
ORD-001373,2024-01-24,72.35,0.0,72.35,Google
ORD-001374,2024-01-24,97.8,0.0,97.8,Meta
ORD-001375,2024-01-24,68.26,0.0,68.26,Meta
ORD-001376,2024-01-24,57.42,57.34,0.08,Meta
ORD-001377,2024-01-24,75.71,0.0,75.71,Email
ORD-001378,2024-01-24,92.68,0.0,92.68,Meta
ORD-001379,2024-01-24,80.33,0.0,80.33,TikTok
ORD-001380,2024-01-24,69.52,0.0,69.52,Google
ORD-001381,2024-01-24,64.69,0.0,64.69,Email
ORD-001382,2024-01-24,58.68,0.0,58.68,Email
ORD-001383,2024-01-24,72.78,0.0,72.78,Direct
ORD-001384,2024-01-24,79.21,0.0,79.21,Google
ORD-001385,2024-01-24,33.71,0.0,33.71,Google
ORD-001386,2024-01-24,37.72,0.0,37.72,Email
ORD-001387,2024-01-24,74.61,0.0,74.61,Meta
ORD-001388,2024-01-25,62.62,0.0,62.62,Google
ORD-001389,2024-01-25,82.82,0.0,82.82,Google
ORD-001390,2024-01-25,53.0,0.0,53.0,TikTok
ORD-001391,2024-01-25,81.27,0.0,81.27,Google
ORD-001392,2024-01-25,90.94,0.0,90.94,Google
ORD-001393,2024-01-25,54.44,0.0,54.44,Direct
ORD-001394,2024-01-25,83.36,0.0,83.36,Google
ORD-001395,2024-01-25,71.16,0.0,71.16,Google
ORD-001396,2024-01-25,48.08,0.0,48.08,Google
ORD-001397,2024-01-25,48.88,0.0,48.88,Direct
ORD-001398,2024-01-25,67.94,0.0,67.94,Google
ORD-001399,2024-01-25,59.39,0.0,59.39,Google
ORD-001400,2024-01-25,57.71,33.02,24.69,Google
ORD-001401,2024-01-25,80.78,0.0,80.78,Meta
ORD-001402,2024-01-25,53.16,0.0,53.16,Meta
ORD-001403,2024-01-25,93.56,0.0,93.56,Google
ORD-001404,2024-01-25,55.72,0.0,55.72,Email
ORD-001405,2024-01-25,61.98,0.0,61.98,Email
ORD-001406,2024-01-25,69.13,0.0,69.13,Meta
ORD-001407,2024-01-25,68.83,0.0,68.83,Google
ORD-001408,2024-01-25,80.77,0.0,80.77,Google
ORD-001409,2024-01-25,77.18,0.0,77.18,Meta
ORD-001410,2024-01-25,51.61,0.0,51.61,Google
ORD-001411,2024-01-25,74.86,0.0,74.86,Meta
ORD-001412,2024-01-25,49.04,0.0,49.04,Direct
ORD-001413,2024-01-25,66.74,0.0,66.74,Google
ORD-001414,2024-01-25,81.37,0.0,81.37,Google
ORD-001415,2024-01-25,64.41,0.0,64.41,Email
ORD-001416,2024-01-25,73.07,0.0,73.07,Google
ORD-001417,2024-01-25,86.69,0.0,86.69,Meta
ORD-001418,2024-01-25,77.61,0.0,77.61,TikTok
ORD-001419,2024-01-25,46.53,0.0,46.53,Meta
ORD-001420,2024-01-25,50.45,0.0,50.45,Google
ORD-001421,2024-01-25,89.28,0.0,89.28,Google
ORD-001422,2024-01-25,100.26,0.0,100.26,Google
ORD-001423,2024-01-25,58.85,0.0,58.85,Google
ORD-001424,2024-01-25,57.48,0.0,57.48,Email
ORD-001425,2024-01-25,30.67,0.0,30.67,Direct
ORD-001426,2024-01-25,39.63,0.0,39.63,Meta
ORD-001427,2024-01-25,48.16,0.0,48.16,Microsoft
ORD-001428,2024-01-25,83.19,0.0,83.19,Google
ORD-001429,2024-01-25,111.81,0.0,111.81,Email
ORD-001430,2024-01-25,61.18,0.0,61.18,Google
ORD-001431,2024-01-25,73.22,0.0,73.22,Meta
ORD-001432,2024-01-25,65.09,0.0,65.09,Email
ORD-001433,2024-01-25,82.98,0.0,82.98,Google
ORD-001434,2024-01-25,85.43,0.0,85.43,Meta
ORD-001435,2024-01-25,50.07,0.0,50.07,Meta
ORD-001436,2024-01-25,62.11,0.0,62.11,Microsoft
ORD-001437,2024-01-25,75.58,0.0,75.58,Google
ORD-001438,2024-01-25,78.08,0.0,78.08,TikTok
ORD-001439,2024-01-25,50.8,0.0,50.8,Meta
ORD-001440,2024-01-25,80.84,38.81,42.03,Meta
ORD-001441,2024-01-25,59.29,0.0,59.29,Email
ORD-001442,2024-01-25,69.07,0.0,69.07,TikTok
ORD-001443,2024-01-25,94.45,0.0,94.45,Google
ORD-001444,2024-01-25,59.27,0.0,59.27,Meta
ORD-001445,2024-01-25,49.5,0.0,49.5,Meta
ORD-001446,2024-01-25,58.84,0.0,58.84,Meta
ORD-001447,2024-01-25,65.11,0.0,65.11,Direct
ORD-001448,2024-01-25,59.22,0.0,59.22,Meta
ORD-001449,2024-01-25,92.93,65.12,27.81,Meta
ORD-001450,2024-01-25,61.27,0.0,61.27,Microsoft
ORD-001451,2024-01-25,70.8,0.0,70.8,Microsoft
ORD-001452,2024-01-25,81.67,0.0,81.67,Direct
ORD-001453,2024-01-25,64.6,0.0,64.6,Meta
ORD-001454,2024-01-25,47.67,0.0,47.67,Direct
ORD-001455,2024-01-25,64.0,0.0,64.0,Email
ORD-001456,2024-01-25,73.54,0.0,73.54,Meta
ORD-001457,2024-01-26,62.96,0.0,62.96,Google
ORD-001458,2024-01-26,75.14,62.34,12.8,Microsoft
ORD-001459,2024-01-26,52.91,0.0,52.91,Email
ORD-001460,2024-01-26,90.39,0.0,90.39,Google
ORD-001461,2024-01-26,43.09,0.0,43.09,Google
ORD-001462,2024-01-26,58.78,0.0,58.78,TikTok
ORD-001463,2024-01-26,94.46,0.0,94.46,Meta
ORD-001464,2024-01-26,79.09,0.0,79.09,Meta
ORD-001465,2024-01-26,51.58,0.0,51.58,Google
ORD-001466,2024-01-26,22.19,0.0,22.19,Meta
ORD-001467,2024-01-26,62.4,0.0,62.4,Email
ORD-001468,2024-01-26,52.73,0.0,52.73,Meta
ORD-001469,2024-01-26,90.12,0.0,90.12,Email
ORD-001470,2024-01-26,76.16,0.0,76.16,Google
ORD-001471,2024-01-26,52.44,0.0,52.44,Direct
ORD-001472,2024-01-26,86.74,0.0,86.74,Meta
ORD-001473,2024-01-26,120.98,0.0,120.98,Direct
ORD-001474,2024-01-26,70.18,0.0,70.18,Direct
ORD-001475,2024-01-26,40.33,0.0,40.33,Google
ORD-001476,2024-01-26,89.82,0.0,89.82,Meta
ORD-001477,2024-01-26,45.37,0.0,45.37,TikTok
ORD-001478,2024-01-26,56.34,0.0,56.34,Meta
ORD-001479,2024-01-26,50.0,0.0,50.0,Direct
ORD-001480,2024-01-26,53.56,0.0,53.56,TikTok
ORD-001481,2024-01-26,66.53,0.0,66.53,Meta
ORD-001482,2024-01-26,59.55,0.0,59.55,Email
ORD-001483,2024-01-26,53.17,47.02,6.15,Email
ORD-001484,2024-01-26,36.48,0.0,36.48,Direct
ORD-001485,2024-01-26,75.97,0.0,75.97,Google
ORD-001486,2024-01-26,66.45,0.0,66.45,Meta
ORD-001487,2024-01-26,83.29,0.0,83.29,TikTok
ORD-001488,2024-01-26,65.8,0.0,65.8,Direct
ORD-001489,2024-01-26,115.96,0.0,115.96,Meta
ORD-001490,2024-01-26,83.01,56.51,26.5,Email
ORD-001491,2024-01-26,105.63,0.0,105.63,Direct
ORD-001492,2024-01-26,87.77,0.0,87.77,Google
ORD-001493,2024-01-26,66.51,0.0,66.51,Google
ORD-001494,2024-01-26,57.98,0.0,57.98,Microsoft
ORD-001495,2024-01-26,84.09,0.0,84.09,Direct
ORD-001496,2024-01-26,80.4,0.0,80.4,Meta
ORD-001497,2024-01-26,79.2,0.0,79.2,Google
ORD-001498,2024-01-26,60.27,0.0,60.27,Google
ORD-001499,2024-01-26,84.49,0.0,84.49,Microsoft
ORD-001500,2024-01-26,98.05,0.0,98.05,TikTok
ORD-001501,2024-01-26,59.45,0.0,59.45,Meta
ORD-001502,2024-01-26,45.05,0.0,45.05,Google
ORD-001503,2024-01-26,86.78,70.62,16.16,Meta
ORD-001504,2024-01-26,62.66,0.0,62.66,Email
ORD-001505,2024-01-26,65.51,0.0,65.51,Meta
ORD-001506,2024-01-27,73.95,0.0,73.95,Google
ORD-001507,2024-01-27,66.51,0.0,66.51,Microsoft
ORD-001508,2024-01-27,54.01,0.0,54.01,Google
ORD-001509,2024-01-27,54.29,0.0,54.29,Direct
ORD-001510,2024-01-27,60.76,26.82,33.94,TikTok
ORD-001511,2024-01-27,83.79,0.0,83.79,Direct
ORD-001512,2024-01-27,45.61,0.0,45.61,TikTok
ORD-001513,2024-01-27,56.83,0.0,56.83,Email
ORD-001514,2024-01-27,54.4,0.0,54.4,Email
ORD-001515,2024-01-27,54.08,0.0,54.08,Email
ORD-001516,2024-01-27,45.5,0.0,45.5,Microsoft
ORD-001517,2024-01-27,85.53,0.0,85.53,Meta
ORD-001518,2024-01-27,52.33,0.0,52.33,Google
ORD-001519,2024-01-27,111.64,0.0,111.64,Direct
ORD-001520,2024-01-27,71.95,64.39,7.56,Direct
ORD-001521,2024-01-27,97.75,0.0,97.75,Google
ORD-001522,2024-01-27,39.94,0.0,39.94,Direct
ORD-001523,2024-01-27,59.69,0.0,59.69,Meta
ORD-001524,2024-01-27,84.3,0.0,84.3,TikTok
ORD-001525,2024-01-27,63.42,0.0,63.42,Meta
ORD-001526,2024-01-27,56.46,0.0,56.46,Direct
ORD-001527,2024-01-27,54.27,0.0,54.27,Google
ORD-001528,2024-01-27,93.7,0.0,93.7,Email
ORD-001529,2024-01-27,61.37,0.0,61.37,TikTok
ORD-001530,2024-01-27,81.77,0.0,81.77,Direct
ORD-001531,2024-01-27,65.81,0.0,65.81,Email
ORD-001532,2024-01-27,48.39,0.0,48.39,Direct
ORD-001533,2024-01-27,54.02,0.0,54.02,Meta
ORD-001534,2024-01-27,61.13,25.99,35.14,Meta
ORD-001535,2024-01-27,60.8,0.0,60.8,Meta
ORD-001536,2024-01-27,46.86,0.0,46.86,Meta
ORD-001537,2024-01-27,72.33,0.0,72.33,Google
ORD-001538,2024-01-27,77.32,0.0,77.32,Google
ORD-001539,2024-01-27,36.05,0.0,36.05,Direct
ORD-001540,2024-01-27,84.42,0.0,84.42,Meta
ORD-001541,2024-01-27,42.55,0.0,42.55,Google
ORD-001542,2024-01-27,70.34,0.0,70.34,Direct
ORD-001543,2024-01-27,59.79,0.0,59.79,Meta
ORD-001544,2024-01-27,47.58,0.0,47.58,TikTok
ORD-001545,2024-01-27,67.02,48.21,18.81,Google
ORD-001546,2024-01-27,66.39,0.0,66.39,Meta
ORD-001547,2024-01-27,30.16,0.0,30.16,Email
ORD-001548,2024-01-27,80.8,0.0,80.8,Google
ORD-001549,2024-01-27,96.92,0.0,96.92,Google
ORD-001550,2024-01-27,63.06,0.0,63.06,Google
ORD-001551,2024-01-27,38.43,0.0,38.43,Meta
ORD-001552,2024-01-27,44.31,0.0,44.31,Google
ORD-001553,2024-01-27,69.01,0.0,69.01,Meta
ORD-001554,2024-01-27,82.7,0.0,82.7,Direct
ORD-001555,2024-01-27,60.97,0.0,60.97,Microsoft
ORD-001556,2024-01-27,102.02,0.0,102.02,Meta
ORD-001557,2024-01-27,67.78,0.0,67.78,Direct
ORD-001558,2024-01-27,65.02,0.0,65.02,Google
ORD-001559,2024-01-27,77.32,0.0,77.32,Direct
ORD-001560,2024-01-27,47.36,0.0,47.36,Google
ORD-001561,2024-01-27,92.23,0.0,92.23,Direct
ORD-001562,2024-01-27,80.02,0.0,80.02,Google
ORD-001563,2024-01-28,87.18,0.0,87.18,Email
ORD-001564,2024-01-28,96.11,0.0,96.11,TikTok
ORD-001565,2024-01-28,86.02,0.0,86.02,Google
ORD-001566,2024-01-28,64.18,0.0,64.18,Meta
ORD-001567,2024-01-28,64.66,0.0,64.66,Meta
ORD-001568,2024-01-28,63.88,0.0,63.88,Email
ORD-001569,2024-01-28,95.2,0.0,95.2,Meta
ORD-001570,2024-01-28,68.75,53.58,15.17,Google
ORD-001571,2024-01-28,49.52,0.0,49.52,Google
ORD-001572,2024-01-28,27.77,0.0,27.77,Direct
ORD-001573,2024-01-28,56.25,0.0,56.25,Email
ORD-001574,2024-01-28,26.28,0.0,26.28,Email
ORD-001575,2024-01-28,67.75,0.0,67.75,Direct
ORD-001576,2024-01-28,53.73,0.0,53.73,Email
ORD-001577,2024-01-28,92.25,0.0,92.25,Meta
ORD-001578,2024-01-28,63.48,0.0,63.48,TikTok
ORD-001579,2024-01-28,51.84,11.69,40.15,Meta
ORD-001580,2024-01-28,81.38,0.0,81.38,Meta
ORD-001581,2024-01-28,81.25,0.0,81.25,Meta
ORD-001582,2024-01-28,71.21,0.0,71.21,Google
ORD-001583,2024-01-28,64.09,0.0,64.09,Email
ORD-001584,2024-01-28,70.34,0.0,70.34,Meta
ORD-001585,2024-01-28,50.59,0.0,50.59,TikTok
ORD-001586,2024-01-28,57.16,0.0,57.16,Meta
ORD-001587,2024-01-28,75.48,51.7,23.78,Meta
ORD-001588,2024-01-28,54.48,0.0,54.48,Meta
ORD-001589,2024-01-28,71.91,0.0,71.91,TikTok
ORD-001590,2024-01-28,79.89,0.0,79.89,Meta
ORD-001591,2024-01-28,38.56,0.0,38.56,Email
ORD-001592,2024-01-28,82.44,0.0,82.44,Google
ORD-001593,2024-01-28,76.75,0.0,76.75,Meta
ORD-001594,2024-01-28,48.79,0.0,48.79,TikTok
ORD-001595,2024-01-28,46.8,0.0,46.8,Meta
ORD-001596,2024-01-28,82.05,0.0,82.05,Meta
ORD-001597,2024-01-28,91.72,19.73,71.99,Meta
ORD-001598,2024-01-28,32.31,0.0,32.31,Meta
ORD-001599,2024-01-28,39.95,0.0,39.95,Email
ORD-001600,2024-01-28,53.12,0.0,53.12,Meta
ORD-001601,2024-01-28,37.05,0.0,37.05,Google
ORD-001602,2024-01-28,56.23,0.0,56.23,Google
ORD-001603,2024-01-28,79.26,0.0,79.26,Email
ORD-001604,2024-01-28,49.23,0.0,49.23,Microsoft
ORD-001605,2024-01-28,41.71,0.0,41.71,Google
ORD-001606,2024-01-28,27.99,0.0,27.99,Google
ORD-001607,2024-01-28,86.64,0.0,86.64,Microsoft
ORD-001608,2024-01-28,82.67,58.58,24.09,Meta
ORD-001609,2024-01-28,56.88,0.0,56.88,Google
ORD-001610,2024-01-28,44.44,0.0,44.44,Meta
ORD-001611,2024-01-28,75.89,0.0,75.89,Google
ORD-001612,2024-01-28,50.87,0.0,50.87,Google
ORD-001613,2024-01-28,92.11,0.0,92.11,Email
ORD-001614,2024-01-28,69.23,26.82,42.41,Google
ORD-001615,2024-01-28,75.82,0.0,75.82,Meta
ORD-001616,2024-01-28,46.97,0.0,46.97,Meta
ORD-001617,2024-01-28,47.64,0.0,47.64,Direct
ORD-001618,2024-01-28,74.53,0.0,74.53,Google
ORD-001619,2024-01-28,70.55,0.0,70.55,Email
ORD-001620,2024-01-28,64.73,0.0,64.73,Google
ORD-001621,2024-01-28,88.43,0.0,88.43,TikTok
ORD-001622,2024-01-28,28.04,0.0,28.04,Direct
ORD-001623,2024-01-28,70.51,0.0,70.51,Microsoft
ORD-001624,2024-01-28,46.58,0.0,46.58,Google
ORD-001625,2024-01-28,83.92,0.0,83.92,Direct
ORD-001626,2024-01-29,40.62,0.0,40.62,Meta
ORD-001627,2024-01-29,83.22,0.0,83.22,Meta
ORD-001628,2024-01-29,93.36,0.0,93.36,TikTok
ORD-001629,2024-01-29,100.96,0.0,100.96,Direct
ORD-001630,2024-01-29,74.78,0.0,74.78,Google
ORD-001631,2024-01-29,78.82,0.0,78.82,Google
ORD-001632,2024-01-29,81.71,0.0,81.71,Meta
ORD-001633,2024-01-29,58.0,43.48,14.52,TikTok
ORD-001634,2024-01-29,84.49,0.0,84.49,Meta
ORD-001635,2024-01-29,76.36,0.0,76.36,TikTok
ORD-001636,2024-01-29,44.04,0.0,44.04,Meta
ORD-001637,2024-01-29,82.96,0.0,82.96,Meta
ORD-001638,2024-01-29,54.86,0.0,54.86,Meta
ORD-001639,2024-01-29,81.96,38.97,42.99,Google
ORD-001640,2024-01-29,40.38,0.0,40.38,Meta
ORD-001641,2024-01-29,79.59,0.0,79.59,Google
ORD-001642,2024-01-29,103.43,0.0,103.43,Direct
ORD-001643,2024-01-29,58.08,0.0,58.08,Meta
ORD-001644,2024-01-29,83.05,72.63,10.42,Google
ORD-001645,2024-01-29,62.31,55.41,6.9,Direct
ORD-001646,2024-01-29,69.69,0.0,69.69,Email
ORD-001647,2024-01-29,77.32,0.0,77.32,Google
ORD-001648,2024-01-29,52.18,0.0,52.18,Meta
ORD-001649,2024-01-29,58.65,0.0,58.65,Meta
ORD-001650,2024-01-29,69.56,18.75,50.81,Meta
ORD-001651,2024-01-29,62.75,0.0,62.75,Meta
ORD-001652,2024-01-29,84.21,0.0,84.21,Google
ORD-001653,2024-01-29,80.76,0.0,80.76,Direct
ORD-001654,2024-01-29,56.63,0.0,56.63,Google
ORD-001655,2024-01-29,76.23,0.0,76.23,Meta
ORD-001656,2024-01-29,70.08,68.33,1.75,Meta
ORD-001657,2024-01-29,66.2,0.0,66.2,Email
ORD-001658,2024-01-29,52.0,0.0,52.0,Direct
ORD-001659,2024-01-29,44.1,31.56,12.54,Direct
ORD-001660,2024-01-29,74.62,0.0,74.62,Google
ORD-001661,2024-01-29,54.87,0.0,54.87,Microsoft
ORD-001662,2024-01-29,73.7,0.0,73.7,Email
ORD-001663,2024-01-29,57.71,39.87,17.84,Direct
ORD-001664,2024-01-29,58.65,0.0,58.65,Google
ORD-001665,2024-01-29,33.34,0.0,33.34,Meta
ORD-001666,2024-01-29,85.73,0.0,85.73,Meta
ORD-001667,2024-01-29,98.08,0.0,98.08,Google
ORD-001668,2024-01-29,48.06,15.82,32.24,Meta
ORD-001669,2024-01-29,81.85,0.0,81.85,Meta
ORD-001670,2024-01-29,65.12,0.0,65.12,Email
ORD-001671,2024-01-29,81.74,0.0,81.74,Google
ORD-001672,2024-01-29,73.07,0.0,73.07,TikTok
ORD-001673,2024-01-29,48.77,0.0,48.77,Google
ORD-001674,2024-01-29,65.7,0.0,65.7,Meta
ORD-001675,2024-01-29,52.53,0.0,52.53,Email
ORD-001676,2024-01-29,84.74,0.0,84.74,Email
ORD-001677,2024-01-29,52.28,0.0,52.28,Google
ORD-001678,2024-01-29,81.16,0.0,81.16,Google
ORD-001679,2024-01-29,70.73,0.0,70.73,Email
ORD-001680,2024-01-29,93.9,0.0,93.9,Google
ORD-001681,2024-01-29,81.78,0.0,81.78,Google
ORD-001682,2024-01-29,72.92,0.0,72.92,Meta
ORD-001683,2024-01-29,82.9,0.0,82.9,Direct
ORD-001684,2024-01-29,57.58,0.0,57.58,Microsoft
ORD-001685,2024-01-29,45.73,0.0,45.73,Email
ORD-001686,2024-01-29,76.39,36.9,39.49,Microsoft
ORD-001687,2024-01-29,73.14,0.0,73.14,Google
ORD-001688,2024-01-29,105.43,0.0,105.43,Email
ORD-001689,2024-01-29,57.17,0.0,57.17,Direct
ORD-001690,2024-01-29,78.72,0.0,78.72,Meta
ORD-001691,2024-01-29,59.17,0.0,59.17,TikTok
ORD-001692,2024-01-29,55.82,0.0,55.82,Meta
ORD-001693,2024-01-30,64.67,40.42,24.25,Google
ORD-001694,2024-01-30,82.06,0.0,82.06,Microsoft
ORD-001695,2024-01-30,65.53,0.0,65.53,Meta
ORD-001696,2024-01-30,24.76,0.0,24.76,Google
ORD-001697,2024-01-30,30.53,0.0,30.53,Email
ORD-001698,2024-01-30,85.18,0.0,85.18,Google
ORD-001699,2024-01-30,48.73,42.45,6.28,Google
ORD-001700,2024-01-30,97.29,0.0,97.29,Meta
ORD-001701,2024-01-30,38.98,0.0,38.98,Meta
ORD-001702,2024-01-30,68.32,52.25,16.07,Email
ORD-001703,2024-01-30,69.91,31.86,38.05,Meta
ORD-001704,2024-01-30,78.65,0.0,78.65,Meta
ORD-001705,2024-01-30,60.46,0.0,60.46,Meta
ORD-001706,2024-01-30,67.58,0.0,67.58,Microsoft
ORD-001707,2024-01-30,26.35,0.0,26.35,Direct
ORD-001708,2024-01-30,97.93,0.0,97.93,Email
ORD-001709,2024-01-30,28.74,25.69,3.05,Meta
ORD-001710,2024-01-30,64.81,0.0,64.81,Google
ORD-001711,2024-01-30,73.69,0.0,73.69,Email
ORD-001712,2024-01-30,86.08,0.0,86.08,Email
ORD-001713,2024-01-30,53.11,0.0,53.11,Meta
ORD-001714,2024-01-30,47.78,0.0,47.78,Meta
ORD-001715,2024-01-30,13.86,0.0,13.86,Email
ORD-001716,2024-01-30,90.53,0.0,90.53,Meta
ORD-001717,2024-01-30,40.74,0.0,40.74,Meta
ORD-001718,2024-01-30,82.84,0.0,82.84,Direct
ORD-001719,2024-01-30,87.24,0.0,87.24,Direct
ORD-001720,2024-01-30,69.03,0.0,69.03,Google
ORD-001721,2024-01-30,62.36,0.0,62.36,Direct
ORD-001722,2024-01-30,39.0,0.0,39.0,Meta
ORD-001723,2024-01-30,68.62,0.0,68.62,Google
ORD-001724,2024-01-30,112.32,0.0,112.32,Meta
ORD-001725,2024-01-30,68.5,0.0,68.5,Google
ORD-001726,2024-01-30,92.96,0.0,92.96,Meta
ORD-001727,2024-01-30,75.07,0.0,75.07,Meta
ORD-001728,2024-01-30,67.27,0.0,67.27,Direct
ORD-001729,2024-01-30,82.81,0.0,82.81,Microsoft
ORD-001730,2024-01-30,58.35,0.0,58.35,Email
ORD-001731,2024-01-30,88.07,0.0,88.07,Email
ORD-001732,2024-01-30,49.54,0.0,49.54,Direct
ORD-001733,2024-01-30,54.67,0.0,54.67,Meta
ORD-001734,2024-01-30,66.33,0.0,66.33,Meta
ORD-001735,2024-01-30,59.38,0.0,59.38,Google
ORD-001736,2024-01-30,104.37,0.0,104.37,Google
ORD-001737,2024-01-30,76.54,0.0,76.54,Meta
ORD-001738,2024-01-30,78.25,0.0,78.25,Google
ORD-001739,2024-01-30,75.62,0.0,75.62,Meta
ORD-001740,2024-01-30,76.02,0.0,76.02,Meta
ORD-001741,2024-01-30,77.78,0.0,77.78,Meta
ORD-001742,2024-01-30,88.31,0.0,88.31,Google
ORD-001743,2024-01-30,89.09,0.0,89.09,Google
ORD-001744,2024-01-30,76.5,58.43,18.07,Email
ORD-001745,2024-01-30,73.93,0.0,73.93,TikTok
ORD-001746,2024-01-30,84.32,0.0,84.32,Email
ORD-001747,2024-01-30,51.41,0.0,51.41,TikTok
ORD-001748,2024-01-31,60.48,0.0,60.48,Meta
ORD-001749,2024-01-31,66.65,0.0,66.65,Google
ORD-001750,2024-01-31,56.63,0.0,56.63,Microsoft
ORD-001751,2024-01-31,73.64,0.0,73.64,Meta
ORD-001752,2024-01-31,73.12,0.0,73.12,Meta
ORD-001753,2024-01-31,60.27,24.78,35.49,TikTok
ORD-001754,2024-01-31,59.41,0.0,59.41,Meta
ORD-001755,2024-01-31,70.43,0.0,70.43,Meta
ORD-001756,2024-01-31,87.21,0.0,87.21,Google
ORD-001757,2024-01-31,86.17,0.0,86.17,Google
ORD-001758,2024-01-31,107.95,0.0,107.95,Direct
ORD-001759,2024-01-31,78.9,0.0,78.9,Email
ORD-001760,2024-01-31,56.09,0.0,56.09,TikTok
ORD-001761,2024-01-31,57.51,0.0,57.51,TikTok
ORD-001762,2024-01-31,58.73,0.0,58.73,Meta
ORD-001763,2024-01-31,57.1,0.0,57.1,Meta
ORD-001764,2024-01-31,65.66,0.0,65.66,Meta
ORD-001765,2024-01-31,85.3,0.0,85.3,Email
ORD-001766,2024-01-31,113.31,0.0,113.31,Google
ORD-001767,2024-01-31,26.08,0.0,26.08,Meta
ORD-001768,2024-01-31,71.04,0.0,71.04,Google
ORD-001769,2024-01-31,102.27,0.0,102.27,Google
ORD-001770,2024-01-31,52.97,0.0,52.97,Meta
ORD-001771,2024-01-31,33.46,0.0,33.46,TikTok
ORD-001772,2024-01-31,65.38,0.0,65.38,Meta
ORD-001773,2024-01-31,81.12,19.09,62.03,TikTok
ORD-001774,2024-01-31,71.53,0.0,71.53,TikTok
ORD-001775,2024-01-31,55.05,0.0,55.05,Microsoft
ORD-001776,2024-01-31,88.38,0.0,88.38,Direct
ORD-001777,2024-01-31,69.81,0.0,69.81,Meta
ORD-001778,2024-01-31,66.01,0.0,66.01,Meta
ORD-001779,2024-01-31,58.27,0.0,58.27,Google
ORD-001780,2024-01-31,78.02,0.0,78.02,Meta
ORD-001781,2024-01-31,66.1,35.8,30.3,Meta
ORD-001782,2024-01-31,68.29,0.0,68.29,TikTok
ORD-001783,2024-01-31,32.85,0.0,32.85,Meta
ORD-001784,2024-01-31,34.72,27.34,7.38,Meta
ORD-001785,2024-01-31,58.47,0.0,58.47,Microsoft
ORD-001786,2024-01-31,26.47,0.0,26.47,Meta
ORD-001787,2024-01-31,65.54,0.0,65.54,Google
ORD-001788,2024-01-31,41.4,0.0,41.4,Google
ORD-001789,2024-01-31,45.32,0.0,45.32,Meta
ORD-001790,2024-01-31,77.8,0.0,77.8,Meta
ORD-001791,2024-01-31,62.77,0.0,62.77,Direct
ORD-001792,2024-01-31,38.79,0.0,38.79,Direct
ORD-001793,2024-01-31,71.8,0.0,71.8,Email
ORD-001794,2024-01-31,89.38,57.29,32.09,Direct
ORD-001795,2024-01-31,87.14,0.0,87.14,Meta
ORD-001796,2024-01-31,48.48,0.0,48.48,Google
ORD-001797,2024-01-31,81.2,0.0,81.2,Meta
ORD-001798,2024-01-31,55.98,0.0,55.98,Meta
ORD-001799,2024-01-31,62.92,0.0,62.92,Direct
ORD-001800,2024-01-31,63.82,0.0,63.82,TikTok
ORD-001801,2024-01-31,43.21,0.0,43.21,Email
ORD-001802,2024-01-31,49.0,0.0,49.0,Meta
ORD-001803,2024-01-31,66.43,0.0,66.43,Meta
ORD-001804,2024-01-31,46.52,0.0,46.52,Email
ORD-001805,2024-01-31,76.59,0.0,76.59,Email
ORD-001806,2024-01-31,48.51,0.0,48.51,Email
ORD-001807,2024-02-01,71.64,70.24,1.4,Meta
ORD-001808,2024-02-01,88.78,0.0,88.78,Meta
ORD-001809,2024-02-01,67.15,0.0,67.15,Meta
ORD-001810,2024-02-01,81.69,0.0,81.69,TikTok
ORD-001811,2024-02-01,71.97,0.0,71.97,Meta
ORD-001812,2024-02-01,90.77,0.0,90.77,Meta
ORD-001813,2024-02-01,66.28,17.63,48.65,TikTok
ORD-001814,2024-02-01,51.4,0.0,51.4,Meta
ORD-001815,2024-02-01,85.83,0.0,85.83,Google
ORD-001816,2024-02-01,55.45,0.0,55.45,Google
ORD-001817,2024-02-01,83.47,0.0,83.47,Meta
ORD-001818,2024-02-01,65.86,0.0,65.86,TikTok
ORD-001819,2024-02-01,60.0,0.0,60.0,Meta
ORD-001820,2024-02-01,56.72,0.0,56.72,Email
ORD-001821,2024-02-01,68.53,0.0,68.53,Google
ORD-001822,2024-02-01,102.29,0.0,102.29,Meta
ORD-001823,2024-02-01,73.37,31.71,41.66,TikTok
ORD-001824,2024-02-01,77.85,0.0,77.85,Microsoft
ORD-001825,2024-02-01,74.46,0.0,74.46,Microsoft
ORD-001826,2024-02-01,35.87,0.0,35.87,Email
ORD-001827,2024-02-01,88.55,0.0,88.55,Email
ORD-001828,2024-02-01,64.59,0.0,64.59,Google
ORD-001829,2024-02-01,65.76,0.0,65.76,TikTok
ORD-001830,2024-02-01,45.71,0.0,45.71,Meta
ORD-001831,2024-02-01,77.0,0.0,77.0,Google
ORD-001832,2024-02-01,53.3,0.0,53.3,Google
ORD-001833,2024-02-01,114.11,0.0,114.11,TikTok
ORD-001834,2024-02-01,59.18,0.0,59.18,Direct
ORD-001835,2024-02-01,66.18,0.0,66.18,Meta
ORD-001836,2024-02-01,85.72,0.0,85.72,Email
ORD-001837,2024-02-01,66.92,0.0,66.92,Google
ORD-001838,2024-02-01,64.8,0.0,64.8,Meta
ORD-001839,2024-02-01,53.08,0.0,53.08,Email
ORD-001840,2024-02-01,91.27,0.0,91.27,Google
ORD-001841,2024-02-01,70.57,0.0,70.57,Email
ORD-001842,2024-02-01,65.97,23.26,42.71,Google
ORD-001843,2024-02-01,83.66,0.0,83.66,Google
ORD-001844,2024-02-01,74.55,0.0,74.55,Meta
ORD-001845,2024-02-01,70.56,61.91,8.65,Meta
ORD-001846,2024-02-01,50.84,0.0,50.84,Google
ORD-001847,2024-02-01,70.32,0.0,70.32,Google
ORD-001848,2024-02-01,58.99,16.1,42.89,TikTok
ORD-001849,2024-02-01,77.89,0.0,77.89,Google
ORD-001850,2024-02-01,85.91,0.0,85.91,Google
ORD-001851,2024-02-01,56.79,0.0,56.79,Google
ORD-001852,2024-02-01,39.29,0.0,39.29,Email
ORD-001853,2024-02-01,78.17,0.0,78.17,Google
ORD-001854,2024-02-01,70.32,0.0,70.32,Google
ORD-001855,2024-02-02,89.91,0.0,89.91,Google
ORD-001856,2024-02-02,78.26,0.0,78.26,Google
ORD-001857,2024-02-02,56.94,0.0,56.94,Direct
ORD-001858,2024-02-02,56.86,0.0,56.86,Meta
ORD-001859,2024-02-02,91.15,0.0,91.15,Meta
ORD-001860,2024-02-02,83.54,0.0,83.54,Meta
ORD-001861,2024-02-02,60.7,0.0,60.7,Direct
ORD-001862,2024-02-02,97.67,22.98,74.69,Direct
ORD-001863,2024-02-02,78.24,0.0,78.24,Email
ORD-001864,2024-02-02,58.39,0.0,58.39,Meta
ORD-001865,2024-02-02,78.54,0.0,78.54,Google
ORD-001866,2024-02-02,73.67,0.0,73.67,Google
ORD-001867,2024-02-02,86.89,81.73,5.16,Google
ORD-001868,2024-02-02,74.26,0.0,74.26,TikTok
ORD-001869,2024-02-02,71.92,0.0,71.92,Direct
ORD-001870,2024-02-02,83.42,0.0,83.42,TikTok
ORD-001871,2024-02-02,84.24,0.0,84.24,TikTok
ORD-001872,2024-02-02,45.91,0.0,45.91,Meta
ORD-001873,2024-02-02,101.7,98.07,3.63,Meta
ORD-001874,2024-02-02,37.5,0.0,37.5,Direct
ORD-001875,2024-02-02,84.07,0.0,84.07,TikTok
ORD-001876,2024-02-02,60.07,0.0,60.07,Direct
ORD-001877,2024-02-02,31.58,0.0,31.58,Meta
ORD-001878,2024-02-02,92.34,0.0,92.34,Email
ORD-001879,2024-02-02,85.26,0.0,85.26,Email
ORD-001880,2024-02-02,54.24,0.0,54.24,TikTok
ORD-001881,2024-02-02,69.36,0.0,69.36,Microsoft
ORD-001882,2024-02-02,57.41,0.0,57.41,Meta
ORD-001883,2024-02-02,70.61,0.0,70.61,Direct
ORD-001884,2024-02-02,55.06,0.0,55.06,Google
ORD-001885,2024-02-02,67.97,0.0,67.97,Google
ORD-001886,2024-02-02,91.15,0.0,91.15,TikTok
ORD-001887,2024-02-02,60.98,0.0,60.98,Direct
ORD-001888,2024-02-02,48.35,0.0,48.35,Microsoft
ORD-001889,2024-02-02,68.42,64.85,3.57,Meta
ORD-001890,2024-02-02,90.72,0.0,90.72,Google
ORD-001891,2024-02-02,57.17,0.0,57.17,Google
ORD-001892,2024-02-02,61.9,0.0,61.9,Email
ORD-001893,2024-02-02,81.64,0.0,81.64,Google
ORD-001894,2024-02-02,94.24,0.0,94.24,Google
ORD-001895,2024-02-02,77.52,0.0,77.52,Google
ORD-001896,2024-02-02,96.82,0.0,96.82,Meta
ORD-001897,2024-02-02,57.5,11.84,45.66,Google
ORD-001898,2024-02-02,61.17,0.0,61.17,Direct
ORD-001899,2024-02-02,94.73,0.0,94.73,Meta
ORD-001900,2024-02-02,42.02,0.0,42.02,Google
ORD-001901,2024-02-02,72.76,0.0,72.76,TikTok
ORD-001902,2024-02-02,74.04,0.0,74.04,Google
ORD-001903,2024-02-02,60.99,0.0,60.99,Direct
ORD-001904,2024-02-02,51.44,0.0,51.44,Google
ORD-001905,2024-02-02,79.95,0.0,79.95,Direct
ORD-001906,2024-02-02,62.55,0.0,62.55,TikTok
ORD-001907,2024-02-02,69.95,0.0,69.95,Direct
ORD-001908,2024-02-02,73.62,0.0,73.62,TikTok
ORD-001909,2024-02-02,56.61,0.0,56.61,Google
ORD-001910,2024-02-02,77.17,0.0,77.17,Email
ORD-001911,2024-02-02,78.64,0.0,78.64,Email
ORD-001912,2024-02-02,100.51,0.0,100.51,Google
ORD-001913,2024-02-02,77.18,0.0,77.18,Email
ORD-001914,2024-02-03,91.51,60.94,30.57,Google
ORD-001915,2024-02-03,92.1,0.0,92.1,Google
ORD-001916,2024-02-03,52.4,0.0,52.4,TikTok
ORD-001917,2024-02-03,58.44,0.0,58.44,Direct
ORD-001918,2024-02-03,58.66,0.0,58.66,Google
ORD-001919,2024-02-03,72.38,0.0,72.38,Meta
ORD-001920,2024-02-03,63.58,0.0,63.58,Meta
ORD-001921,2024-02-03,57.74,0.0,57.74,Direct
ORD-001922,2024-02-03,73.96,0.0,73.96,Meta
ORD-001923,2024-02-03,88.24,0.0,88.24,Meta
ORD-001924,2024-02-03,74.33,0.0,74.33,Google
ORD-001925,2024-02-03,51.18,0.0,51.18,Meta
ORD-001926,2024-02-03,69.29,0.0,69.29,Direct
ORD-001927,2024-02-03,67.93,0.0,67.93,Direct
ORD-001928,2024-02-03,53.55,0.0,53.55,Google
ORD-001929,2024-02-03,90.08,67.91,22.17,Google
ORD-001930,2024-02-03,84.02,0.0,84.02,Email
ORD-001931,2024-02-03,99.64,0.0,99.64,Email
ORD-001932,2024-02-03,85.21,0.0,85.21,Meta
ORD-001933,2024-02-03,31.56,0.0,31.56,Google
ORD-001934,2024-02-03,108.53,0.0,108.53,Meta
ORD-001935,2024-02-03,45.42,0.0,45.42,Meta
ORD-001936,2024-02-03,65.61,0.0,65.61,Meta
ORD-001937,2024-02-03,50.87,0.0,50.87,Meta
ORD-001938,2024-02-03,58.31,0.0,58.31,Meta
ORD-001939,2024-02-03,50.42,0.0,50.42,Email
ORD-001940,2024-02-03,69.07,0.0,69.07,Meta
ORD-001941,2024-02-03,36.32,0.0,36.32,Email
ORD-001942,2024-02-03,103.43,0.0,103.43,Google
ORD-001943,2024-02-03,94.06,0.0,94.06,Meta
ORD-001944,2024-02-03,51.37,0.0,51.37,Meta
ORD-001945,2024-02-03,61.3,21.53,39.77,Google
ORD-001946,2024-02-03,59.72,0.0,59.72,Google
ORD-001947,2024-02-03,71.83,0.0,71.83,Google
ORD-001948,2024-02-03,63.62,0.0,63.62,Direct
ORD-001949,2024-02-03,65.54,0.0,65.54,Direct
ORD-001950,2024-02-03,87.66,0.0,87.66,Google
ORD-001951,2024-02-03,46.35,0.0,46.35,Meta
ORD-001952,2024-02-03,86.51,0.0,86.51,Meta
ORD-001953,2024-02-03,70.72,0.0,70.72,Google
ORD-001954,2024-02-03,69.86,0.0,69.86,Direct
ORD-001955,2024-02-03,45.53,0.0,45.53,Meta
ORD-001956,2024-02-03,43.43,14.26,29.17,Google
ORD-001957,2024-02-03,45.04,0.0,45.04,Email
ORD-001958,2024-02-03,48.46,0.0,48.46,Meta
ORD-001959,2024-02-03,74.26,0.0,74.26,Google
ORD-001960,2024-02-03,72.57,53.48,19.09,Google
ORD-001961,2024-02-03,61.09,0.0,61.09,Email
ORD-001962,2024-02-03,90.81,0.0,90.81,Google
ORD-001963,2024-02-03,77.19,48.9,28.29,TikTok
ORD-001964,2024-02-03,71.16,0.0,71.16,Meta
ORD-001965,2024-02-03,92.41,0.0,92.41,Email
ORD-001966,2024-02-03,41.72,0.0,41.72,Direct
ORD-001967,2024-02-03,63.57,0.0,63.57,Meta
ORD-001968,2024-02-03,102.26,0.0,102.26,Meta
ORD-001969,2024-02-03,87.49,0.0,87.49,Google
ORD-001970,2024-02-03,67.07,0.0,67.07,Email
ORD-001971,2024-02-03,104.39,0.0,104.39,Google
ORD-001972,2024-02-03,62.06,0.0,62.06,Meta
ORD-001973,2024-02-03,63.94,0.0,63.94,Email
ORD-001974,2024-02-03,93.12,0.0,93.12,Direct
ORD-001975,2024-02-03,48.83,0.0,48.83,Meta
ORD-001976,2024-02-03,77.09,0.0,77.09,Google
ORD-001977,2024-02-03,105.04,0.0,105.04,Google
ORD-001978,2024-02-03,64.72,18.72,46.0,Meta
ORD-001979,2024-02-04,59.77,0.0,59.77,Email
ORD-001980,2024-02-04,58.01,0.0,58.01,Google
ORD-001981,2024-02-04,54.21,0.0,54.21,Meta
ORD-001982,2024-02-04,71.04,0.0,71.04,Microsoft
ORD-001983,2024-02-04,61.66,0.0,61.66,Meta
ORD-001984,2024-02-04,52.23,0.0,52.23,Meta
ORD-001985,2024-02-04,59.26,0.0,59.26,Email
ORD-001986,2024-02-04,70.49,0.0,70.49,Microsoft
ORD-001987,2024-02-04,43.83,0.0,43.83,Google
ORD-001988,2024-02-04,43.99,0.0,43.99,Google
ORD-001989,2024-02-04,82.62,0.0,82.62,Direct
ORD-001990,2024-02-04,75.6,0.0,75.6,Meta
ORD-001991,2024-02-04,63.68,0.0,63.68,Google
ORD-001992,2024-02-04,56.79,44.93,11.86,Meta
ORD-001993,2024-02-04,63.92,0.0,63.92,Google
ORD-001994,2024-02-04,40.62,0.0,40.62,TikTok
ORD-001995,2024-02-04,49.9,0.0,49.9,Email
ORD-001996,2024-02-04,67.46,0.0,67.46,Meta
ORD-001997,2024-02-04,64.45,0.0,64.45,Email
ORD-001998,2024-02-04,61.36,0.0,61.36,Meta
ORD-001999,2024-02-04,62.3,14.37,47.93,Google
ORD-002000,2024-02-04,83.59,0.0,83.59,Email
ORD-002001,2024-02-04,65.6,0.0,65.6,Google
ORD-002002,2024-02-04,50.08,0.0,50.08,Google
ORD-002003,2024-02-04,93.79,0.0,93.79,Google
ORD-002004,2024-02-04,81.99,54.43,27.56,Google
ORD-002005,2024-02-04,85.0,0.0,85.0,Google
ORD-002006,2024-02-04,74.38,0.0,74.38,Google
ORD-002007,2024-02-04,62.73,0.0,62.73,Direct
ORD-002008,2024-02-04,62.58,0.0,62.58,TikTok
ORD-002009,2024-02-04,61.81,0.0,61.81,Meta
ORD-002010,2024-02-04,89.65,0.0,89.65,Email
ORD-002011,2024-02-04,65.14,0.0,65.14,Email
ORD-002012,2024-02-04,79.25,0.0,79.25,TikTok
ORD-002013,2024-02-04,87.89,0.0,87.89,Meta
ORD-002014,2024-02-04,78.68,0.0,78.68,Microsoft
ORD-002015,2024-02-04,58.66,0.0,58.66,Meta
ORD-002016,2024-02-04,73.01,0.0,73.01,Meta
ORD-002017,2024-02-04,70.32,0.0,70.32,Google
ORD-002018,2024-02-04,20.67,0.0,20.67,Direct
ORD-002019,2024-02-04,81.14,0.0,81.14,Google
ORD-002020,2024-02-04,66.17,0.0,66.17,Google
ORD-002021,2024-02-04,36.93,0.0,36.93,Meta
ORD-002022,2024-02-04,54.58,0.0,54.58,Google
ORD-002023,2024-02-04,66.99,31.55,35.44,Meta
ORD-002024,2024-02-04,60.87,54.87,6.0,Email
ORD-002025,2024-02-04,78.52,0.0,78.52,TikTok
ORD-002026,2024-02-04,25.55,0.0,25.55,Meta
ORD-002027,2024-02-04,82.73,0.0,82.73,Direct
ORD-002028,2024-02-04,81.15,0.0,81.15,Meta
ORD-002029,2024-02-04,68.25,42.97,25.28,Microsoft
ORD-002030,2024-02-04,53.28,0.0,53.28,Meta
ORD-002031,2024-02-04,57.43,0.0,57.43,Meta
ORD-002032,2024-02-04,44.44,0.0,44.44,Meta
ORD-002033,2024-02-04,57.39,0.0,57.39,Email
ORD-002034,2024-02-04,74.3,0.0,74.3,Direct
ORD-002035,2024-02-04,64.26,0.0,64.26,Meta
ORD-002036,2024-02-04,95.74,0.0,95.74,Google
ORD-002037,2024-02-04,79.02,0.0,79.02,Google
ORD-002038,2024-02-04,106.55,0.0,106.55,Email
ORD-002039,2024-02-05,52.99,17.55,35.44,Microsoft
ORD-002040,2024-02-05,62.85,0.0,62.85,Microsoft
ORD-002041,2024-02-05,64.17,0.0,64.17,Meta
ORD-002042,2024-02-05,88.6,0.0,88.6,Google
ORD-002043,2024-02-05,64.64,0.0,64.64,Google
ORD-002044,2024-02-05,92.37,0.0,92.37,Email
ORD-002045,2024-02-05,71.51,33.77,37.74,Email
ORD-002046,2024-02-05,54.2,0.0,54.2,Meta
ORD-002047,2024-02-05,76.31,0.0,76.31,Email
ORD-002048,2024-02-05,49.68,0.0,49.68,Meta
ORD-002049,2024-02-05,71.3,0.0,71.3,Direct
ORD-002050,2024-02-05,51.05,0.0,51.05,Meta
ORD-002051,2024-02-05,84.79,0.0,84.79,Google
ORD-002052,2024-02-05,91.01,0.0,91.01,Google
ORD-002053,2024-02-05,89.06,0.0,89.06,Google
ORD-002054,2024-02-05,55.94,0.0,55.94,Meta
ORD-002055,2024-02-05,56.82,0.0,56.82,Google
ORD-002056,2024-02-05,48.0,0.0,48.0,Direct
ORD-002057,2024-02-05,53.1,0.0,53.1,Direct
ORD-002058,2024-02-05,44.92,0.0,44.92,Meta
ORD-002059,2024-02-05,73.89,0.0,73.89,Direct
ORD-002060,2024-02-05,72.76,0.0,72.76,Direct
ORD-002061,2024-02-05,76.18,30.09,46.09,Meta
ORD-002062,2024-02-05,114.97,0.0,114.97,Meta
ORD-002063,2024-02-05,69.98,48.23,21.75,Email
ORD-002064,2024-02-05,78.44,0.0,78.44,Google
ORD-002065,2024-02-05,44.47,0.0,44.47,Google
ORD-002066,2024-02-05,43.66,0.0,43.66,Meta
ORD-002067,2024-02-05,80.43,0.0,80.43,Meta
ORD-002068,2024-02-05,61.01,0.0,61.01,Meta
ORD-002069,2024-02-05,46.63,0.0,46.63,Meta
ORD-002070,2024-02-05,73.16,0.0,73.16,Google
ORD-002071,2024-02-05,48.02,0.0,48.02,Direct
ORD-002072,2024-02-05,92.43,0.0,92.43,Google
ORD-002073,2024-02-05,84.53,0.0,84.53,Email
ORD-002074,2024-02-05,106.85,0.0,106.85,Meta
ORD-002075,2024-02-05,54.12,0.0,54.12,Meta
ORD-002076,2024-02-05,63.16,0.0,63.16,Meta
ORD-002077,2024-02-05,41.57,0.0,41.57,Meta
ORD-002078,2024-02-05,74.69,0.0,74.69,Direct
ORD-002079,2024-02-05,106.25,0.0,106.25,Direct
ORD-002080,2024-02-05,66.31,0.0,66.31,Meta
ORD-002081,2024-02-05,99.18,0.0,99.18,Meta
ORD-002082,2024-02-05,92.01,0.0,92.01,Google
ORD-002083,2024-02-05,90.57,0.0,90.57,Microsoft
ORD-002084,2024-02-05,72.69,0.0,72.69,Google
ORD-002085,2024-02-05,37.63,0.0,37.63,TikTok
ORD-002086,2024-02-05,84.21,0.0,84.21,Google
ORD-002087,2024-02-05,60.19,59.08,1.11,Google
ORD-002088,2024-02-05,56.99,0.0,56.99,Google
ORD-002089,2024-02-05,58.89,0.0,58.89,Meta
ORD-002090,2024-02-05,92.29,0.0,92.29,Google
ORD-002091,2024-02-05,83.78,0.0,83.78,Meta
ORD-002092,2024-02-05,108.89,0.0,108.89,Microsoft
ORD-002093,2024-02-05,72.58,0.0,72.58,Email
ORD-002094,2024-02-05,67.21,0.0,67.21,Google
ORD-002095,2024-02-05,56.33,0.0,56.33,Google
ORD-002096,2024-02-05,107.68,0.0,107.68,TikTok
ORD-002097,2024-02-05,67.32,0.0,67.32,Email
ORD-002098,2024-02-06,55.32,0.0,55.32,Meta
ORD-002099,2024-02-06,83.91,0.0,83.91,Microsoft
ORD-002100,2024-02-06,78.85,0.0,78.85,Google
ORD-002101,2024-02-06,61.48,0.0,61.48,Google
ORD-002102,2024-02-06,67.7,0.0,67.7,Direct
ORD-002103,2024-02-06,59.61,0.0,59.61,Email
ORD-002104,2024-02-06,58.44,0.0,58.44,Google
ORD-002105,2024-02-06,43.72,0.0,43.72,Direct
ORD-002106,2024-02-06,87.61,0.0,87.61,Meta
ORD-002107,2024-02-06,69.05,0.0,69.05,Google
ORD-002108,2024-02-06,57.59,0.0,57.59,Microsoft
ORD-002109,2024-02-06,50.29,0.0,50.29,Meta
ORD-002110,2024-02-06,76.23,0.0,76.23,Direct
ORD-002111,2024-02-06,70.47,59.27,11.2,Google
ORD-002112,2024-02-06,35.47,17.17,18.3,Direct
ORD-002113,2024-02-06,53.79,0.0,53.79,TikTok
ORD-002114,2024-02-06,61.89,0.0,61.89,Direct
ORD-002115,2024-02-06,45.89,0.0,45.89,Google
ORD-002116,2024-02-06,85.23,0.0,85.23,Google
ORD-002117,2024-02-06,48.79,0.0,48.79,Direct
ORD-002118,2024-02-06,92.45,0.0,92.45,Microsoft
ORD-002119,2024-02-06,63.55,0.0,63.55,Microsoft
ORD-002120,2024-02-06,81.07,0.0,81.07,Microsoft
ORD-002121,2024-02-06,78.26,22.03,56.23,Meta
ORD-002122,2024-02-06,25.73,0.0,25.73,Email
ORD-002123,2024-02-06,78.07,0.0,78.07,Google
ORD-002124,2024-02-06,61.26,0.0,61.26,Email
ORD-002125,2024-02-06,105.03,0.0,105.03,Email
ORD-002126,2024-02-06,60.18,0.0,60.18,Google
ORD-002127,2024-02-06,71.77,0.0,71.77,Meta
ORD-002128,2024-02-06,92.25,0.0,92.25,Google
ORD-002129,2024-02-06,85.65,0.0,85.65,Meta
ORD-002130,2024-02-06,34.13,0.0,34.13,TikTok
ORD-002131,2024-02-06,81.3,0.0,81.3,Email
ORD-002132,2024-02-06,45.39,0.0,45.39,Meta
ORD-002133,2024-02-06,47.02,0.0,47.02,Direct
ORD-002134,2024-02-06,75.66,55.76,19.9,Direct
ORD-002135,2024-02-06,24.0,0.0,24.0,Email
ORD-002136,2024-02-06,63.19,0.0,63.19,Direct
ORD-002137,2024-02-06,55.56,0.0,55.56,Direct
ORD-002138,2024-02-06,67.04,0.0,67.04,Google
ORD-002139,2024-02-06,68.83,0.0,68.83,Google
ORD-002140,2024-02-06,42.17,0.0,42.17,Google
ORD-002141,2024-02-06,54.61,0.0,54.61,Direct
ORD-002142,2024-02-06,73.7,0.0,73.7,Email
ORD-002143,2024-02-06,86.77,61.23,25.54,Google
ORD-002144,2024-02-06,61.15,0.0,61.15,Direct
ORD-002145,2024-02-06,71.62,0.0,71.62,Google
ORD-002146,2024-02-06,60.73,0.0,60.73,Meta
ORD-002147,2024-02-06,50.88,0.0,50.88,Direct
ORD-002148,2024-02-06,65.14,0.0,65.14,Direct
ORD-002149,2024-02-06,74.36,0.0,74.36,Email
ORD-002150,2024-02-06,71.72,0.0,71.72,Direct
ORD-002151,2024-02-06,82.06,0.0,82.06,Google
ORD-002152,2024-02-07,49.74,0.0,49.74,Meta
ORD-002153,2024-02-07,67.58,0.0,67.58,Direct
ORD-002154,2024-02-07,58.84,13.07,45.77,Google
ORD-002155,2024-02-07,33.4,0.0,33.4,Email
ORD-002156,2024-02-07,65.23,0.0,65.23,Google
ORD-002157,2024-02-07,97.16,0.0,97.16,Meta
ORD-002158,2024-02-07,59.32,0.0,59.32,Google
ORD-002159,2024-02-07,76.8,0.0,76.8,TikTok
ORD-002160,2024-02-07,30.73,0.0,30.73,TikTok
ORD-002161,2024-02-07,99.69,0.0,99.69,Direct
ORD-002162,2024-02-07,39.99,0.0,39.99,Meta
ORD-002163,2024-02-07,58.41,0.0,58.41,Meta
ORD-002164,2024-02-07,80.73,0.0,80.73,Meta
ORD-002165,2024-02-07,36.0,24.69,11.31,Meta
ORD-002166,2024-02-07,37.1,0.0,37.1,Meta
ORD-002167,2024-02-07,66.72,0.0,66.72,Google
ORD-002168,2024-02-07,59.0,38.0,21.0,Direct
ORD-002169,2024-02-07,59.15,0.0,59.15,TikTok
ORD-002170,2024-02-07,49.86,0.0,49.86,Email
ORD-002171,2024-02-07,61.24,0.0,61.24,Google
ORD-002172,2024-02-07,93.68,0.0,93.68,Direct
ORD-002173,2024-02-07,35.58,0.0,35.58,Meta
ORD-002174,2024-02-07,87.14,0.0,87.14,Google
ORD-002175,2024-02-07,44.01,0.0,44.01,Direct
ORD-002176,2024-02-07,99.62,0.0,99.62,TikTok
ORD-002177,2024-02-07,32.69,0.0,32.69,TikTok
ORD-002178,2024-02-07,70.96,0.0,70.96,Direct
ORD-002179,2024-02-07,66.66,0.0,66.66,Direct
ORD-002180,2024-02-07,55.79,0.0,55.79,Google
ORD-002181,2024-02-07,62.05,0.0,62.05,Meta
ORD-002182,2024-02-07,59.29,0.0,59.29,TikTok
ORD-002183,2024-02-07,55.13,0.0,55.13,Meta
ORD-002184,2024-02-07,35.27,0.0,35.27,Email
ORD-002185,2024-02-07,95.87,23.06,72.81,Meta
ORD-002186,2024-02-07,94.42,0.0,94.42,Meta
ORD-002187,2024-02-07,32.42,0.0,32.42,Direct
ORD-002188,2024-02-07,93.26,0.0,93.26,Google
ORD-002189,2024-02-07,56.44,0.0,56.44,Google
ORD-002190,2024-02-07,30.22,0.0,30.22,TikTok
ORD-002191,2024-02-07,77.24,0.0,77.24,Google
ORD-002192,2024-02-07,73.55,0.0,73.55,Meta
ORD-002193,2024-02-07,26.41,0.0,26.41,Direct
ORD-002194,2024-02-07,79.16,0.0,79.16,Direct
ORD-002195,2024-02-07,47.74,0.0,47.74,Meta
ORD-002196,2024-02-07,78.59,0.0,78.59,Meta
ORD-002197,2024-02-07,59.62,0.0,59.62,Email
ORD-002198,2024-02-07,70.38,0.0,70.38,Email
ORD-002199,2024-02-07,78.03,0.0,78.03,Meta
ORD-002200,2024-02-07,50.16,0.0,50.16,Google
ORD-002201,2024-02-07,52.83,0.0,52.83,Email
ORD-002202,2024-02-07,65.05,0.0,65.05,Direct
ORD-002203,2024-02-07,56.27,0.0,56.27,Email
ORD-002204,2024-02-08,74.97,0.0,74.97,Direct
ORD-002205,2024-02-08,86.13,0.0,86.13,Direct
ORD-002206,2024-02-08,80.24,0.0,80.24,Email
ORD-002207,2024-02-08,57.15,0.0,57.15,Meta
ORD-002208,2024-02-08,52.55,0.0,52.55,Google
ORD-002209,2024-02-08,53.16,0.0,53.16,Meta
ORD-002210,2024-02-08,85.2,0.0,85.2,Meta
ORD-002211,2024-02-08,52.45,0.0,52.45,Meta
ORD-002212,2024-02-08,61.07,0.0,61.07,TikTok
ORD-002213,2024-02-08,67.61,0.0,67.61,Email
ORD-002214,2024-02-08,71.4,0.0,71.4,TikTok
ORD-002215,2024-02-08,57.57,0.0,57.57,Meta
ORD-002216,2024-02-08,74.49,0.0,74.49,TikTok
ORD-002217,2024-02-08,56.59,0.0,56.59,Meta
ORD-002218,2024-02-08,101.56,90.02,11.54,Meta
ORD-002219,2024-02-08,54.05,0.0,54.05,Meta
ORD-002220,2024-02-08,56.44,0.0,56.44,Google
ORD-002221,2024-02-08,69.71,0.0,69.71,Direct
ORD-002222,2024-02-08,70.15,0.0,70.15,Email
ORD-002223,2024-02-08,68.69,0.0,68.69,Google
ORD-002224,2024-02-08,84.68,0.0,84.68,Meta
ORD-002225,2024-02-08,56.66,0.0,56.66,Google
ORD-002226,2024-02-08,89.81,0.0,89.81,Meta
ORD-002227,2024-02-08,76.02,0.0,76.02,Google
ORD-002228,2024-02-08,71.62,0.0,71.62,Meta
ORD-002229,2024-02-08,48.89,0.0,48.89,Email
ORD-002230,2024-02-08,58.53,0.0,58.53,Meta
ORD-002231,2024-02-08,73.96,0.0,73.96,Meta
ORD-002232,2024-02-08,95.51,0.0,95.51,Microsoft
ORD-002233,2024-02-08,96.46,0.0,96.46,Direct
ORD-002234,2024-02-08,27.55,0.0,27.55,Meta
ORD-002235,2024-02-08,78.44,21.16,57.28,TikTok
ORD-002236,2024-02-08,43.26,0.0,43.26,Meta
ORD-002237,2024-02-08,71.91,0.0,71.91,Meta
ORD-002238,2024-02-08,48.81,0.0,48.81,Google
ORD-002239,2024-02-08,46.51,0.0,46.51,Meta
ORD-002240,2024-02-08,68.82,0.0,68.82,Email
ORD-002241,2024-02-08,83.75,0.0,83.75,Google
ORD-002242,2024-02-08,48.7,0.0,48.7,Email
ORD-002243,2024-02-08,105.1,0.0,105.1,Direct
ORD-002244,2024-02-08,98.16,0.0,98.16,Google
ORD-002245,2024-02-08,60.18,0.0,60.18,Google
ORD-002246,2024-02-08,66.51,0.0,66.51,Google
ORD-002247,2024-02-08,73.86,0.0,73.86,Google
ORD-002248,2024-02-08,74.11,0.0,74.11,Meta
ORD-002249,2024-02-08,43.38,0.0,43.38,Meta
ORD-002250,2024-02-08,65.19,0.0,65.19,Direct
ORD-002251,2024-02-08,83.46,0.0,83.46,Google
ORD-002252,2024-02-08,71.31,0.0,71.31,Microsoft
ORD-002253,2024-02-08,68.73,17.41,51.32,Meta
ORD-002254,2024-02-08,60.21,0.0,60.21,Meta
ORD-002255,2024-02-08,50.39,0.0,50.39,Direct
ORD-002256,2024-02-08,81.09,0.0,81.09,Google
ORD-002257,2024-02-08,64.88,0.0,64.88,Meta
ORD-002258,2024-02-08,27.54,0.0,27.54,Email
ORD-002259,2024-02-08,53.74,0.0,53.74,Meta
ORD-002260,2024-02-09,80.73,38.4,42.33,Meta
ORD-002261,2024-02-09,55.94,0.0,55.94,TikTok
ORD-002262,2024-02-09,53.06,0.0,53.06,Email
ORD-002263,2024-02-09,53.03,48.1,4.93,Google
ORD-002264,2024-02-09,73.77,0.0,73.77,TikTok
ORD-002265,2024-02-09,61.85,0.0,61.85,Google
ORD-002266,2024-02-09,66.56,0.0,66.56,Email
ORD-002267,2024-02-09,38.54,0.0,38.54,Microsoft
ORD-002268,2024-02-09,78.93,0.0,78.93,Email
ORD-002269,2024-02-09,42.28,0.0,42.28,Email
ORD-002270,2024-02-09,71.77,0.0,71.77,Google
ORD-002271,2024-02-09,70.85,0.0,70.85,Google
ORD-002272,2024-02-09,45.85,0.0,45.85,Email
ORD-002273,2024-02-09,56.46,33.14,23.32,Google
ORD-002274,2024-02-09,63.53,0.0,63.53,Direct
ORD-002275,2024-02-09,45.46,0.0,45.46,Email
ORD-002276,2024-02-09,92.27,0.0,92.27,Meta
ORD-002277,2024-02-09,96.9,0.0,96.9,Google
ORD-002278,2024-02-09,76.1,0.0,76.1,Meta
ORD-002279,2024-02-09,71.52,21.07,50.45,Direct
ORD-002280,2024-02-09,79.36,17.02,62.34,TikTok
ORD-002281,2024-02-09,72.49,50.79,21.7,Google
ORD-002282,2024-02-09,39.18,0.0,39.18,Google
ORD-002283,2024-02-09,57.78,0.0,57.78,Email
ORD-002284,2024-02-09,79.27,0.0,79.27,Meta
ORD-002285,2024-02-09,54.08,0.0,54.08,Meta
ORD-002286,2024-02-09,79.52,0.0,79.52,Meta
ORD-002287,2024-02-09,77.58,32.72,44.86,Google
ORD-002288,2024-02-09,46.11,0.0,46.11,Direct
ORD-002289,2024-02-09,36.57,0.0,36.57,Email
ORD-002290,2024-02-09,115.39,0.0,115.39,Meta
ORD-002291,2024-02-09,42.02,0.0,42.02,Email
ORD-002292,2024-02-09,67.61,0.0,67.61,Google
ORD-002293,2024-02-09,78.07,0.0,78.07,Meta
ORD-002294,2024-02-09,73.09,0.0,73.09,Direct
ORD-002295,2024-02-09,98.29,41.55,56.74,Direct
ORD-002296,2024-02-09,48.63,0.0,48.63,Google
ORD-002297,2024-02-09,71.41,0.0,71.41,Direct
ORD-002298,2024-02-09,70.43,0.0,70.43,Meta
ORD-002299,2024-02-09,51.02,0.0,51.02,Microsoft
ORD-002300,2024-02-09,81.3,0.0,81.3,Direct
ORD-002301,2024-02-09,61.2,0.0,61.2,Email
ORD-002302,2024-02-09,84.92,0.0,84.92,Google
ORD-002303,2024-02-09,53.56,0.0,53.56,TikTok
ORD-002304,2024-02-09,87.15,0.0,87.15,Meta
ORD-002305,2024-02-09,64.56,0.0,64.56,Meta
ORD-002306,2024-02-09,56.72,0.0,56.72,Google
ORD-002307,2024-02-09,88.24,0.0,88.24,Google
ORD-002308,2024-02-09,63.86,0.0,63.86,Google
ORD-002309,2024-02-09,57.7,0.0,57.7,Google
ORD-002310,2024-02-09,84.11,0.0,84.11,Google
ORD-002311,2024-02-09,32.69,0.0,32.69,Meta
ORD-002312,2024-02-09,83.96,0.0,83.96,TikTok
ORD-002313,2024-02-09,72.55,0.0,72.55,Meta
ORD-002314,2024-02-09,60.38,0.0,60.38,Meta
ORD-002315,2024-02-09,95.66,0.0,95.66,TikTok
ORD-002316,2024-02-10,92.05,36.61,55.44,Meta
ORD-002317,2024-02-10,94.11,0.0,94.11,Meta
ORD-002318,2024-02-10,47.42,0.0,47.42,Direct
ORD-002319,2024-02-10,50.94,0.0,50.94,TikTok
ORD-002320,2024-02-10,53.89,0.0,53.89,Email
ORD-002321,2024-02-10,25.07,0.0,25.07,Google
ORD-002322,2024-02-10,53.59,0.0,53.59,Meta
ORD-002323,2024-02-10,80.12,0.0,80.12,Meta
ORD-002324,2024-02-10,69.52,0.0,69.52,Email
ORD-002325,2024-02-10,49.2,0.0,49.2,Direct
ORD-002326,2024-02-10,70.41,0.0,70.41,Meta
ORD-002327,2024-02-10,101.09,0.0,101.09,Google
ORD-002328,2024-02-10,61.65,0.0,61.65,Meta
ORD-002329,2024-02-10,59.82,0.0,59.82,Direct
ORD-002330,2024-02-10,67.42,0.0,67.42,Meta
ORD-002331,2024-02-10,49.71,0.0,49.71,TikTok
ORD-002332,2024-02-10,40.34,0.0,40.34,Google
ORD-002333,2024-02-10,45.85,0.0,45.85,Meta
ORD-002334,2024-02-10,58.33,0.0,58.33,Email
ORD-002335,2024-02-10,57.81,0.0,57.81,Meta
ORD-002336,2024-02-10,57.35,0.0,57.35,Meta
ORD-002337,2024-02-10,82.28,0.0,82.28,Meta
ORD-002338,2024-02-10,86.34,0.0,86.34,Google
ORD-002339,2024-02-10,58.46,0.0,58.46,Email
ORD-002340,2024-02-10,97.29,0.0,97.29,TikTok
ORD-002341,2024-02-10,65.23,0.0,65.23,Email
ORD-002342,2024-02-10,68.66,0.0,68.66,Email
ORD-002343,2024-02-10,74.28,0.0,74.28,Email
ORD-002344,2024-02-10,45.02,0.0,45.02,Google
ORD-002345,2024-02-10,77.97,0.0,77.97,Google
ORD-002346,2024-02-10,64.5,15.13,49.37,Google
ORD-002347,2024-02-10,71.0,0.0,71.0,Google
ORD-002348,2024-02-10,59.34,0.0,59.34,Meta
ORD-002349,2024-02-10,38.09,0.0,38.09,Email
ORD-002350,2024-02-10,92.09,0.0,92.09,TikTok
ORD-002351,2024-02-10,91.94,0.0,91.94,Google
ORD-002352,2024-02-10,99.75,0.0,99.75,Google
ORD-002353,2024-02-10,44.16,0.0,44.16,Google
ORD-002354,2024-02-10,59.18,0.0,59.18,Email
ORD-002355,2024-02-10,38.99,0.0,38.99,Email
ORD-002356,2024-02-10,51.97,0.0,51.97,Email
ORD-002357,2024-02-10,103.66,0.0,103.66,Email
ORD-002358,2024-02-10,59.35,17.43,41.92,TikTok
ORD-002359,2024-02-10,56.44,0.0,56.44,Meta
ORD-002360,2024-02-10,63.84,42.0,21.84,Meta
ORD-002361,2024-02-10,101.48,0.0,101.48,Meta
ORD-002362,2024-02-10,44.32,0.0,44.32,Google
ORD-002363,2024-02-10,48.24,0.0,48.24,Microsoft
ORD-002364,2024-02-10,57.79,0.0,57.79,Google
ORD-002365,2024-02-10,46.97,0.0,46.97,Email
ORD-002366,2024-02-11,52.18,0.0,52.18,Google
ORD-002367,2024-02-11,45.92,0.0,45.92,Meta
ORD-002368,2024-02-11,70.03,0.0,70.03,Email
ORD-002369,2024-02-11,73.71,0.0,73.71,Meta
ORD-002370,2024-02-11,53.97,49.0,4.97,Meta
ORD-002371,2024-02-11,60.14,0.0,60.14,Direct
ORD-002372,2024-02-11,54.7,0.0,54.7,Meta
ORD-002373,2024-02-11,87.85,0.0,87.85,Google
ORD-002374,2024-02-11,119.6,0.0,119.6,Email
ORD-002375,2024-02-11,82.05,0.0,82.05,Google
ORD-002376,2024-02-11,95.84,0.0,95.84,TikTok
ORD-002377,2024-02-11,98.69,0.0,98.69,Meta
ORD-002378,2024-02-11,79.12,0.0,79.12,Google
ORD-002379,2024-02-11,70.01,0.0,70.01,Meta
ORD-002380,2024-02-11,78.88,0.0,78.88,Google
ORD-002381,2024-02-11,68.25,0.0,68.25,TikTok
ORD-002382,2024-02-11,71.24,0.0,71.24,Email
ORD-002383,2024-02-11,64.66,0.0,64.66,Google
ORD-002384,2024-02-11,91.83,52.54,39.29,Google
ORD-002385,2024-02-11,73.34,34.29,39.05,Email
ORD-002386,2024-02-11,64.46,0.0,64.46,Microsoft
ORD-002387,2024-02-11,92.87,0.0,92.87,Microsoft
ORD-002388,2024-02-11,100.28,0.0,100.28,Google
ORD-002389,2024-02-11,90.38,21.27,69.11,Google
ORD-002390,2024-02-11,92.27,0.0,92.27,Meta
ORD-002391,2024-02-11,56.8,0.0,56.8,Google
ORD-002392,2024-02-11,92.66,0.0,92.66,Microsoft
ORD-002393,2024-02-11,46.29,0.0,46.29,Meta
ORD-002394,2024-02-11,54.22,0.0,54.22,Google
ORD-002395,2024-02-11,97.19,0.0,97.19,TikTok
ORD-002396,2024-02-11,54.46,0.0,54.46,Email
ORD-002397,2024-02-11,64.8,0.0,64.8,Meta
ORD-002398,2024-02-11,74.76,0.0,74.76,Google
ORD-002399,2024-02-11,33.26,0.0,33.26,Direct
ORD-002400,2024-02-11,81.56,0.0,81.56,Meta
ORD-002401,2024-02-11,53.82,0.0,53.82,TikTok
ORD-002402,2024-02-11,79.88,65.23,14.65,Google
ORD-002403,2024-02-11,77.99,0.0,77.99,Google
ORD-002404,2024-02-11,63.49,0.0,63.49,Email
ORD-002405,2024-02-11,52.99,0.0,52.99,Meta
ORD-002406,2024-02-11,77.17,0.0,77.17,Google
ORD-002407,2024-02-11,63.87,0.0,63.87,Meta
ORD-002408,2024-02-11,54.23,0.0,54.23,Google
ORD-002409,2024-02-11,39.77,0.0,39.77,Meta
ORD-002410,2024-02-11,67.69,0.0,67.69,Google
ORD-002411,2024-02-11,76.61,0.0,76.61,Email
ORD-002412,2024-02-11,88.13,0.0,88.13,Google
ORD-002413,2024-02-11,108.67,0.0,108.67,Meta
ORD-002414,2024-02-11,63.98,0.0,63.98,Meta
ORD-002415,2024-02-11,60.38,0.0,60.38,Direct
ORD-002416,2024-02-11,82.85,0.0,82.85,Direct
ORD-002417,2024-02-11,69.41,60.83,8.58,TikTok
ORD-002418,2024-02-11,54.76,0.0,54.76,Google
ORD-002419,2024-02-11,32.47,0.0,32.47,Google
ORD-002420,2024-02-12,84.82,0.0,84.82,Direct
ORD-002421,2024-02-12,69.02,0.0,69.02,Google
ORD-002422,2024-02-12,61.53,0.0,61.53,TikTok
ORD-002423,2024-02-12,44.4,0.0,44.4,Meta
ORD-002424,2024-02-12,92.1,0.0,92.1,Email
ORD-002425,2024-02-12,99.04,0.0,99.04,Meta
ORD-002426,2024-02-12,69.2,0.0,69.2,Email
ORD-002427,2024-02-12,76.56,0.0,76.56,Email
ORD-002428,2024-02-12,51.11,0.0,51.11,Meta
ORD-002429,2024-02-12,51.95,0.0,51.95,Email
ORD-002430,2024-02-12,61.16,0.0,61.16,Meta
ORD-002431,2024-02-12,47.64,0.0,47.64,Google
ORD-002432,2024-02-12,62.9,0.0,62.9,Meta
ORD-002433,2024-02-12,51.54,0.0,51.54,Meta
ORD-002434,2024-02-12,63.23,13.26,49.97,TikTok
ORD-002435,2024-02-12,76.1,0.0,76.1,Meta
ORD-002436,2024-02-12,99.4,0.0,99.4,Meta
ORD-002437,2024-02-12,53.23,0.0,53.23,TikTok
ORD-002438,2024-02-12,72.38,0.0,72.38,Google
ORD-002439,2024-02-12,62.61,0.0,62.61,Direct
ORD-002440,2024-02-12,75.3,0.0,75.3,Google
ORD-002441,2024-02-12,89.72,0.0,89.72,Meta
ORD-002442,2024-02-12,59.95,0.0,59.95,Direct
ORD-002443,2024-02-12,57.73,0.0,57.73,Direct
ORD-002444,2024-02-12,53.71,0.0,53.71,Meta
ORD-002445,2024-02-12,86.9,0.0,86.9,Email
ORD-002446,2024-02-12,93.12,0.0,93.12,Meta
ORD-002447,2024-02-12,92.32,0.0,92.32,Email
ORD-002448,2024-02-12,68.07,15.87,52.2,TikTok
ORD-002449,2024-02-12,82.38,43.59,38.79,TikTok
ORD-002450,2024-02-12,45.96,12.86,33.1,Microsoft
ORD-002451,2024-02-12,83.16,0.0,83.16,Google
ORD-002452,2024-02-12,58.94,0.0,58.94,Microsoft
ORD-002453,2024-02-12,87.22,0.0,87.22,TikTok
ORD-002454,2024-02-12,44.03,0.0,44.03,Google
ORD-002455,2024-02-12,82.08,0.0,82.08,Meta
ORD-002456,2024-02-12,61.71,0.0,61.71,Meta
ORD-002457,2024-02-12,53.12,0.0,53.12,Meta
ORD-002458,2024-02-12,55.01,0.0,55.01,Email
ORD-002459,2024-02-12,74.54,0.0,74.54,Google
ORD-002460,2024-02-12,89.04,0.0,89.04,Email
ORD-002461,2024-02-12,74.95,0.0,74.95,Meta
ORD-002462,2024-02-12,88.16,0.0,88.16,Meta
ORD-002463,2024-02-12,74.03,0.0,74.03,Meta
ORD-002464,2024-02-12,83.1,0.0,83.1,Google
ORD-002465,2024-02-12,56.38,0.0,56.38,Meta
ORD-002466,2024-02-12,68.62,0.0,68.62,Meta
ORD-002467,2024-02-12,85.84,0.0,85.84,Email
ORD-002468,2024-02-12,61.65,0.0,61.65,Meta
ORD-002469,2024-02-12,91.74,0.0,91.74,Google
ORD-002470,2024-02-12,72.08,0.0,72.08,Direct
ORD-002471,2024-02-12,74.21,43.6,30.61,Google
ORD-002472,2024-02-12,112.26,0.0,112.26,Email
ORD-002473,2024-02-12,100.75,0.0,100.75,TikTok
ORD-002474,2024-02-12,73.57,0.0,73.57,Meta
ORD-002475,2024-02-12,90.32,0.0,90.32,Google
ORD-002476,2024-02-13,88.49,57.74,30.75,Email
ORD-002477,2024-02-13,69.19,0.0,69.19,TikTok
ORD-002478,2024-02-13,73.11,0.0,73.11,Meta
ORD-002479,2024-02-13,42.93,0.0,42.93,Meta
ORD-002480,2024-02-13,82.67,0.0,82.67,Direct
ORD-002481,2024-02-13,65.76,0.0,65.76,Google
ORD-002482,2024-02-13,68.27,55.11,13.16,Google
ORD-002483,2024-02-13,67.94,0.0,67.94,Direct
ORD-002484,2024-02-13,62.05,32.07,29.98,Google
ORD-002485,2024-02-13,89.48,30.68,58.8,Google
ORD-002486,2024-02-13,73.72,0.0,73.72,Microsoft
ORD-002487,2024-02-13,96.25,0.0,96.25,TikTok
ORD-002488,2024-02-13,66.45,0.0,66.45,Direct
ORD-002489,2024-02-13,72.04,0.0,72.04,Meta
ORD-002490,2024-02-13,74.58,0.0,74.58,Direct
ORD-002491,2024-02-13,75.64,0.0,75.64,Google
ORD-002492,2024-02-13,71.06,24.59,46.47,TikTok
ORD-002493,2024-02-13,87.72,0.0,87.72,Google
ORD-002494,2024-02-13,57.79,0.0,57.79,Direct
ORD-002495,2024-02-13,49.8,0.0,49.8,Meta
ORD-002496,2024-02-13,52.78,0.0,52.78,Meta
ORD-002497,2024-02-13,61.77,0.0,61.77,Google
ORD-002498,2024-02-13,57.75,0.0,57.75,Email
ORD-002499,2024-02-13,54.85,0.0,54.85,Meta
ORD-002500,2024-02-13,79.52,0.0,79.52,Google
ORD-002501,2024-02-13,34.13,0.0,34.13,TikTok
ORD-002502,2024-02-13,53.91,0.0,53.91,Meta
ORD-002503,2024-02-13,54.19,0.0,54.19,Google
ORD-002504,2024-02-13,74.12,0.0,74.12,Meta
ORD-002505,2024-02-13,87.56,0.0,87.56,Google
ORD-002506,2024-02-13,72.11,0.0,72.11,Meta
ORD-002507,2024-02-13,74.81,0.0,74.81,Direct
ORD-002508,2024-02-13,59.68,0.0,59.68,Meta
ORD-002509,2024-02-13,53.91,0.0,53.91,Meta
ORD-002510,2024-02-13,49.79,0.0,49.79,Meta
ORD-002511,2024-02-13,72.2,68.91,3.29,Meta
ORD-002512,2024-02-13,57.82,0.0,57.82,Direct
ORD-002513,2024-02-13,68.54,0.0,68.54,Direct
ORD-002514,2024-02-13,83.53,0.0,83.53,Google
ORD-002515,2024-02-13,61.06,0.0,61.06,Direct
ORD-002516,2024-02-13,59.1,0.0,59.1,Email
ORD-002517,2024-02-13,68.78,0.0,68.78,Meta
ORD-002518,2024-02-13,52.43,0.0,52.43,Meta
ORD-002519,2024-02-13,55.36,0.0,55.36,Direct
ORD-002520,2024-02-13,83.39,0.0,83.39,Google
ORD-002521,2024-02-13,52.14,0.0,52.14,Meta
ORD-002522,2024-02-13,81.39,0.0,81.39,Email
ORD-002523,2024-02-13,52.79,0.0,52.79,Microsoft
ORD-002524,2024-02-13,75.05,25.04,50.01,Meta
ORD-002525,2024-02-13,88.1,49.34,38.76,Google
ORD-002526,2024-02-13,54.95,0.0,54.95,Meta
ORD-002527,2024-02-13,35.58,0.0,35.58,Google
ORD-002528,2024-02-13,59.7,0.0,59.7,Direct
ORD-002529,2024-02-13,87.87,0.0,87.87,Meta
ORD-002530,2024-02-13,80.37,0.0,80.37,Meta
ORD-002531,2024-02-13,69.07,0.0,69.07,Google
ORD-002532,2024-02-13,53.08,0.0,53.08,Email
ORD-002533,2024-02-13,73.44,0.0,73.44,Google
ORD-002534,2024-02-14,49.41,0.0,49.41,TikTok
ORD-002535,2024-02-14,70.67,0.0,70.67,Meta
ORD-002536,2024-02-14,66.98,45.25,21.73,Meta
ORD-002537,2024-02-14,73.24,0.0,73.24,Meta
ORD-002538,2024-02-14,79.73,0.0,79.73,Google
ORD-002539,2024-02-14,19.89,0.0,19.89,Google
ORD-002540,2024-02-14,63.63,0.0,63.63,Google
ORD-002541,2024-02-14,87.96,0.0,87.96,Direct
ORD-002542,2024-02-14,61.38,0.0,61.38,Email
ORD-002543,2024-02-14,69.2,0.0,69.2,Google
ORD-002544,2024-02-14,41.22,0.0,41.22,Google
ORD-002545,2024-02-14,59.46,0.0,59.46,Direct
ORD-002546,2024-02-14,83.12,0.0,83.12,Google
ORD-002547,2024-02-14,69.07,0.0,69.07,Meta
ORD-002548,2024-02-14,118.18,54.01,64.17,Email
ORD-002549,2024-02-14,81.2,0.0,81.2,Google
ORD-002550,2024-02-14,97.39,0.0,97.39,Google
ORD-002551,2024-02-14,71.21,0.0,71.21,Meta
ORD-002552,2024-02-14,50.37,0.0,50.37,Direct
ORD-002553,2024-02-14,49.35,0.0,49.35,Meta
ORD-002554,2024-02-14,49.99,47.27,2.72,Google
ORD-002555,2024-02-14,72.55,0.0,72.55,Meta
ORD-002556,2024-02-14,49.35,0.0,49.35,Google
ORD-002557,2024-02-14,87.46,0.0,87.46,Meta
ORD-002558,2024-02-14,71.42,0.0,71.42,TikTok
ORD-002559,2024-02-14,55.93,0.0,55.93,Google
ORD-002560,2024-02-14,36.16,0.0,36.16,Meta
ORD-002561,2024-02-14,77.82,70.69,7.13,Direct
ORD-002562,2024-02-14,85.74,33.01,52.73,Meta
ORD-002563,2024-02-14,63.5,0.0,63.5,Direct
ORD-002564,2024-02-14,59.16,0.0,59.16,Email
ORD-002565,2024-02-14,86.18,0.0,86.18,Direct
ORD-002566,2024-02-14,105.4,0.0,105.4,Direct
ORD-002567,2024-02-14,62.14,0.0,62.14,Google
ORD-002568,2024-02-14,83.25,0.0,83.25,TikTok
ORD-002569,2024-02-14,61.69,0.0,61.69,Direct
ORD-002570,2024-02-14,48.37,0.0,48.37,Meta
ORD-002571,2024-02-14,64.55,0.0,64.55,TikTok
ORD-002572,2024-02-14,85.47,75.77,9.7,Meta
ORD-002573,2024-02-14,90.25,0.0,90.25,Google
ORD-002574,2024-02-14,94.0,0.0,94.0,Google
ORD-002575,2024-02-14,102.51,0.0,102.51,Direct
ORD-002576,2024-02-14,29.12,0.0,29.12,Meta
ORD-002577,2024-02-14,99.26,0.0,99.26,Email
ORD-002578,2024-02-14,37.62,0.0,37.62,TikTok
ORD-002579,2024-02-14,66.88,14.58,52.3,Email
ORD-002580,2024-02-14,71.21,40.66,30.55,Meta
ORD-002581,2024-02-14,67.78,0.0,67.78,Google
ORD-002582,2024-02-14,78.02,0.0,78.02,Google
ORD-002583,2024-02-14,64.32,0.0,64.32,Meta
ORD-002584,2024-02-15,83.25,0.0,83.25,Direct
ORD-002585,2024-02-15,57.29,0.0,57.29,Google
ORD-002586,2024-02-15,71.93,0.0,71.93,Meta
ORD-002587,2024-02-15,67.87,0.0,67.87,Email
ORD-002588,2024-02-15,93.7,0.0,93.7,Google
ORD-002589,2024-02-15,67.04,0.0,67.04,Meta
ORD-002590,2024-02-15,90.05,0.0,90.05,TikTok
ORD-002591,2024-02-15,94.58,0.0,94.58,Google
ORD-002592,2024-02-15,55.53,49.3,6.23,Microsoft
ORD-002593,2024-02-15,71.56,0.0,71.56,Meta
ORD-002594,2024-02-15,32.69,0.0,32.69,Meta
ORD-002595,2024-02-15,75.64,0.0,75.64,Email
ORD-002596,2024-02-15,62.22,0.0,62.22,TikTok
ORD-002597,2024-02-15,44.54,0.0,44.54,Meta
ORD-002598,2024-02-15,51.34,0.0,51.34,Direct
ORD-002599,2024-02-15,37.67,17.23,20.44,Email
ORD-002600,2024-02-15,70.52,0.0,70.52,Meta
ORD-002601,2024-02-15,79.48,0.0,79.48,Direct
ORD-002602,2024-02-15,61.14,0.0,61.14,Direct
ORD-002603,2024-02-15,86.51,0.0,86.51,Google
ORD-002604,2024-02-15,72.67,0.0,72.67,Direct
ORD-002605,2024-02-15,75.14,0.0,75.14,Meta
ORD-002606,2024-02-15,54.93,0.0,54.93,Google
ORD-002607,2024-02-15,68.98,0.0,68.98,Email
ORD-002608,2024-02-15,62.22,0.0,62.22,Google
ORD-002609,2024-02-15,53.84,0.0,53.84,TikTok
ORD-002610,2024-02-15,64.92,0.0,64.92,Microsoft
ORD-002611,2024-02-15,71.47,0.0,71.47,Google
ORD-002612,2024-02-15,47.92,33.78,14.14,Google
ORD-002613,2024-02-15,63.72,0.0,63.72,TikTok
ORD-002614,2024-02-15,59.78,0.0,59.78,Email
ORD-002615,2024-02-15,67.44,43.72,23.72,TikTok
ORD-002616,2024-02-15,43.99,0.0,43.99,Direct
ORD-002617,2024-02-15,72.62,0.0,72.62,Google
ORD-002618,2024-02-15,89.55,0.0,89.55,Google
ORD-002619,2024-02-15,75.2,0.0,75.2,Google
ORD-002620,2024-02-15,74.51,0.0,74.51,Google
ORD-002621,2024-02-15,77.88,0.0,77.88,Email
ORD-002622,2024-02-15,48.3,0.0,48.3,Google
ORD-002623,2024-02-15,69.47,0.0,69.47,Meta
ORD-002624,2024-02-15,65.07,62.67,2.4,TikTok
ORD-002625,2024-02-15,54.38,0.0,54.38,Direct
ORD-002626,2024-02-15,69.21,0.0,69.21,Google
ORD-002627,2024-02-15,58.23,0.0,58.23,Meta
ORD-002628,2024-02-15,71.45,0.0,71.45,Google
ORD-002629,2024-02-15,66.67,0.0,66.67,Google
ORD-002630,2024-02-15,41.8,0.0,41.8,Google
ORD-002631,2024-02-15,67.16,0.0,67.16,Direct
ORD-002632,2024-02-15,63.3,0.0,63.3,TikTok
ORD-002633,2024-02-15,90.68,0.0,90.68,Google
ORD-002634,2024-02-15,83.9,0.0,83.9,Meta
ORD-002635,2024-02-15,88.35,18.87,69.48,Meta
ORD-002636,2024-02-16,67.64,0.0,67.64,Direct
ORD-002637,2024-02-16,78.2,0.0,78.2,Google
ORD-002638,2024-02-16,46.82,0.0,46.82,Direct
ORD-002639,2024-02-16,33.19,0.0,33.19,Meta
ORD-002640,2024-02-16,92.11,0.0,92.11,Meta
ORD-002641,2024-02-16,62.62,0.0,62.62,Email
ORD-002642,2024-02-16,64.93,0.0,64.93,Google
ORD-002643,2024-02-16,49.69,0.0,49.69,TikTok
ORD-002644,2024-02-16,82.99,0.0,82.99,Email
ORD-002645,2024-02-16,73.97,34.44,39.53,Meta
ORD-002646,2024-02-16,77.02,0.0,77.02,Google
ORD-002647,2024-02-16,91.5,0.0,91.5,TikTok
ORD-002648,2024-02-16,35.04,0.0,35.04,Google
ORD-002649,2024-02-16,45.79,0.0,45.79,Meta
ORD-002650,2024-02-16,92.9,0.0,92.9,Microsoft
ORD-002651,2024-02-16,53.69,0.0,53.69,Direct
ORD-002652,2024-02-16,55.02,0.0,55.02,Meta
ORD-002653,2024-02-16,62.69,0.0,62.69,Email
ORD-002654,2024-02-16,45.96,0.0,45.96,Email
ORD-002655,2024-02-16,80.45,0.0,80.45,Google
ORD-002656,2024-02-16,49.19,0.0,49.19,Google
ORD-002657,2024-02-16,46.77,0.0,46.77,Google
ORD-002658,2024-02-16,68.9,0.0,68.9,Google
ORD-002659,2024-02-16,73.15,0.0,73.15,TikTok
ORD-002660,2024-02-16,63.15,16.78,46.37,Direct
ORD-002661,2024-02-16,111.89,0.0,111.89,Google
ORD-002662,2024-02-16,66.03,0.0,66.03,TikTok
ORD-002663,2024-02-16,65.22,18.84,46.38,Meta
ORD-002664,2024-02-16,81.4,0.0,81.4,Google
ORD-002665,2024-02-16,58.95,0.0,58.95,Direct
ORD-002666,2024-02-16,64.3,0.0,64.3,Direct
ORD-002667,2024-02-16,61.49,0.0,61.49,Direct
ORD-002668,2024-02-16,51.53,0.0,51.53,Google
ORD-002669,2024-02-16,51.92,0.0,51.92,Email
ORD-002670,2024-02-16,50.04,0.0,50.04,Email
ORD-002671,2024-02-16,59.36,0.0,59.36,Google
ORD-002672,2024-02-16,75.34,40.55,34.79,Direct
ORD-002673,2024-02-16,76.81,0.0,76.81,Meta
ORD-002674,2024-02-16,80.96,0.0,80.96,Meta
ORD-002675,2024-02-16,104.96,0.0,104.96,TikTok
ORD-002676,2024-02-16,80.37,0.0,80.37,TikTok
ORD-002677,2024-02-16,74.67,0.0,74.67,TikTok
ORD-002678,2024-02-16,43.21,0.0,43.21,Google
ORD-002679,2024-02-16,41.46,0.0,41.46,Direct
ORD-002680,2024-02-16,74.24,0.0,74.24,TikTok
ORD-002681,2024-02-16,43.92,0.0,43.92,Email
ORD-002682,2024-02-16,61.87,46.05,15.82,Email
ORD-002683,2024-02-17,83.91,0.0,83.91,Microsoft
ORD-002684,2024-02-17,74.29,0.0,74.29,Email
ORD-002685,2024-02-17,65.83,0.0,65.83,Google
ORD-002686,2024-02-17,79.99,0.0,79.99,Meta
ORD-002687,2024-02-17,39.88,0.0,39.88,Meta
ORD-002688,2024-02-17,62.34,0.0,62.34,Google
ORD-002689,2024-02-17,96.16,0.0,96.16,Meta
ORD-002690,2024-02-17,84.97,0.0,84.97,Meta
ORD-002691,2024-02-17,28.09,0.0,28.09,TikTok
ORD-002692,2024-02-17,64.84,0.0,64.84,Direct
ORD-002693,2024-02-17,56.37,0.0,56.37,Google
ORD-002694,2024-02-17,50.71,0.0,50.71,Google
ORD-002695,2024-02-17,90.51,0.0,90.51,Direct
ORD-002696,2024-02-17,74.95,0.0,74.95,Meta
ORD-002697,2024-02-17,71.87,0.0,71.87,Meta
ORD-002698,2024-02-17,27.03,0.0,27.03,Direct
ORD-002699,2024-02-17,74.13,0.0,74.13,Meta
ORD-002700,2024-02-17,91.75,0.0,91.75,Meta
ORD-002701,2024-02-17,87.05,0.0,87.05,Google
ORD-002702,2024-02-17,91.04,0.0,91.04,Email
ORD-002703,2024-02-17,103.39,0.0,103.39,Microsoft
ORD-002704,2024-02-17,87.11,0.0,87.11,Email
ORD-002705,2024-02-17,60.37,0.0,60.37,Direct
ORD-002706,2024-02-17,72.36,0.0,72.36,Direct
ORD-002707,2024-02-17,64.76,0.0,64.76,TikTok
ORD-002708,2024-02-17,76.61,0.0,76.61,Google
ORD-002709,2024-02-17,56.11,0.0,56.11,Meta
ORD-002710,2024-02-17,68.39,0.0,68.39,TikTok
ORD-002711,2024-02-17,74.11,0.0,74.11,TikTok
ORD-002712,2024-02-17,66.68,0.0,66.68,Google
ORD-002713,2024-02-17,87.26,45.31,41.95,Meta
ORD-002714,2024-02-17,77.29,0.0,77.29,Google
ORD-002715,2024-02-17,101.12,0.0,101.12,Meta
ORD-002716,2024-02-17,75.3,0.0,75.3,Meta
ORD-002717,2024-02-17,72.83,72.43,0.4,Email
ORD-002718,2024-02-17,54.05,0.0,54.05,Meta
ORD-002719,2024-02-17,68.38,0.0,68.38,Meta
ORD-002720,2024-02-17,79.02,0.0,79.02,Meta
ORD-002721,2024-02-17,41.81,0.0,41.81,Meta
ORD-002722,2024-02-17,48.44,41.41,7.03,Meta
ORD-002723,2024-02-17,60.37,0.0,60.37,Meta
ORD-002724,2024-02-17,53.45,0.0,53.45,Meta
ORD-002725,2024-02-17,82.88,42.26,40.62,Meta
ORD-002726,2024-02-17,64.62,0.0,64.62,Meta
ORD-002727,2024-02-17,49.92,0.0,49.92,TikTok
ORD-002728,2024-02-17,80.16,0.0,80.16,Direct
ORD-002729,2024-02-17,63.01,0.0,63.01,Meta
ORD-002730,2024-02-17,43.41,0.0,43.41,Microsoft
ORD-002731,2024-02-17,76.14,16.55,59.59,Meta
ORD-002732,2024-02-17,54.24,0.0,54.24,Google
ORD-002733,2024-02-17,69.22,0.0,69.22,Google
ORD-002734,2024-02-17,109.3,0.0,109.3,Direct
ORD-002735,2024-02-18,54.62,0.0,54.62,TikTok
ORD-002736,2024-02-18,62.79,0.0,62.79,Meta
ORD-002737,2024-02-18,89.51,0.0,89.51,Email
ORD-002738,2024-02-18,85.39,0.0,85.39,Google
ORD-002739,2024-02-18,65.44,0.0,65.44,Meta
ORD-002740,2024-02-18,53.92,21.62,32.3,Google
ORD-002741,2024-02-18,53.15,0.0,53.15,Meta
ORD-002742,2024-02-18,79.24,0.0,79.24,Google
ORD-002743,2024-02-18,67.27,0.0,67.27,Meta
ORD-002744,2024-02-18,50.91,0.0,50.91,Direct
ORD-002745,2024-02-18,71.85,0.0,71.85,Google
ORD-002746,2024-02-18,48.58,18.51,30.07,Email
ORD-002747,2024-02-18,71.51,0.0,71.51,Email
ORD-002748,2024-02-18,58.35,0.0,58.35,Direct
ORD-002749,2024-02-18,66.96,0.0,66.96,Google
ORD-002750,2024-02-18,84.74,0.0,84.74,TikTok
ORD-002751,2024-02-18,59.49,0.0,59.49,Meta
ORD-002752,2024-02-18,61.96,0.0,61.96,Google
ORD-002753,2024-02-18,60.65,0.0,60.65,Google
ORD-002754,2024-02-18,97.45,0.0,97.45,Meta
ORD-002755,2024-02-18,52.58,0.0,52.58,Direct
ORD-002756,2024-02-18,38.0,0.0,38.0,Email
ORD-002757,2024-02-18,76.56,0.0,76.56,Meta
ORD-002758,2024-02-18,78.82,0.0,78.82,Meta
ORD-002759,2024-02-18,46.65,0.0,46.65,Direct
ORD-002760,2024-02-18,53.98,0.0,53.98,Google
ORD-002761,2024-02-18,62.95,0.0,62.95,Meta
ORD-002762,2024-02-18,54.16,0.0,54.16,Microsoft
ORD-002763,2024-02-18,53.55,0.0,53.55,Email
ORD-002764,2024-02-18,56.93,23.63,33.3,Google
ORD-002765,2024-02-18,93.89,42.5,51.39,Meta
ORD-002766,2024-02-18,86.61,0.0,86.61,Microsoft
ORD-002767,2024-02-18,60.58,0.0,60.58,Email
ORD-002768,2024-02-18,51.28,0.0,51.28,Email
ORD-002769,2024-02-18,78.11,0.0,78.11,TikTok
ORD-002770,2024-02-18,91.95,0.0,91.95,Microsoft
ORD-002771,2024-02-18,49.43,0.0,49.43,Microsoft
ORD-002772,2024-02-18,86.35,0.0,86.35,Microsoft
ORD-002773,2024-02-18,57.53,0.0,57.53,Google
ORD-002774,2024-02-18,68.14,0.0,68.14,Microsoft
ORD-002775,2024-02-18,79.85,0.0,79.85,Email
ORD-002776,2024-02-18,66.6,0.0,66.6,Email
ORD-002777,2024-02-18,68.07,0.0,68.07,Microsoft
ORD-002778,2024-02-18,60.97,0.0,60.97,Google
ORD-002779,2024-02-18,60.31,0.0,60.31,TikTok
ORD-002780,2024-02-18,78.85,0.0,78.85,Google
ORD-002781,2024-02-18,105.39,0.0,105.39,Google
ORD-002782,2024-02-18,66.75,0.0,66.75,Meta
ORD-002783,2024-02-18,66.21,0.0,66.21,Meta
ORD-002784,2024-02-18,63.78,0.0,63.78,Meta
ORD-002785,2024-02-18,63.56,0.0,63.56,Microsoft
ORD-002786,2024-02-18,72.99,0.0,72.99,Meta
ORD-002787,2024-02-18,71.19,0.0,71.19,Google
ORD-002788,2024-02-18,67.18,0.0,67.18,Direct
ORD-002789,2024-02-18,85.98,0.0,85.98,Email
ORD-002790,2024-02-18,73.07,0.0,73.07,Meta
ORD-002791,2024-02-18,75.74,0.0,75.74,Email
ORD-002792,2024-02-18,57.69,0.0,57.69,Meta
ORD-002793,2024-02-18,43.51,0.0,43.51,Google
ORD-002794,2024-02-19,91.67,0.0,91.67,Meta
ORD-002795,2024-02-19,87.88,0.0,87.88,Direct
ORD-002796,2024-02-19,68.33,0.0,68.33,Google
ORD-002797,2024-02-19,64.56,0.0,64.56,Meta
ORD-002798,2024-02-19,43.87,0.0,43.87,Meta
ORD-002799,2024-02-19,55.29,0.0,55.29,Meta
ORD-002800,2024-02-19,79.73,0.0,79.73,Meta
ORD-002801,2024-02-19,26.68,0.0,26.68,Meta
ORD-002802,2024-02-19,101.66,0.0,101.66,Google
ORD-002803,2024-02-19,53.94,0.0,53.94,TikTok
ORD-002804,2024-02-19,101.75,0.0,101.75,Email
ORD-002805,2024-02-19,67.28,66.21,1.07,Google
ORD-002806,2024-02-19,54.66,0.0,54.66,Google
ORD-002807,2024-02-19,63.72,0.0,63.72,Direct
ORD-002808,2024-02-19,76.02,0.0,76.02,Microsoft
ORD-002809,2024-02-19,62.03,0.0,62.03,Meta
ORD-002810,2024-02-19,82.34,23.87,58.47,Google
ORD-002811,2024-02-19,56.94,0.0,56.94,Email
ORD-002812,2024-02-19,84.74,0.0,84.74,Direct
ORD-002813,2024-02-19,69.88,0.0,69.88,Email
ORD-002814,2024-02-19,69.12,0.0,69.12,Direct
ORD-002815,2024-02-19,69.49,0.0,69.49,Microsoft
ORD-002816,2024-02-19,53.19,0.0,53.19,Meta
ORD-002817,2024-02-19,75.1,0.0,75.1,Google
ORD-002818,2024-02-19,59.87,36.77,23.1,Email
ORD-002819,2024-02-19,85.97,0.0,85.97,Meta
ORD-002820,2024-02-19,72.25,0.0,72.25,Google
ORD-002821,2024-02-19,82.2,0.0,82.2,Meta
ORD-002822,2024-02-19,73.85,0.0,73.85,Direct
ORD-002823,2024-02-19,55.54,0.0,55.54,Email
ORD-002824,2024-02-19,79.62,54.42,25.2,Meta
ORD-002825,2024-02-19,52.59,0.0,52.59,Google
ORD-002826,2024-02-19,71.13,0.0,71.13,Email
ORD-002827,2024-02-19,62.95,0.0,62.95,Google
ORD-002828,2024-02-19,89.41,0.0,89.41,TikTok
ORD-002829,2024-02-19,71.12,0.0,71.12,Google
ORD-002830,2024-02-19,65.39,0.0,65.39,Email
ORD-002831,2024-02-19,58.07,0.0,58.07,Direct
ORD-002832,2024-02-19,84.57,0.0,84.57,Google
ORD-002833,2024-02-19,74.74,0.0,74.74,Direct
ORD-002834,2024-02-19,85.94,43.27,42.67,Meta
ORD-002835,2024-02-19,67.68,0.0,67.68,Microsoft
ORD-002836,2024-02-19,91.58,0.0,91.58,Microsoft
ORD-002837,2024-02-19,83.49,0.0,83.49,Meta
ORD-002838,2024-02-20,49.61,0.0,49.61,Email
ORD-002839,2024-02-20,29.03,7.14,21.89,Meta
ORD-002840,2024-02-20,49.01,0.0,49.01,Meta
ORD-002841,2024-02-20,46.04,20.74,25.3,Google
ORD-002842,2024-02-20,26.66,0.0,26.66,Meta
ORD-002843,2024-02-20,31.12,0.0,31.12,TikTok
ORD-002844,2024-02-20,83.39,0.0,83.39,Google
ORD-002845,2024-02-20,45.81,0.0,45.81,Google
ORD-002846,2024-02-20,64.03,0.0,64.03,Direct
ORD-002847,2024-02-20,67.17,0.0,67.17,Direct
ORD-002848,2024-02-20,60.31,0.0,60.31,Google
ORD-002849,2024-02-20,63.02,0.0,63.02,Microsoft
ORD-002850,2024-02-20,73.76,0.0,73.76,Direct
ORD-002851,2024-02-20,38.62,0.0,38.62,Meta
ORD-002852,2024-02-20,90.79,0.0,90.79,Meta
ORD-002853,2024-02-20,77.06,0.0,77.06,Google
ORD-002854,2024-02-20,80.39,0.0,80.39,Email
ORD-002855,2024-02-20,92.89,0.0,92.89,Microsoft
ORD-002856,2024-02-20,78.57,71.63,6.94,Google
ORD-002857,2024-02-20,63.27,0.0,63.27,Direct
ORD-002858,2024-02-20,89.59,60.87,28.72,Meta
ORD-002859,2024-02-20,72.37,0.0,72.37,Email
ORD-002860,2024-02-20,77.9,0.0,77.9,Meta
ORD-002861,2024-02-20,68.31,0.0,68.31,Microsoft
ORD-002862,2024-02-20,45.4,0.0,45.4,TikTok
ORD-002863,2024-02-20,41.97,0.0,41.97,Microsoft
ORD-002864,2024-02-20,72.95,0.0,72.95,TikTok
ORD-002865,2024-02-20,27.1,0.0,27.1,Direct
ORD-002866,2024-02-20,58.68,0.0,58.68,Direct
ORD-002867,2024-02-20,85.59,0.0,85.59,Email
ORD-002868,2024-02-20,66.24,0.0,66.24,Direct
ORD-002869,2024-02-20,70.41,0.0,70.41,Google
ORD-002870,2024-02-20,123.13,0.0,123.13,Meta
ORD-002871,2024-02-20,64.94,0.0,64.94,Meta
ORD-002872,2024-02-20,104.81,0.0,104.81,Direct
ORD-002873,2024-02-20,93.67,0.0,93.67,Google
ORD-002874,2024-02-20,55.24,0.0,55.24,Email
ORD-002875,2024-02-20,81.12,0.0,81.12,Microsoft
ORD-002876,2024-02-20,44.11,11.48,32.63,Google
ORD-002877,2024-02-20,88.22,0.0,88.22,Google
ORD-002878,2024-02-20,46.07,0.0,46.07,Direct
ORD-002879,2024-02-20,73.12,0.0,73.12,Direct
ORD-002880,2024-02-20,105.75,0.0,105.75,Google
ORD-002881,2024-02-20,52.88,0.0,52.88,Meta
ORD-002882,2024-02-20,43.24,38.75,4.49,Google
ORD-002883,2024-02-20,65.37,44.83,20.54,Google
ORD-002884,2024-02-20,74.59,0.0,74.59,Meta
ORD-002885,2024-02-20,43.94,0.0,43.94,Google
ORD-002886,2024-02-20,77.24,0.0,77.24,Google
ORD-002887,2024-02-20,59.43,0.0,59.43,Email
ORD-002888,2024-02-20,54.37,0.0,54.37,Google
ORD-002889,2024-02-20,75.83,0.0,75.83,Direct
ORD-002890,2024-02-20,45.3,0.0,45.3,Meta
ORD-002891,2024-02-20,58.32,0.0,58.32,Email
ORD-002892,2024-02-20,59.5,0.0,59.5,Meta
ORD-002893,2024-02-20,59.85,0.0,59.85,Meta
ORD-002894,2024-02-20,77.74,0.0,77.74,Meta
ORD-002895,2024-02-21,65.98,0.0,65.98,Email
ORD-002896,2024-02-21,79.77,0.0,79.77,Meta
ORD-002897,2024-02-21,55.42,0.0,55.42,Meta
ORD-002898,2024-02-21,77.64,0.0,77.64,Meta
ORD-002899,2024-02-21,66.18,0.0,66.18,TikTok
ORD-002900,2024-02-21,60.17,0.0,60.17,Email
ORD-002901,2024-02-21,62.19,0.0,62.19,Google
ORD-002902,2024-02-21,102.23,0.0,102.23,Email
ORD-002903,2024-02-21,66.3,0.0,66.3,Email
ORD-002904,2024-02-21,71.18,0.0,71.18,Email
ORD-002905,2024-02-21,44.39,0.0,44.39,Meta
ORD-002906,2024-02-21,70.56,0.0,70.56,Meta
ORD-002907,2024-02-21,66.96,0.0,66.96,Google
ORD-002908,2024-02-21,52.56,0.0,52.56,Google
ORD-002909,2024-02-21,50.39,0.0,50.39,Meta
ORD-002910,2024-02-21,38.39,0.0,38.39,Direct
ORD-002911,2024-02-21,93.23,0.0,93.23,Google
ORD-002912,2024-02-21,87.68,0.0,87.68,Microsoft
ORD-002913,2024-02-21,104.6,0.0,104.6,Direct
ORD-002914,2024-02-21,62.24,0.0,62.24,TikTok
ORD-002915,2024-02-21,50.67,0.0,50.67,Direct
ORD-002916,2024-02-21,54.97,0.0,54.97,Direct
ORD-002917,2024-02-21,81.02,0.0,81.02,Email
ORD-002918,2024-02-21,61.48,0.0,61.48,Direct
ORD-002919,2024-02-21,73.69,0.0,73.69,Meta
ORD-002920,2024-02-21,67.34,0.0,67.34,Meta
ORD-002921,2024-02-21,100.39,0.0,100.39,Meta
ORD-002922,2024-02-21,66.99,0.0,66.99,Google
ORD-002923,2024-02-21,80.23,0.0,80.23,Meta
ORD-002924,2024-02-21,67.2,0.0,67.2,Email
ORD-002925,2024-02-21,76.44,0.0,76.44,Meta
ORD-002926,2024-02-21,80.59,0.0,80.59,Google
ORD-002927,2024-02-21,46.03,0.0,46.03,Microsoft
ORD-002928,2024-02-21,60.38,0.0,60.38,Google
ORD-002929,2024-02-21,83.62,22.33,61.29,Meta
ORD-002930,2024-02-21,94.39,0.0,94.39,Google
ORD-002931,2024-02-21,77.66,0.0,77.66,Google
ORD-002932,2024-02-21,91.4,0.0,91.4,Google
ORD-002933,2024-02-21,78.76,72.64,6.12,Google
ORD-002934,2024-02-21,59.61,0.0,59.61,Meta
ORD-002935,2024-02-21,90.1,0.0,90.1,TikTok
ORD-002936,2024-02-21,30.14,0.0,30.14,Microsoft
ORD-002937,2024-02-21,49.62,0.0,49.62,Meta
ORD-002938,2024-02-21,87.27,0.0,87.27,Google
ORD-002939,2024-02-21,93.75,0.0,93.75,Email
ORD-002940,2024-02-21,81.8,0.0,81.8,Meta
ORD-002941,2024-02-21,73.68,24.86,48.82,TikTok
ORD-002942,2024-02-21,47.13,0.0,47.13,Meta
ORD-002943,2024-02-21,41.64,0.0,41.64,Google
ORD-002944,2024-02-21,62.26,0.0,62.26,Email
ORD-002945,2024-02-21,66.17,0.0,66.17,TikTok
ORD-002946,2024-02-21,85.34,0.0,85.34,Google
ORD-002947,2024-02-21,79.82,0.0,79.82,Meta
ORD-002948,2024-02-21,43.62,0.0,43.62,Email
ORD-002949,2024-02-21,52.42,0.0,52.42,TikTok
ORD-002950,2024-02-21,64.55,0.0,64.55,Meta
ORD-002951,2024-02-21,45.47,0.0,45.47,Meta
ORD-002952,2024-02-21,61.39,0.0,61.39,Meta
ORD-002953,2024-02-21,69.12,0.0,69.12,Google
ORD-002954,2024-02-21,59.52,0.0,59.52,Direct
ORD-002955,2024-02-21,107.11,0.0,107.11,Meta
ORD-002956,2024-02-21,72.17,0.0,72.17,Google
ORD-002957,2024-02-21,80.66,0.0,80.66,Meta
ORD-002958,2024-02-22,86.43,0.0,86.43,Meta
ORD-002959,2024-02-22,51.67,40.52,11.15,Google
ORD-002960,2024-02-22,73.6,0.0,73.6,Meta
ORD-002961,2024-02-22,58.8,0.0,58.8,Email
ORD-002962,2024-02-22,51.37,0.0,51.37,Email
ORD-002963,2024-02-22,79.11,0.0,79.11,Email
ORD-002964,2024-02-22,81.54,0.0,81.54,Google
ORD-002965,2024-02-22,64.43,0.0,64.43,Google
ORD-002966,2024-02-22,85.93,0.0,85.93,Meta
ORD-002967,2024-02-22,66.9,0.0,66.9,Google
ORD-002968,2024-02-22,45.77,0.0,45.77,Google
ORD-002969,2024-02-22,78.6,26.95,51.65,Meta
ORD-002970,2024-02-22,54.25,39.78,14.47,Google
ORD-002971,2024-02-22,92.51,0.0,92.51,Google
ORD-002972,2024-02-22,98.87,0.0,98.87,Meta
ORD-002973,2024-02-22,69.19,0.0,69.19,Direct
ORD-002974,2024-02-22,67.1,0.0,67.1,Meta
ORD-002975,2024-02-22,48.77,0.0,48.77,Google
ORD-002976,2024-02-22,59.08,0.0,59.08,Microsoft
ORD-002977,2024-02-22,60.16,0.0,60.16,Meta
ORD-002978,2024-02-22,58.64,0.0,58.64,Meta
ORD-002979,2024-02-22,65.6,0.0,65.6,Meta
ORD-002980,2024-02-22,104.91,0.0,104.91,Google
ORD-002981,2024-02-22,65.58,0.0,65.58,Microsoft
ORD-002982,2024-02-22,40.83,18.87,21.96,Direct
ORD-002983,2024-02-22,96.42,0.0,96.42,Google
ORD-002984,2024-02-22,63.12,0.0,63.12,TikTok
ORD-002985,2024-02-22,48.75,0.0,48.75,Email
ORD-002986,2024-02-22,88.68,0.0,88.68,Google
ORD-002987,2024-02-22,58.35,0.0,58.35,Google
ORD-002988,2024-02-22,71.81,0.0,71.81,Meta
ORD-002989,2024-02-22,68.85,0.0,68.85,Meta
ORD-002990,2024-02-22,82.76,0.0,82.76,Google
ORD-002991,2024-02-22,53.08,0.0,53.08,TikTok
ORD-002992,2024-02-22,80.64,0.0,80.64,Meta
ORD-002993,2024-02-22,105.94,0.0,105.94,Direct
ORD-002994,2024-02-22,40.96,0.0,40.96,Meta
ORD-002995,2024-02-22,85.77,0.0,85.77,Email
ORD-002996,2024-02-22,77.14,0.0,77.14,Email
ORD-002997,2024-02-22,87.94,0.0,87.94,Google
ORD-002998,2024-02-22,56.49,0.0,56.49,Google
ORD-002999,2024-02-22,69.17,0.0,69.17,Direct
ORD-003000,2024-02-22,59.55,0.0,59.55,Google
ORD-003001,2024-02-22,80.4,0.0,80.4,Google
ORD-003002,2024-02-22,76.6,0.0,76.6,Direct
ORD-003003,2024-02-22,62.43,0.0,62.43,Google
ORD-003004,2024-02-22,42.26,0.0,42.26,Meta
ORD-003005,2024-02-22,95.3,0.0,95.3,Meta
ORD-003006,2024-02-22,78.7,0.0,78.7,Direct
ORD-003007,2024-02-23,91.33,0.0,91.33,Google
ORD-003008,2024-02-23,93.9,86.01,7.89,TikTok
ORD-003009,2024-02-23,81.41,0.0,81.41,Google
ORD-003010,2024-02-23,79.92,0.0,79.92,Email
ORD-003011,2024-02-23,85.04,0.0,85.04,Direct
ORD-003012,2024-02-23,58.06,38.89,19.17,Google
ORD-003013,2024-02-23,52.57,0.0,52.57,Google
ORD-003014,2024-02-23,76.64,0.0,76.64,Google
ORD-003015,2024-02-23,67.87,0.0,67.87,Google
ORD-003016,2024-02-23,82.85,0.0,82.85,Direct
ORD-003017,2024-02-23,100.77,0.0,100.77,Google
ORD-003018,2024-02-23,66.09,0.0,66.09,Google
ORD-003019,2024-02-23,80.69,0.0,80.69,Meta
ORD-003020,2024-02-23,81.7,0.0,81.7,TikTok
ORD-003021,2024-02-23,67.36,0.0,67.36,Meta
ORD-003022,2024-02-23,69.42,0.0,69.42,Meta
ORD-003023,2024-02-23,41.45,0.0,41.45,Meta
ORD-003024,2024-02-23,75.41,45.19,30.22,Microsoft
ORD-003025,2024-02-23,75.47,0.0,75.47,TikTok
ORD-003026,2024-02-23,82.08,0.0,82.08,Meta
ORD-003027,2024-02-23,69.94,0.0,69.94,Email
ORD-003028,2024-02-23,56.09,0.0,56.09,Email
ORD-003029,2024-02-23,77.16,0.0,77.16,Meta
ORD-003030,2024-02-23,22.86,0.0,22.86,Direct
ORD-003031,2024-02-23,62.65,0.0,62.65,TikTok
ORD-003032,2024-02-23,76.28,0.0,76.28,Google
ORD-003033,2024-02-23,54.16,0.0,54.16,Microsoft
ORD-003034,2024-02-23,78.21,0.0,78.21,Direct
ORD-003035,2024-02-23,55.66,41.82,13.84,Email
ORD-003036,2024-02-23,64.57,0.0,64.57,Meta
ORD-003037,2024-02-23,90.09,0.0,90.09,Meta
ORD-003038,2024-02-23,74.32,0.0,74.32,Email
ORD-003039,2024-02-23,67.89,0.0,67.89,Meta
ORD-003040,2024-02-23,64.72,0.0,64.72,Email
ORD-003041,2024-02-23,67.92,0.0,67.92,TikTok
ORD-003042,2024-02-23,65.61,0.0,65.61,Meta
ORD-003043,2024-02-23,66.88,0.0,66.88,Microsoft
ORD-003044,2024-02-23,48.81,0.0,48.81,Google
ORD-003045,2024-02-23,78.34,0.0,78.34,Google
ORD-003046,2024-02-23,77.07,0.0,77.07,Google
ORD-003047,2024-02-23,56.7,19.44,37.26,Microsoft
ORD-003048,2024-02-23,86.51,0.0,86.51,Meta
ORD-003049,2024-02-23,77.21,0.0,77.21,Google
ORD-003050,2024-02-23,68.94,0.0,68.94,Email
ORD-003051,2024-02-23,59.35,0.0,59.35,Google
ORD-003052,2024-02-23,49.56,0.0,49.56,Direct
ORD-003053,2024-02-23,46.38,0.0,46.38,Google
ORD-003054,2024-02-23,68.7,0.0,68.7,TikTok
ORD-003055,2024-02-23,31.17,0.0,31.17,Meta
ORD-003056,2024-02-23,83.2,23.34,59.86,Meta
ORD-003057,2024-02-23,57.39,0.0,57.39,Google
ORD-003058,2024-02-23,74.6,0.0,74.6,Google
ORD-003059,2024-02-23,85.89,0.0,85.89,Meta
ORD-003060,2024-02-23,61.23,45.72,15.51,Microsoft
ORD-003061,2024-02-23,103.94,0.0,103.94,Meta
ORD-003062,2024-02-23,79.88,0.0,79.88,TikTok
ORD-003063,2024-02-23,71.71,0.0,71.71,Direct
ORD-003064,2024-02-23,93.5,0.0,93.5,Google
ORD-003065,2024-02-23,40.12,0.0,40.12,Meta
ORD-003066,2024-02-23,62.16,0.0,62.16,TikTok
ORD-003067,2024-02-24,62.32,0.0,62.32,Meta
ORD-003068,2024-02-24,106.09,0.0,106.09,Email
ORD-003069,2024-02-24,83.48,0.0,83.48,Meta
ORD-003070,2024-02-24,75.06,0.0,75.06,Google
ORD-003071,2024-02-24,74.59,0.0,74.59,TikTok
ORD-003072,2024-02-24,92.91,0.0,92.91,Google
ORD-003073,2024-02-24,52.86,0.0,52.86,Google
ORD-003074,2024-02-24,67.51,0.0,67.51,Google
ORD-003075,2024-02-24,67.48,0.0,67.48,TikTok
ORD-003076,2024-02-24,41.93,27.39,14.54,Google
ORD-003077,2024-02-24,59.64,0.0,59.64,Meta
ORD-003078,2024-02-24,54.27,0.0,54.27,Google
ORD-003079,2024-02-24,76.41,0.0,76.41,Meta
ORD-003080,2024-02-24,86.55,0.0,86.55,Email
ORD-003081,2024-02-24,76.63,0.0,76.63,Google
ORD-003082,2024-02-24,47.02,0.0,47.02,Direct
ORD-003083,2024-02-24,90.39,0.0,90.39,Google
ORD-003084,2024-02-24,97.71,0.0,97.71,Direct
ORD-003085,2024-02-24,55.7,0.0,55.7,Direct
ORD-003086,2024-02-24,64.8,24.26,40.54,Meta
ORD-003087,2024-02-24,29.76,0.0,29.76,Meta
ORD-003088,2024-02-24,46.44,0.0,46.44,Google
ORD-003089,2024-02-24,84.43,0.0,84.43,Google
ORD-003090,2024-02-24,66.57,0.0,66.57,Meta
ORD-003091,2024-02-24,68.33,0.0,68.33,Microsoft
ORD-003092,2024-02-24,74.86,19.36,55.5,Google
ORD-003093,2024-02-24,76.46,0.0,76.46,Direct
ORD-003094,2024-02-24,74.04,0.0,74.04,TikTok
ORD-003095,2024-02-24,42.16,29.65,12.51,Meta
ORD-003096,2024-02-24,93.9,0.0,93.9,Direct
ORD-003097,2024-02-24,77.79,0.0,77.79,Email
ORD-003098,2024-02-24,41.83,0.0,41.83,Google
ORD-003099,2024-02-24,41.05,0.0,41.05,Meta
ORD-003100,2024-02-24,97.96,66.35,31.61,TikTok
ORD-003101,2024-02-24,58.67,0.0,58.67,Google
ORD-003102,2024-02-24,28.79,0.0,28.79,Google
ORD-003103,2024-02-24,106.48,0.0,106.48,TikTok
ORD-003104,2024-02-24,64.86,0.0,64.86,Google
ORD-003105,2024-02-24,40.99,0.0,40.99,Google
ORD-003106,2024-02-24,70.27,0.0,70.27,Google
ORD-003107,2024-02-24,73.96,0.0,73.96,Google
ORD-003108,2024-02-24,78.37,0.0,78.37,Direct
ORD-003109,2024-02-24,36.35,0.0,36.35,Meta
ORD-003110,2024-02-24,64.92,0.0,64.92,Google
ORD-003111,2024-02-24,64.91,14.92,49.99,TikTok
ORD-003112,2024-02-24,81.74,0.0,81.74,Meta
ORD-003113,2024-02-24,58.11,0.0,58.11,TikTok
ORD-003114,2024-02-24,65.48,0.0,65.48,Meta
ORD-003115,2024-02-24,28.31,0.0,28.31,Google
ORD-003116,2024-02-24,66.07,0.0,66.07,Meta
ORD-003117,2024-02-24,27.05,0.0,27.05,Google
ORD-003118,2024-02-24,43.34,0.0,43.34,Google
ORD-003119,2024-02-24,69.86,0.0,69.86,Meta
ORD-003120,2024-02-24,48.54,0.0,48.54,TikTok
ORD-003121,2024-02-24,69.87,0.0,69.87,Google
ORD-003122,2024-02-24,62.85,0.0,62.85,TikTok
ORD-003123,2024-02-24,39.15,0.0,39.15,Google
ORD-003124,2024-02-25,58.4,0.0,58.4,Meta
ORD-003125,2024-02-25,83.06,0.0,83.06,Microsoft
ORD-003126,2024-02-25,90.48,0.0,90.48,Meta
ORD-003127,2024-02-25,63.89,0.0,63.89,Meta
ORD-003128,2024-02-25,93.38,0.0,93.38,TikTok
ORD-003129,2024-02-25,70.41,0.0,70.41,Email
ORD-003130,2024-02-25,79.57,0.0,79.57,Meta
ORD-003131,2024-02-25,40.9,0.0,40.9,Email
ORD-003132,2024-02-25,50.84,0.0,50.84,Meta
ORD-003133,2024-02-25,74.72,0.0,74.72,Email
ORD-003134,2024-02-25,76.75,0.0,76.75,Microsoft
ORD-003135,2024-02-25,87.53,0.0,87.53,Meta
ORD-003136,2024-02-25,60.35,0.0,60.35,Email
ORD-003137,2024-02-25,41.41,0.0,41.41,Direct
ORD-003138,2024-02-25,34.46,24.35,10.11,Microsoft
ORD-003139,2024-02-25,48.15,0.0,48.15,Direct
ORD-003140,2024-02-25,100.62,0.0,100.62,Google
ORD-003141,2024-02-25,74.47,0.0,74.47,Meta
ORD-003142,2024-02-25,45.36,0.0,45.36,Meta
ORD-003143,2024-02-25,60.55,0.0,60.55,Google
ORD-003144,2024-02-25,77.67,17.77,59.9,Direct
ORD-003145,2024-02-25,85.44,0.0,85.44,Email
ORD-003146,2024-02-25,53.3,0.0,53.3,Meta
ORD-003147,2024-02-25,22.83,0.0,22.83,Google
ORD-003148,2024-02-25,77.35,0.0,77.35,Meta
ORD-003149,2024-02-25,73.05,0.0,73.05,Email
ORD-003150,2024-02-25,85.53,0.0,85.53,Email
ORD-003151,2024-02-25,93.2,0.0,93.2,Meta
ORD-003152,2024-02-25,70.62,21.05,49.57,Meta
ORD-003153,2024-02-25,70.4,0.0,70.4,Meta
ORD-003154,2024-02-25,50.86,0.0,50.86,Google
ORD-003155,2024-02-25,59.73,0.0,59.73,Email
ORD-003156,2024-02-25,63.41,0.0,63.41,Email
ORD-003157,2024-02-25,83.21,0.0,83.21,Email
ORD-003158,2024-02-25,55.55,0.0,55.55,Direct
ORD-003159,2024-02-25,45.51,0.0,45.51,Meta
ORD-003160,2024-02-25,81.36,27.63,53.73,Direct
ORD-003161,2024-02-25,48.58,0.0,48.58,TikTok
ORD-003162,2024-02-25,78.86,0.0,78.86,Google
ORD-003163,2024-02-25,80.86,0.0,80.86,Direct
ORD-003164,2024-02-25,43.22,0.0,43.22,Meta
ORD-003165,2024-02-25,77.41,0.0,77.41,Microsoft
ORD-003166,2024-02-25,58.41,0.0,58.41,Google
ORD-003167,2024-02-25,51.52,0.0,51.52,Meta
ORD-003168,2024-02-25,88.22,0.0,88.22,Microsoft
ORD-003169,2024-02-25,65.19,0.0,65.19,Google
ORD-003170,2024-02-25,53.43,0.0,53.43,TikTok
ORD-003171,2024-02-25,39.91,0.0,39.91,Google
ORD-003172,2024-02-25,40.48,0.0,40.48,Google
ORD-003173,2024-02-25,72.36,0.0,72.36,Meta
ORD-003174,2024-02-25,31.65,0.0,31.65,Email
ORD-003175,2024-02-26,94.95,0.0,94.95,Meta
ORD-003176,2024-02-26,51.19,0.0,51.19,Email
ORD-003177,2024-02-26,63.96,0.0,63.96,Email
ORD-003178,2024-02-26,69.88,0.0,69.88,Email
ORD-003179,2024-02-26,60.0,0.0,60.0,Email
ORD-003180,2024-02-26,81.83,0.0,81.83,Google
ORD-003181,2024-02-26,92.17,0.0,92.17,Google
ORD-003182,2024-02-26,44.2,0.0,44.2,Email
ORD-003183,2024-02-26,68.76,0.0,68.76,Google
ORD-003184,2024-02-26,83.23,0.0,83.23,Google
ORD-003185,2024-02-26,78.64,0.0,78.64,Meta
ORD-003186,2024-02-26,33.68,0.0,33.68,Direct
ORD-003187,2024-02-26,70.98,0.0,70.98,Microsoft
ORD-003188,2024-02-26,74.49,61.51,12.98,Direct
ORD-003189,2024-02-26,59.24,0.0,59.24,Meta
ORD-003190,2024-02-26,49.24,0.0,49.24,Google
ORD-003191,2024-02-26,82.88,0.0,82.88,Meta
ORD-003192,2024-02-26,84.81,0.0,84.81,Microsoft
ORD-003193,2024-02-26,60.9,0.0,60.9,Microsoft
ORD-003194,2024-02-26,81.57,0.0,81.57,Meta
ORD-003195,2024-02-26,49.19,0.0,49.19,TikTok
ORD-003196,2024-02-26,74.66,0.0,74.66,Meta
ORD-003197,2024-02-26,89.26,0.0,89.26,Email
ORD-003198,2024-02-26,70.17,0.0,70.17,Google
ORD-003199,2024-02-26,66.71,0.0,66.71,Microsoft
ORD-003200,2024-02-26,46.08,0.0,46.08,Meta
ORD-003201,2024-02-26,59.48,0.0,59.48,Meta
ORD-003202,2024-02-26,65.68,0.0,65.68,Meta
ORD-003203,2024-02-26,85.43,0.0,85.43,Microsoft
ORD-003204,2024-02-26,78.4,0.0,78.4,Google
ORD-003205,2024-02-26,93.98,0.0,93.98,Direct
ORD-003206,2024-02-26,36.31,0.0,36.31,Direct
ORD-003207,2024-02-26,83.02,0.0,83.02,Meta
ORD-003208,2024-02-26,90.05,0.0,90.05,Email
ORD-003209,2024-02-26,78.01,0.0,78.01,Direct
ORD-003210,2024-02-26,75.68,0.0,75.68,Direct
ORD-003211,2024-02-26,64.9,0.0,64.9,Email
ORD-003212,2024-02-26,55.15,0.0,55.15,Email
ORD-003213,2024-02-26,38.35,0.0,38.35,Google
ORD-003214,2024-02-26,88.99,0.0,88.99,Email
ORD-003215,2024-02-26,73.54,0.0,73.54,Meta
ORD-003216,2024-02-26,61.41,0.0,61.41,Meta
ORD-003217,2024-02-26,98.62,0.0,98.62,Google
ORD-003218,2024-02-26,66.57,0.0,66.57,Google
ORD-003219,2024-02-26,55.05,0.0,55.05,Email
ORD-003220,2024-02-26,77.03,24.76,52.27,Meta
ORD-003221,2024-02-26,102.92,0.0,102.92,TikTok
ORD-003222,2024-02-26,84.86,0.0,84.86,Google
ORD-003223,2024-02-26,49.77,0.0,49.77,Meta
ORD-003224,2024-02-26,51.91,0.0,51.91,Google
ORD-003225,2024-02-26,69.79,0.0,69.79,Microsoft
ORD-003226,2024-02-26,87.45,0.0,87.45,Google
ORD-003227,2024-02-26,96.81,0.0,96.81,Direct
ORD-003228,2024-02-26,63.29,0.0,63.29,Google
ORD-003229,2024-02-26,83.65,0.0,83.65,Email
ORD-003230,2024-02-26,37.61,0.0,37.61,Google
ORD-003231,2024-02-26,93.2,0.0,93.2,Meta
ORD-003232,2024-02-26,67.98,47.08,20.9,Google
ORD-003233,2024-02-26,75.99,38.09,37.9,Google
ORD-003234,2024-02-26,32.17,0.0,32.17,Meta
ORD-003235,2024-02-26,32.61,0.0,32.61,Google
ORD-003236,2024-02-26,56.5,0.0,56.5,TikTok
ORD-003237,2024-02-26,79.73,0.0,79.73,TikTok
ORD-003238,2024-02-26,82.09,0.0,82.09,Meta
ORD-003239,2024-02-26,53.76,0.0,53.76,Microsoft
ORD-003240,2024-02-26,69.56,42.29,27.27,Email
ORD-003241,2024-02-27,66.08,0.0,66.08,Microsoft
ORD-003242,2024-02-27,114.24,0.0,114.24,Microsoft
ORD-003243,2024-02-27,41.62,0.0,41.62,Meta
ORD-003244,2024-02-27,64.43,0.0,64.43,Google
ORD-003245,2024-02-27,58.36,0.0,58.36,Email
ORD-003246,2024-02-27,99.61,0.0,99.61,TikTok
ORD-003247,2024-02-27,68.22,0.0,68.22,Direct
ORD-003248,2024-02-27,71.24,0.0,71.24,Google
ORD-003249,2024-02-27,61.38,0.0,61.38,Direct
ORD-003250,2024-02-27,65.35,0.0,65.35,Direct
ORD-003251,2024-02-27,61.63,0.0,61.63,Meta
ORD-003252,2024-02-27,68.23,0.0,68.23,Google
ORD-003253,2024-02-27,99.27,90.08,9.19,Direct
ORD-003254,2024-02-27,59.81,0.0,59.81,Google
ORD-003255,2024-02-27,64.42,0.0,64.42,Direct
ORD-003256,2024-02-27,30.35,0.0,30.35,Meta
ORD-003257,2024-02-27,34.05,0.0,34.05,Meta
ORD-003258,2024-02-27,94.49,52.12,42.37,Direct
ORD-003259,2024-02-27,86.97,0.0,86.97,Meta
ORD-003260,2024-02-27,59.64,0.0,59.64,Direct
ORD-003261,2024-02-27,68.98,16.13,52.85,Google
ORD-003262,2024-02-27,55.8,0.0,55.8,Meta
ORD-003263,2024-02-27,37.75,0.0,37.75,Email
ORD-003264,2024-02-27,43.4,0.0,43.4,Meta
ORD-003265,2024-02-27,84.17,0.0,84.17,Meta
ORD-003266,2024-02-27,76.61,0.0,76.61,Email
ORD-003267,2024-02-27,99.46,0.0,99.46,Microsoft
ORD-003268,2024-02-27,89.15,0.0,89.15,Google
ORD-003269,2024-02-27,66.87,0.0,66.87,Email
ORD-003270,2024-02-27,41.84,16.86,24.98,Meta
ORD-003271,2024-02-27,93.01,0.0,93.01,TikTok
ORD-003272,2024-02-27,74.62,0.0,74.62,Email
ORD-003273,2024-02-27,77.34,0.0,77.34,Meta
ORD-003274,2024-02-27,42.16,0.0,42.16,Google
ORD-003275,2024-02-27,77.34,0.0,77.34,Google
ORD-003276,2024-02-27,66.26,0.0,66.26,Meta
ORD-003277,2024-02-27,98.21,0.0,98.21,Email
ORD-003278,2024-02-27,85.0,0.0,85.0,Google
ORD-003279,2024-02-27,52.54,0.0,52.54,Email
ORD-003280,2024-02-27,73.47,0.0,73.47,Meta
ORD-003281,2024-02-27,54.02,24.32,29.7,Google
ORD-003282,2024-02-27,91.25,0.0,91.25,Google
ORD-003283,2024-02-27,59.48,0.0,59.48,Google
ORD-003284,2024-02-27,62.57,0.0,62.57,Email
ORD-003285,2024-02-27,78.34,0.0,78.34,Meta
ORD-003286,2024-02-27,52.78,0.0,52.78,Microsoft
ORD-003287,2024-02-27,66.89,0.0,66.89,Meta
ORD-003288,2024-02-27,119.25,0.0,119.25,Direct
ORD-003289,2024-02-28,36.15,0.0,36.15,Google
ORD-003290,2024-02-28,59.04,0.0,59.04,Google
ORD-003291,2024-02-28,85.68,0.0,85.68,Meta
ORD-003292,2024-02-28,46.77,0.0,46.77,Email
ORD-003293,2024-02-28,86.34,0.0,86.34,Google
ORD-003294,2024-02-28,41.88,0.0,41.88,Google
ORD-003295,2024-02-28,87.79,0.0,87.79,Email
ORD-003296,2024-02-28,86.73,0.0,86.73,Google
ORD-003297,2024-02-28,84.32,0.0,84.32,Google
ORD-003298,2024-02-28,43.45,0.0,43.45,Direct
ORD-003299,2024-02-28,69.25,16.69,52.56,Microsoft
ORD-003300,2024-02-28,76.53,50.52,26.01,Email
ORD-003301,2024-02-28,68.42,0.0,68.42,Meta
ORD-003302,2024-02-28,14.08,0.0,14.08,Google
ORD-003303,2024-02-28,73.17,0.0,73.17,Meta
ORD-003304,2024-02-28,47.93,0.0,47.93,Meta
ORD-003305,2024-02-28,94.86,0.0,94.86,Direct
ORD-003306,2024-02-28,73.6,0.0,73.6,Meta
ORD-003307,2024-02-28,62.68,0.0,62.68,Google
ORD-003308,2024-02-28,63.19,0.0,63.19,Google
ORD-003309,2024-02-28,54.44,0.0,54.44,Meta
ORD-003310,2024-02-28,68.18,0.0,68.18,Meta
ORD-003311,2024-02-28,85.71,0.0,85.71,Meta
ORD-003312,2024-02-28,48.66,0.0,48.66,Direct
ORD-003313,2024-02-28,73.39,0.0,73.39,Meta
ORD-003314,2024-02-28,38.73,0.0,38.73,Meta
ORD-003315,2024-02-28,52.0,0.0,52.0,Google
ORD-003316,2024-02-28,62.05,0.0,62.05,TikTok
ORD-003317,2024-02-28,90.56,0.0,90.56,TikTok
ORD-003318,2024-02-28,50.56,0.0,50.56,Google
ORD-003319,2024-02-28,102.32,0.0,102.32,Meta
ORD-003320,2024-02-28,81.78,0.0,81.78,Microsoft
ORD-003321,2024-02-28,68.21,0.0,68.21,Google
ORD-003322,2024-02-28,53.4,0.0,53.4,Meta
ORD-003323,2024-02-28,78.81,0.0,78.81,Direct
ORD-003324,2024-02-28,78.63,0.0,78.63,Meta
ORD-003325,2024-02-28,50.8,23.33,27.47,TikTok
ORD-003326,2024-02-28,90.01,0.0,90.01,Google
ORD-003327,2024-02-28,76.34,0.0,76.34,Direct
ORD-003328,2024-02-28,63.9,0.0,63.9,Microsoft
ORD-003329,2024-02-28,73.17,0.0,73.17,Meta
ORD-003330,2024-02-28,68.34,25.59,42.75,Direct
ORD-003331,2024-02-28,86.25,0.0,86.25,Meta
ORD-003332,2024-02-28,94.62,0.0,94.62,Google
ORD-003333,2024-02-28,89.53,23.54,65.99,TikTok
ORD-003334,2024-02-28,56.22,0.0,56.22,Microsoft
ORD-003335,2024-02-28,62.28,31.46,30.82,Google
ORD-003336,2024-02-28,69.46,0.0,69.46,Microsoft
ORD-003337,2024-02-29,77.46,0.0,77.46,Microsoft
ORD-003338,2024-02-29,77.8,0.0,77.8,Meta
ORD-003339,2024-02-29,66.6,0.0,66.6,Google
ORD-003340,2024-02-29,55.99,0.0,55.99,Direct
ORD-003341,2024-02-29,59.61,0.0,59.61,Meta
ORD-003342,2024-02-29,47.99,46.7,1.29,Email
ORD-003343,2024-02-29,99.33,0.0,99.33,TikTok
ORD-003344,2024-02-29,55.49,0.0,55.49,Direct
ORD-003345,2024-02-29,91.13,0.0,91.13,Google
ORD-003346,2024-02-29,83.35,24.69,58.66,TikTok
ORD-003347,2024-02-29,73.8,0.0,73.8,Email
ORD-003348,2024-02-29,50.82,0.0,50.82,Meta
ORD-003349,2024-02-29,92.8,0.0,92.8,Meta
ORD-003350,2024-02-29,34.77,0.0,34.77,Google
ORD-003351,2024-02-29,89.3,0.0,89.3,Google
ORD-003352,2024-02-29,78.26,0.0,78.26,Google
ORD-003353,2024-02-29,93.27,0.0,93.27,Google
ORD-003354,2024-02-29,68.94,0.0,68.94,TikTok
ORD-003355,2024-02-29,66.03,0.0,66.03,Meta
ORD-003356,2024-02-29,79.36,0.0,79.36,TikTok
ORD-003357,2024-02-29,75.71,0.0,75.71,Email
ORD-003358,2024-02-29,85.75,35.3,50.45,TikTok
ORD-003359,2024-02-29,93.94,0.0,93.94,Email
ORD-003360,2024-02-29,73.15,0.0,73.15,Meta
ORD-003361,2024-02-29,50.88,0.0,50.88,Meta
ORD-003362,2024-02-29,29.25,0.0,29.25,Email
ORD-003363,2024-02-29,79.02,0.0,79.02,Microsoft
ORD-003364,2024-02-29,75.95,0.0,75.95,Google
ORD-003365,2024-02-29,84.49,0.0,84.49,Meta
ORD-003366,2024-02-29,68.04,0.0,68.04,TikTok
ORD-003367,2024-02-29,70.85,0.0,70.85,Google
ORD-003368,2024-02-29,94.22,0.0,94.22,Email
ORD-003369,2024-02-29,65.72,0.0,65.72,Google
ORD-003370,2024-02-29,57.38,0.0,57.38,Google
ORD-003371,2024-02-29,35.02,0.0,35.02,Google
ORD-003372,2024-02-29,64.74,0.0,64.74,Direct
ORD-003373,2024-02-29,78.37,0.0,78.37,Google
ORD-003374,2024-02-29,83.66,0.0,83.66,Meta
ORD-003375,2024-03-01,49.87,0.0,49.87,Meta
ORD-003376,2024-03-01,98.65,0.0,98.65,Direct
ORD-003377,2024-03-01,77.08,0.0,77.08,Direct
ORD-003378,2024-03-01,75.29,0.0,75.29,Meta
ORD-003379,2024-03-01,91.23,0.0,91.23,TikTok
ORD-003380,2024-03-01,69.14,0.0,69.14,Google
ORD-003381,2024-03-01,71.79,0.0,71.79,Meta
ORD-003382,2024-03-01,65.99,0.0,65.99,Direct
ORD-003383,2024-03-01,60.67,0.0,60.67,Microsoft
ORD-003384,2024-03-01,68.48,0.0,68.48,Direct
ORD-003385,2024-03-01,101.07,0.0,101.07,Email
ORD-003386,2024-03-01,42.83,0.0,42.83,Direct
ORD-003387,2024-03-01,74.45,0.0,74.45,Meta
ORD-003388,2024-03-01,44.02,0.0,44.02,Google
ORD-003389,2024-03-01,51.78,0.0,51.78,Meta
ORD-003390,2024-03-01,81.2,0.0,81.2,Google
ORD-003391,2024-03-01,43.82,0.0,43.82,Direct
ORD-003392,2024-03-01,45.17,0.0,45.17,Meta
ORD-003393,2024-03-01,96.09,0.0,96.09,Microsoft
ORD-003394,2024-03-01,83.16,0.0,83.16,Google
ORD-003395,2024-03-01,46.07,0.0,46.07,Google
ORD-003396,2024-03-01,85.28,0.0,85.28,Meta
ORD-003397,2024-03-01,84.57,0.0,84.57,Meta
ORD-003398,2024-03-01,61.26,0.0,61.26,Google
ORD-003399,2024-03-01,60.48,0.0,60.48,Meta
ORD-003400,2024-03-01,42.68,0.0,42.68,Microsoft
ORD-003401,2024-03-01,69.74,0.0,69.74,TikTok
ORD-003402,2024-03-01,68.06,0.0,68.06,TikTok
ORD-003403,2024-03-01,70.14,0.0,70.14,Google
ORD-003404,2024-03-01,90.67,0.0,90.67,Google
ORD-003405,2024-03-01,55.34,0.0,55.34,Google
ORD-003406,2024-03-01,69.6,0.0,69.6,Direct
ORD-003407,2024-03-01,80.89,0.0,80.89,Meta
ORD-003408,2024-03-01,86.81,0.0,86.81,Meta
ORD-003409,2024-03-01,51.4,0.0,51.4,Meta
ORD-003410,2024-03-01,64.48,0.0,64.48,Direct
ORD-003411,2024-03-01,61.55,32.8,28.75,Meta
ORD-003412,2024-03-01,109.89,0.0,109.89,Meta
ORD-003413,2024-03-01,45.97,0.0,45.97,Meta
ORD-003414,2024-03-01,71.57,0.0,71.57,Meta
ORD-003415,2024-03-01,82.2,0.0,82.2,Meta
ORD-003416,2024-03-01,63.2,0.0,63.2,Google
ORD-003417,2024-03-01,45.4,0.0,45.4,Email
ORD-003418,2024-03-01,72.55,0.0,72.55,Google
ORD-003419,2024-03-01,59.99,0.0,59.99,Meta
ORD-003420,2024-03-01,104.56,51.08,53.48,Email
ORD-003421,2024-03-01,72.34,0.0,72.34,Meta
ORD-003422,2024-03-01,43.82,0.0,43.82,TikTok
ORD-003423,2024-03-01,44.25,0.0,44.25,Google
ORD-003424,2024-03-01,54.84,0.0,54.84,Meta
ORD-003425,2024-03-01,62.5,0.0,62.5,Google
ORD-003426,2024-03-01,86.65,68.13,18.52,Email
ORD-003427,2024-03-01,64.3,0.0,64.3,Google
ORD-003428,2024-03-01,56.81,0.0,56.81,Google
ORD-003429,2024-03-01,96.91,0.0,96.91,TikTok
ORD-003430,2024-03-01,74.74,0.0,74.74,TikTok
ORD-003431,2024-03-01,60.43,0.0,60.43,Direct
ORD-003432,2024-03-01,45.41,0.0,45.41,Email
ORD-003433,2024-03-01,45.99,0.0,45.99,Google
ORD-003434,2024-03-02,88.6,0.0,88.6,TikTok
ORD-003435,2024-03-02,98.58,0.0,98.58,TikTok
ORD-003436,2024-03-02,66.83,0.0,66.83,TikTok
ORD-003437,2024-03-02,45.1,0.0,45.1,Google
ORD-003438,2024-03-02,70.36,0.0,70.36,Email
ORD-003439,2024-03-02,60.95,33.86,27.09,Meta
ORD-003440,2024-03-02,71.41,0.0,71.41,Meta
ORD-003441,2024-03-02,88.74,0.0,88.74,Meta
ORD-003442,2024-03-02,55.46,0.0,55.46,Google
ORD-003443,2024-03-02,59.93,0.0,59.93,TikTok
ORD-003444,2024-03-02,70.1,0.0,70.1,Google
ORD-003445,2024-03-02,36.53,0.0,36.53,Direct
ORD-003446,2024-03-02,63.21,0.0,63.21,Google
ORD-003447,2024-03-02,60.24,50.64,9.6,Meta
ORD-003448,2024-03-02,93.35,0.0,93.35,Meta
ORD-003449,2024-03-02,95.62,0.0,95.62,Google
ORD-003450,2024-03-02,46.56,42.96,3.6,TikTok
ORD-003451,2024-03-02,54.55,0.0,54.55,Email
ORD-003452,2024-03-02,76.35,0.0,76.35,TikTok
ORD-003453,2024-03-02,75.44,0.0,75.44,Meta
ORD-003454,2024-03-02,68.45,0.0,68.45,Meta
ORD-003455,2024-03-02,80.04,0.0,80.04,Google
ORD-003456,2024-03-02,60.45,0.0,60.45,Direct
ORD-003457,2024-03-02,51.75,0.0,51.75,Google
ORD-003458,2024-03-02,73.69,0.0,73.69,Google
ORD-003459,2024-03-02,54.18,0.0,54.18,Email
ORD-003460,2024-03-02,38.59,37.35,1.24,Google
ORD-003461,2024-03-02,79.32,0.0,79.32,TikTok
ORD-003462,2024-03-02,52.16,0.0,52.16,Meta
ORD-003463,2024-03-02,81.18,0.0,81.18,Direct
ORD-003464,2024-03-02,83.28,0.0,83.28,TikTok
ORD-003465,2024-03-02,85.97,0.0,85.97,Email
ORD-003466,2024-03-02,59.27,0.0,59.27,Google
ORD-003467,2024-03-02,82.32,0.0,82.32,Meta
ORD-003468,2024-03-02,36.74,12.14,24.6,Google
ORD-003469,2024-03-02,52.64,0.0,52.64,Email
ORD-003470,2024-03-02,68.94,0.0,68.94,Meta
ORD-003471,2024-03-02,68.96,43.36,25.6,Meta
ORD-003472,2024-03-02,64.43,0.0,64.43,Google
ORD-003473,2024-03-02,64.52,53.85,10.67,Meta
ORD-003474,2024-03-02,35.42,0.0,35.42,Meta
ORD-003475,2024-03-02,54.61,0.0,54.61,Direct
ORD-003476,2024-03-02,73.26,0.0,73.26,TikTok
ORD-003477,2024-03-02,46.61,0.0,46.61,TikTok
ORD-003478,2024-03-02,61.2,51.42,9.78,Email
ORD-003479,2024-03-02,94.86,0.0,94.86,TikTok
ORD-003480,2024-03-02,102.56,0.0,102.56,Email
ORD-003481,2024-03-02,41.32,0.0,41.32,Direct
ORD-003482,2024-03-02,97.82,87.14,10.68,Email
ORD-003483,2024-03-02,81.1,0.0,81.1,Meta
ORD-003484,2024-03-02,71.11,0.0,71.11,Meta
ORD-003485,2024-03-02,84.42,0.0,84.42,Google
ORD-003486,2024-03-02,53.07,51.42,1.65,Email
ORD-003487,2024-03-02,67.26,0.0,67.26,Microsoft
ORD-003488,2024-03-02,83.34,0.0,83.34,Email
ORD-003489,2024-03-02,41.88,41.21,0.67,Google
ORD-003490,2024-03-02,73.69,0.0,73.69,Microsoft
ORD-003491,2024-03-02,70.95,0.0,70.95,Meta
ORD-003492,2024-03-02,83.36,0.0,83.36,Meta
ORD-003493,2024-03-02,67.2,0.0,67.2,Email
ORD-003494,2024-03-02,63.71,0.0,63.71,Meta
ORD-003495,2024-03-02,38.88,0.0,38.88,Meta
ORD-003496,2024-03-02,82.44,0.0,82.44,Google
ORD-003497,2024-03-02,48.4,0.0,48.4,Direct
ORD-003498,2024-03-02,72.57,0.0,72.57,TikTok
ORD-003499,2024-03-02,46.36,0.0,46.36,Meta
ORD-003500,2024-03-02,66.87,0.0,66.87,Direct
ORD-003501,2024-03-02,58.51,0.0,58.51,Meta
ORD-003502,2024-03-03,49.33,0.0,49.33,Meta
ORD-003503,2024-03-03,117.14,0.0,117.14,Direct
ORD-003504,2024-03-03,73.94,0.0,73.94,Meta
ORD-003505,2024-03-03,83.67,0.0,83.67,Email
ORD-003506,2024-03-03,50.88,0.0,50.88,Microsoft
ORD-003507,2024-03-03,42.69,0.0,42.69,Email
ORD-003508,2024-03-03,101.01,0.0,101.01,Direct
ORD-003509,2024-03-03,75.53,31.67,43.86,Direct
ORD-003510,2024-03-03,68.9,0.0,68.9,Meta
ORD-003511,2024-03-03,70.93,0.0,70.93,Meta
ORD-003512,2024-03-03,29.78,0.0,29.78,Meta
ORD-003513,2024-03-03,66.96,29.21,37.75,Meta
ORD-003514,2024-03-03,94.34,0.0,94.34,Meta
ORD-003515,2024-03-03,69.05,0.0,69.05,Direct
ORD-003516,2024-03-03,43.98,0.0,43.98,Meta
ORD-003517,2024-03-03,74.73,0.0,74.73,Email
ORD-003518,2024-03-03,68.46,0.0,68.46,Google
ORD-003519,2024-03-03,70.22,0.0,70.22,Microsoft
ORD-003520,2024-03-03,90.64,0.0,90.64,Google
ORD-003521,2024-03-03,87.94,0.0,87.94,TikTok
ORD-003522,2024-03-03,108.79,0.0,108.79,Meta
ORD-003523,2024-03-03,90.73,0.0,90.73,TikTok
ORD-003524,2024-03-03,84.44,0.0,84.44,Email
ORD-003525,2024-03-03,95.19,0.0,95.19,Email
ORD-003526,2024-03-03,52.45,0.0,52.45,Google
ORD-003527,2024-03-03,70.4,0.0,70.4,Direct
ORD-003528,2024-03-03,33.65,0.0,33.65,Google
ORD-003529,2024-03-03,87.71,0.0,87.71,Microsoft
ORD-003530,2024-03-03,76.62,0.0,76.62,Meta
ORD-003531,2024-03-03,74.59,0.0,74.59,TikTok
ORD-003532,2024-03-03,42.54,29.29,13.25,Meta
ORD-003533,2024-03-03,94.85,0.0,94.85,Google
ORD-003534,2024-03-03,79.11,0.0,79.11,TikTok
ORD-003535,2024-03-03,59.24,0.0,59.24,Direct
ORD-003536,2024-03-03,51.0,0.0,51.0,Meta
ORD-003537,2024-03-03,55.51,0.0,55.51,Meta
ORD-003538,2024-03-03,60.01,0.0,60.01,Direct
ORD-003539,2024-03-03,94.98,20.43,74.55,Meta
ORD-003540,2024-03-03,64.56,0.0,64.56,Google
ORD-003541,2024-03-03,98.41,0.0,98.41,TikTok
ORD-003542,2024-03-03,79.45,0.0,79.45,Microsoft
ORD-003543,2024-03-03,85.91,0.0,85.91,Meta
ORD-003544,2024-03-03,94.64,0.0,94.64,Meta
ORD-003545,2024-03-03,62.79,0.0,62.79,Email
ORD-003546,2024-03-03,61.17,0.0,61.17,Google
ORD-003547,2024-03-03,72.94,0.0,72.94,Google
ORD-003548,2024-03-03,80.31,0.0,80.31,Meta
ORD-003549,2024-03-03,72.95,0.0,72.95,Direct
ORD-003550,2024-03-03,85.15,0.0,85.15,Meta
ORD-003551,2024-03-03,70.94,0.0,70.94,Meta
ORD-003552,2024-03-03,76.41,0.0,76.41,Email
ORD-003553,2024-03-03,78.76,44.95,33.81,Meta
ORD-003554,2024-03-03,67.97,0.0,67.97,Google
ORD-003555,2024-03-03,79.98,0.0,79.98,Meta
ORD-003556,2024-03-03,82.59,0.0,82.59,Microsoft
ORD-003557,2024-03-03,90.63,0.0,90.63,Direct
ORD-003558,2024-03-03,69.04,0.0,69.04,TikTok
ORD-003559,2024-03-03,58.31,0.0,58.31,Meta
ORD-003560,2024-03-03,63.34,0.0,63.34,TikTok
ORD-003561,2024-03-03,77.88,0.0,77.88,Meta
ORD-003562,2024-03-03,63.35,0.0,63.35,Microsoft
ORD-003563,2024-03-03,46.04,0.0,46.04,Meta
ORD-003564,2024-03-03,69.08,35.18,33.9,Meta
ORD-003565,2024-03-03,46.01,0.0,46.01,Email
ORD-003566,2024-03-03,77.86,49.39,28.47,Email
ORD-003567,2024-03-03,87.12,0.0,87.12,Direct
ORD-003568,2024-03-03,69.59,0.0,69.59,Google
ORD-003569,2024-03-03,99.25,0.0,99.25,Direct
ORD-003570,2024-03-04,73.53,0.0,73.53,Direct
ORD-003571,2024-03-04,76.09,0.0,76.09,TikTok
ORD-003572,2024-03-04,76.48,0.0,76.48,Google
ORD-003573,2024-03-04,67.08,0.0,67.08,Google
ORD-003574,2024-03-04,37.6,0.0,37.6,Meta
ORD-003575,2024-03-04,86.3,0.0,86.3,Google
ORD-003576,2024-03-04,72.37,0.0,72.37,Meta
ORD-003577,2024-03-04,46.18,0.0,46.18,Meta
ORD-003578,2024-03-04,90.68,0.0,90.68,Google
ORD-003579,2024-03-04,47.06,17.24,29.82,Google
ORD-003580,2024-03-04,87.42,0.0,87.42,Google
ORD-003581,2024-03-04,54.48,0.0,54.48,TikTok
ORD-003582,2024-03-04,68.85,0.0,68.85,Meta
ORD-003583,2024-03-04,75.57,0.0,75.57,Google
ORD-003584,2024-03-04,55.66,0.0,55.66,Meta
ORD-003585,2024-03-04,90.51,0.0,90.51,Meta
ORD-003586,2024-03-04,75.13,0.0,75.13,Meta
ORD-003587,2024-03-04,88.21,0.0,88.21,Meta
ORD-003588,2024-03-04,47.84,0.0,47.84,Google
ORD-003589,2024-03-04,86.81,0.0,86.81,Email
ORD-003590,2024-03-04,40.21,0.0,40.21,Google
ORD-003591,2024-03-04,72.23,0.0,72.23,Meta
ORD-003592,2024-03-04,74.96,31.57,43.39,Google
ORD-003593,2024-03-04,50.88,0.0,50.88,Google
ORD-003594,2024-03-04,77.62,0.0,77.62,Meta
ORD-003595,2024-03-04,54.57,0.0,54.57,TikTok
ORD-003596,2024-03-04,70.95,0.0,70.95,Email
ORD-003597,2024-03-04,76.79,0.0,76.79,Meta
ORD-003598,2024-03-04,73.08,0.0,73.08,Google
ORD-003599,2024-03-04,56.55,0.0,56.55,Email
ORD-003600,2024-03-04,67.54,0.0,67.54,Google
ORD-003601,2024-03-04,42.7,0.0,42.7,Meta
ORD-003602,2024-03-04,59.9,0.0,59.9,Direct
ORD-003603,2024-03-04,56.16,0.0,56.16,Google
ORD-003604,2024-03-04,86.28,0.0,86.28,Meta
ORD-003605,2024-03-04,83.89,0.0,83.89,Google
ORD-003606,2024-03-04,82.16,0.0,82.16,Direct
ORD-003607,2024-03-04,79.5,0.0,79.5,TikTok
ORD-003608,2024-03-04,101.91,0.0,101.91,Google
ORD-003609,2024-03-04,62.07,0.0,62.07,Meta
ORD-003610,2024-03-04,76.63,0.0,76.63,Meta
ORD-003611,2024-03-04,32.09,0.0,32.09,Meta
ORD-003612,2024-03-04,68.63,0.0,68.63,Direct
ORD-003613,2024-03-04,53.46,0.0,53.46,TikTok
ORD-003614,2024-03-04,61.17,26.34,34.83,Google
ORD-003615,2024-03-04,101.13,0.0,101.13,Meta
ORD-003616,2024-03-04,63.79,0.0,63.79,Google
ORD-003617,2024-03-04,83.1,17.74,65.36,Google
ORD-003618,2024-03-04,54.01,0.0,54.01,Email
ORD-003619,2024-03-04,82.87,0.0,82.87,Meta
ORD-003620,2024-03-04,66.57,0.0,66.57,Microsoft
ORD-003621,2024-03-04,62.9,0.0,62.9,Meta
ORD-003622,2024-03-04,85.73,0.0,85.73,Google
ORD-003623,2024-03-04,83.07,0.0,83.07,Direct
ORD-003624,2024-03-04,74.01,0.0,74.01,Meta
ORD-003625,2024-03-04,69.6,0.0,69.6,Google
ORD-003626,2024-03-04,39.56,0.0,39.56,Meta
ORD-003627,2024-03-04,63.02,0.0,63.02,Meta
ORD-003628,2024-03-04,80.72,0.0,80.72,Email
ORD-003629,2024-03-04,68.61,0.0,68.61,Microsoft
ORD-003630,2024-03-04,85.43,0.0,85.43,Direct
ORD-003631,2024-03-04,79.45,0.0,79.45,Google
ORD-003632,2024-03-04,71.92,0.0,71.92,Meta
ORD-003633,2024-03-05,81.44,0.0,81.44,Google
ORD-003634,2024-03-05,97.96,0.0,97.96,Email
ORD-003635,2024-03-05,86.13,0.0,86.13,TikTok
ORD-003636,2024-03-05,65.77,0.0,65.77,Email
ORD-003637,2024-03-05,71.18,0.0,71.18,Meta
ORD-003638,2024-03-05,88.13,0.0,88.13,Meta
ORD-003639,2024-03-05,62.75,0.0,62.75,Email
ORD-003640,2024-03-05,85.78,0.0,85.78,Email
ORD-003641,2024-03-05,56.5,0.0,56.5,Google
ORD-003642,2024-03-05,39.29,0.0,39.29,Email
ORD-003643,2024-03-05,78.38,0.0,78.38,Meta
ORD-003644,2024-03-05,93.95,0.0,93.95,Direct
ORD-003645,2024-03-05,77.97,0.0,77.97,Email
ORD-003646,2024-03-05,42.72,0.0,42.72,Direct
ORD-003647,2024-03-05,69.72,0.0,69.72,Email
ORD-003648,2024-03-05,85.6,80.81,4.79,Direct
ORD-003649,2024-03-05,63.74,0.0,63.74,Email
ORD-003650,2024-03-05,77.44,0.0,77.44,Direct
ORD-003651,2024-03-05,79.8,0.0,79.8,Direct
ORD-003652,2024-03-05,84.11,0.0,84.11,Email
ORD-003653,2024-03-05,90.43,0.0,90.43,Email
ORD-003654,2024-03-05,68.59,0.0,68.59,Meta
ORD-003655,2024-03-05,70.91,25.21,45.7,Email
ORD-003656,2024-03-05,65.31,0.0,65.31,Microsoft
ORD-003657,2024-03-05,51.43,0.0,51.43,TikTok
ORD-003658,2024-03-05,26.76,0.0,26.76,Email
ORD-003659,2024-03-05,50.11,0.0,50.11,Google
ORD-003660,2024-03-05,69.66,0.0,69.66,TikTok
ORD-003661,2024-03-05,67.12,0.0,67.12,Meta
ORD-003662,2024-03-05,100.66,0.0,100.66,Meta
ORD-003663,2024-03-05,54.52,0.0,54.52,Meta
ORD-003664,2024-03-05,87.94,0.0,87.94,Meta
ORD-003665,2024-03-05,76.44,63.55,12.89,Email
ORD-003666,2024-03-05,43.52,0.0,43.52,Meta
ORD-003667,2024-03-05,40.61,29.9,10.71,Google
ORD-003668,2024-03-05,65.09,0.0,65.09,Meta
ORD-003669,2024-03-05,66.66,0.0,66.66,TikTok
ORD-003670,2024-03-05,86.88,0.0,86.88,Meta
ORD-003671,2024-03-05,78.87,0.0,78.87,Google
ORD-003672,2024-03-05,69.45,0.0,69.45,Meta
ORD-003673,2024-03-05,68.32,0.0,68.32,Meta
ORD-003674,2024-03-05,58.95,0.0,58.95,Email
ORD-003675,2024-03-05,60.4,0.0,60.4,Microsoft
ORD-003676,2024-03-05,97.4,0.0,97.4,Meta
ORD-003677,2024-03-05,66.07,0.0,66.07,Meta
ORD-003678,2024-03-05,64.44,0.0,64.44,Google
ORD-003679,2024-03-05,45.37,0.0,45.37,Email
ORD-003680,2024-03-05,36.91,0.0,36.91,Meta
ORD-003681,2024-03-05,78.59,0.0,78.59,Google
ORD-003682,2024-03-05,78.25,0.0,78.25,Microsoft
ORD-003683,2024-03-05,46.09,0.0,46.09,Direct
ORD-003684,2024-03-05,71.34,0.0,71.34,Google
ORD-003685,2024-03-05,44.88,0.0,44.88,Google
ORD-003686,2024-03-05,70.59,0.0,70.59,Direct
ORD-003687,2024-03-05,67.55,0.0,67.55,Microsoft
ORD-003688,2024-03-05,73.16,0.0,73.16,Meta
ORD-003689,2024-03-05,49.76,16.45,33.31,Email
ORD-003690,2024-03-05,52.0,0.0,52.0,Email
ORD-003691,2024-03-05,102.66,0.0,102.66,Direct
ORD-003692,2024-03-06,95.12,0.0,95.12,Meta
ORD-003693,2024-03-06,91.85,0.0,91.85,Google
ORD-003694,2024-03-06,78.21,0.0,78.21,Google
ORD-003695,2024-03-06,98.0,0.0,98.0,Meta
ORD-003696,2024-03-06,62.14,0.0,62.14,Email
ORD-003697,2024-03-06,75.67,52.99,22.68,Meta
ORD-003698,2024-03-06,78.46,0.0,78.46,Meta
ORD-003699,2024-03-06,60.01,50.96,9.05,Direct
ORD-003700,2024-03-06,66.16,0.0,66.16,Direct
ORD-003701,2024-03-06,91.08,0.0,91.08,TikTok
ORD-003702,2024-03-06,52.11,0.0,52.11,Google
ORD-003703,2024-03-06,85.12,0.0,85.12,Direct
ORD-003704,2024-03-06,39.95,0.0,39.95,Email
ORD-003705,2024-03-06,81.58,0.0,81.58,Email
ORD-003706,2024-03-06,81.01,0.0,81.01,Google
ORD-003707,2024-03-06,89.41,0.0,89.41,Microsoft
ORD-003708,2024-03-06,67.44,60.15,7.29,Google
ORD-003709,2024-03-06,97.12,0.0,97.12,Microsoft
ORD-003710,2024-03-06,102.79,0.0,102.79,Email
ORD-003711,2024-03-06,59.22,0.0,59.22,Meta
ORD-003712,2024-03-06,52.77,0.0,52.77,Email
ORD-003713,2024-03-06,65.21,0.0,65.21,Meta
ORD-003714,2024-03-06,67.9,0.0,67.9,Google
ORD-003715,2024-03-06,43.67,0.0,43.67,Direct
ORD-003716,2024-03-06,71.95,0.0,71.95,Email
ORD-003717,2024-03-06,20.49,0.0,20.49,Email
ORD-003718,2024-03-06,103.9,0.0,103.9,Direct
ORD-003719,2024-03-06,91.36,40.28,51.08,Direct
ORD-003720,2024-03-06,69.74,0.0,69.74,Email
ORD-003721,2024-03-06,61.91,0.0,61.91,Direct
ORD-003722,2024-03-06,71.38,0.0,71.38,Direct
ORD-003723,2024-03-06,57.15,0.0,57.15,Direct
ORD-003724,2024-03-06,76.83,0.0,76.83,Meta
ORD-003725,2024-03-06,54.45,0.0,54.45,Email
ORD-003726,2024-03-06,68.87,0.0,68.87,Email
ORD-003727,2024-03-06,58.29,0.0,58.29,Meta
ORD-003728,2024-03-06,48.69,36.37,12.32,Google
ORD-003729,2024-03-06,92.6,0.0,92.6,Meta
ORD-003730,2024-03-06,81.45,0.0,81.45,Meta
ORD-003731,2024-03-06,67.32,0.0,67.32,TikTok
ORD-003732,2024-03-07,48.83,0.0,48.83,Meta
ORD-003733,2024-03-07,66.3,0.0,66.3,Email
ORD-003734,2024-03-07,32.43,0.0,32.43,Direct
ORD-003735,2024-03-07,91.35,57.85,33.5,Google
ORD-003736,2024-03-07,63.37,0.0,63.37,Google
ORD-003737,2024-03-07,70.09,0.0,70.09,Google
ORD-003738,2024-03-07,89.23,0.0,89.23,Email
ORD-003739,2024-03-07,51.83,0.0,51.83,Google
ORD-003740,2024-03-07,70.63,0.0,70.63,Meta
ORD-003741,2024-03-07,56.85,0.0,56.85,Email
ORD-003742,2024-03-07,58.75,0.0,58.75,Meta
ORD-003743,2024-03-07,37.08,0.0,37.08,Google
ORD-003744,2024-03-07,46.67,0.0,46.67,Microsoft
ORD-003745,2024-03-07,48.76,0.0,48.76,Email
ORD-003746,2024-03-07,90.64,0.0,90.64,Email
ORD-003747,2024-03-07,63.9,0.0,63.9,TikTok
ORD-003748,2024-03-07,81.0,0.0,81.0,Email
ORD-003749,2024-03-07,73.49,0.0,73.49,Google
ORD-003750,2024-03-07,77.94,0.0,77.94,Direct
ORD-003751,2024-03-07,52.05,0.0,52.05,TikTok
ORD-003752,2024-03-07,83.64,32.69,50.95,Meta
ORD-003753,2024-03-07,94.84,0.0,94.84,Google
ORD-003754,2024-03-07,55.05,0.0,55.05,Meta
ORD-003755,2024-03-07,54.31,0.0,54.31,Direct
ORD-003756,2024-03-07,80.11,0.0,80.11,Google
ORD-003757,2024-03-07,56.11,0.0,56.11,Google
ORD-003758,2024-03-07,98.43,0.0,98.43,Direct
ORD-003759,2024-03-07,62.54,13.4,49.14,Email
ORD-003760,2024-03-07,39.62,0.0,39.62,Microsoft
ORD-003761,2024-03-07,66.1,0.0,66.1,Google
ORD-003762,2024-03-07,91.74,0.0,91.74,Email
ORD-003763,2024-03-07,88.56,0.0,88.56,Google
ORD-003764,2024-03-07,69.92,0.0,69.92,Email
ORD-003765,2024-03-07,60.3,0.0,60.3,Google
ORD-003766,2024-03-07,63.64,0.0,63.64,Meta
ORD-003767,2024-03-07,67.53,0.0,67.53,Meta
ORD-003768,2024-03-07,85.08,0.0,85.08,Google
ORD-003769,2024-03-07,53.14,0.0,53.14,Google
ORD-003770,2024-03-07,73.91,0.0,73.91,Google
ORD-003771,2024-03-07,55.0,0.0,55.0,Email
ORD-003772,2024-03-07,46.76,0.0,46.76,Meta
ORD-003773,2024-03-07,60.37,0.0,60.37,TikTok
ORD-003774,2024-03-07,76.84,0.0,76.84,TikTok
ORD-003775,2024-03-07,72.53,0.0,72.53,TikTok
ORD-003776,2024-03-07,86.04,0.0,86.04,Direct
ORD-003777,2024-03-07,68.99,0.0,68.99,Meta
ORD-003778,2024-03-07,41.26,0.0,41.26,Meta
ORD-003779,2024-03-07,88.23,0.0,88.23,TikTok
ORD-003780,2024-03-08,73.91,0.0,73.91,Google
ORD-003781,2024-03-08,51.38,0.0,51.38,Direct
ORD-003782,2024-03-08,61.18,0.0,61.18,Meta
ORD-003783,2024-03-08,56.04,0.0,56.04,Meta
ORD-003784,2024-03-08,61.11,0.0,61.11,Google
ORD-003785,2024-03-08,60.32,0.0,60.32,Meta
ORD-003786,2024-03-08,88.15,0.0,88.15,Email
ORD-003787,2024-03-08,59.07,0.0,59.07,Google
ORD-003788,2024-03-08,53.55,0.0,53.55,Meta
ORD-003789,2024-03-08,57.58,0.0,57.58,Direct
ORD-003790,2024-03-08,87.72,0.0,87.72,Direct
ORD-003791,2024-03-08,46.92,0.0,46.92,Direct
ORD-003792,2024-03-08,30.7,0.0,30.7,Email
ORD-003793,2024-03-08,75.01,29.21,45.8,Meta
ORD-003794,2024-03-08,71.5,0.0,71.5,TikTok
ORD-003795,2024-03-08,71.84,0.0,71.84,Direct
ORD-003796,2024-03-08,62.75,48.16,14.59,Meta
ORD-003797,2024-03-08,71.29,0.0,71.29,TikTok
ORD-003798,2024-03-08,68.46,0.0,68.46,Email
ORD-003799,2024-03-08,61.72,20.15,41.57,Meta
ORD-003800,2024-03-08,45.06,0.0,45.06,Google
ORD-003801,2024-03-08,65.22,0.0,65.22,Direct
ORD-003802,2024-03-08,67.71,0.0,67.71,Google
ORD-003803,2024-03-08,95.59,0.0,95.59,Meta
ORD-003804,2024-03-08,48.26,0.0,48.26,Email
ORD-003805,2024-03-08,67.08,0.0,67.08,TikTok
ORD-003806,2024-03-08,52.87,44.27,8.6,Direct
ORD-003807,2024-03-08,30.06,0.0,30.06,Direct
ORD-003808,2024-03-08,50.86,0.0,50.86,Meta
ORD-003809,2024-03-08,75.95,0.0,75.95,Meta
ORD-003810,2024-03-08,67.16,0.0,67.16,Meta
ORD-003811,2024-03-08,65.25,0.0,65.25,Google
ORD-003812,2024-03-08,64.63,0.0,64.63,Google
ORD-003813,2024-03-08,45.5,0.0,45.5,Microsoft
ORD-003814,2024-03-08,38.32,29.97,8.35,Google
ORD-003815,2024-03-08,64.02,0.0,64.02,Meta
ORD-003816,2024-03-08,56.84,0.0,56.84,Direct
ORD-003817,2024-03-08,66.97,45.08,21.89,Email
ORD-003818,2024-03-08,70.61,0.0,70.61,Meta
ORD-003819,2024-03-08,37.16,0.0,37.16,Microsoft
ORD-003820,2024-03-08,53.53,0.0,53.53,Meta
ORD-003821,2024-03-08,82.0,0.0,82.0,Email
ORD-003822,2024-03-08,81.28,0.0,81.28,Meta
ORD-003823,2024-03-08,53.69,0.0,53.69,Meta
ORD-003824,2024-03-08,63.23,0.0,63.23,Meta
ORD-003825,2024-03-08,81.16,28.01,53.15,TikTok
ORD-003826,2024-03-08,31.9,0.0,31.9,Direct
ORD-003827,2024-03-08,80.04,0.0,80.04,Direct
ORD-003828,2024-03-08,105.83,0.0,105.83,Email
ORD-003829,2024-03-09,30.91,0.0,30.91,Email
ORD-003830,2024-03-09,43.73,42.83,0.9,Meta
ORD-003831,2024-03-09,69.32,0.0,69.32,Direct
ORD-003832,2024-03-09,99.21,0.0,99.21,Google
ORD-003833,2024-03-09,53.1,0.0,53.1,Email
ORD-003834,2024-03-09,59.96,0.0,59.96,Meta
ORD-003835,2024-03-09,46.43,0.0,46.43,Meta
ORD-003836,2024-03-09,95.43,0.0,95.43,Google
ORD-003837,2024-03-09,79.93,0.0,79.93,Microsoft
ORD-003838,2024-03-09,69.61,0.0,69.61,TikTok
ORD-003839,2024-03-09,32.86,0.0,32.86,Email
ORD-003840,2024-03-09,58.13,0.0,58.13,Direct
ORD-003841,2024-03-09,63.51,0.0,63.51,Meta
ORD-003842,2024-03-09,73.82,0.0,73.82,TikTok
ORD-003843,2024-03-09,83.12,0.0,83.12,Meta
ORD-003844,2024-03-09,74.39,0.0,74.39,Meta
ORD-003845,2024-03-09,57.73,0.0,57.73,Google
ORD-003846,2024-03-09,83.39,0.0,83.39,TikTok
ORD-003847,2024-03-09,61.98,0.0,61.98,Email
ORD-003848,2024-03-09,82.17,0.0,82.17,Google
ORD-003849,2024-03-09,32.75,0.0,32.75,Direct
ORD-003850,2024-03-09,70.0,0.0,70.0,Direct
ORD-003851,2024-03-09,99.93,0.0,99.93,Email
ORD-003852,2024-03-09,77.48,0.0,77.48,Google
ORD-003853,2024-03-09,86.28,0.0,86.28,Google
ORD-003854,2024-03-09,89.98,0.0,89.98,Google
ORD-003855,2024-03-09,80.67,0.0,80.67,Google
ORD-003856,2024-03-09,89.34,77.26,12.08,Meta
ORD-003857,2024-03-09,62.1,0.0,62.1,Email
ORD-003858,2024-03-09,81.5,0.0,81.5,Email
ORD-003859,2024-03-09,54.86,0.0,54.86,Meta
ORD-003860,2024-03-09,99.72,0.0,99.72,Email
ORD-003861,2024-03-09,103.9,0.0,103.9,Google
ORD-003862,2024-03-09,85.58,0.0,85.58,Google
ORD-003863,2024-03-09,64.63,0.0,64.63,Direct
ORD-003864,2024-03-09,101.11,0.0,101.11,TikTok
ORD-003865,2024-03-09,74.63,0.0,74.63,Meta
ORD-003866,2024-03-09,75.16,0.0,75.16,TikTok
ORD-003867,2024-03-09,69.05,0.0,69.05,Email
ORD-003868,2024-03-09,48.44,0.0,48.44,Email
ORD-003869,2024-03-09,117.24,74.24,43.0,Google
ORD-003870,2024-03-09,83.9,0.0,83.9,Meta
ORD-003871,2024-03-09,66.6,0.0,66.6,Meta
ORD-003872,2024-03-09,58.37,0.0,58.37,Email
ORD-003873,2024-03-09,52.17,0.0,52.17,Google
ORD-003874,2024-03-09,37.78,20.86,16.92,Meta
ORD-003875,2024-03-09,72.47,0.0,72.47,Meta
ORD-003876,2024-03-09,55.72,0.0,55.72,Meta
ORD-003877,2024-03-09,75.69,0.0,75.69,Google
ORD-003878,2024-03-09,85.95,0.0,85.95,Google
ORD-003879,2024-03-09,46.63,0.0,46.63,Meta
ORD-003880,2024-03-09,46.47,0.0,46.47,Google
ORD-003881,2024-03-09,79.13,0.0,79.13,Direct
ORD-003882,2024-03-09,64.76,0.0,64.76,TikTok
ORD-003883,2024-03-09,82.02,0.0,82.02,Google
ORD-003884,2024-03-09,83.03,0.0,83.03,Direct
ORD-003885,2024-03-09,87.01,59.64,27.37,Google
ORD-003886,2024-03-09,99.29,56.15,43.14,Meta
ORD-003887,2024-03-09,75.64,0.0,75.64,Meta
ORD-003888,2024-03-09,50.53,0.0,50.53,TikTok
ORD-003889,2024-03-09,87.5,0.0,87.5,Meta
ORD-003890,2024-03-09,87.3,0.0,87.3,Meta
ORD-003891,2024-03-09,58.75,0.0,58.75,Meta
ORD-003892,2024-03-09,90.6,0.0,90.6,Meta
ORD-003893,2024-03-09,89.06,0.0,89.06,Meta
ORD-003894,2024-03-10,57.11,0.0,57.11,Meta
ORD-003895,2024-03-10,60.71,0.0,60.71,Google
ORD-003896,2024-03-10,54.83,46.28,8.55,Direct
ORD-003897,2024-03-10,73.46,0.0,73.46,Email
ORD-003898,2024-03-10,55.42,0.0,55.42,Google
ORD-003899,2024-03-10,59.99,0.0,59.99,Meta
ORD-003900,2024-03-10,61.76,0.0,61.76,Meta
ORD-003901,2024-03-10,59.1,0.0,59.1,Meta
ORD-003902,2024-03-10,49.44,0.0,49.44,Direct
ORD-003903,2024-03-10,65.11,0.0,65.11,Google
ORD-003904,2024-03-10,100.13,0.0,100.13,Google
ORD-003905,2024-03-10,69.08,0.0,69.08,Direct
ORD-003906,2024-03-10,57.16,0.0,57.16,Google
ORD-003907,2024-03-10,49.32,0.0,49.32,Email
ORD-003908,2024-03-10,82.96,0.0,82.96,Meta
ORD-003909,2024-03-10,76.8,47.51,29.29,Google
ORD-003910,2024-03-10,94.96,0.0,94.96,Meta
ORD-003911,2024-03-10,54.03,0.0,54.03,Google
ORD-003912,2024-03-10,46.94,44.43,2.51,Microsoft
ORD-003913,2024-03-10,91.73,0.0,91.73,Email
ORD-003914,2024-03-10,82.43,0.0,82.43,Microsoft
ORD-003915,2024-03-10,43.0,0.0,43.0,Google
ORD-003916,2024-03-10,68.84,0.0,68.84,Google
ORD-003917,2024-03-10,47.22,0.0,47.22,Email
ORD-003918,2024-03-10,53.77,0.0,53.77,Meta
ORD-003919,2024-03-10,49.86,0.0,49.86,Google
ORD-003920,2024-03-10,63.41,0.0,63.41,Microsoft
ORD-003921,2024-03-10,64.83,0.0,64.83,Google
ORD-003922,2024-03-10,40.6,0.0,40.6,Email
ORD-003923,2024-03-10,65.11,0.0,65.11,Meta
ORD-003924,2024-03-10,71.35,0.0,71.35,Email
ORD-003925,2024-03-10,92.84,0.0,92.84,Meta
ORD-003926,2024-03-10,90.13,0.0,90.13,Google
ORD-003927,2024-03-10,47.14,0.0,47.14,Meta
ORD-003928,2024-03-10,95.68,0.0,95.68,Google
ORD-003929,2024-03-10,82.32,0.0,82.32,Google
ORD-003930,2024-03-10,33.77,0.0,33.77,Meta
ORD-003931,2024-03-10,64.81,0.0,64.81,Direct
ORD-003932,2024-03-10,63.96,17.71,46.25,Meta
ORD-003933,2024-03-10,59.32,0.0,59.32,Meta
ORD-003934,2024-03-10,94.58,0.0,94.58,Google
ORD-003935,2024-03-10,85.32,0.0,85.32,Meta
ORD-003936,2024-03-10,95.89,25.67,70.22,Google
ORD-003937,2024-03-10,82.28,0.0,82.28,Meta
ORD-003938,2024-03-10,80.95,0.0,80.95,Google
ORD-003939,2024-03-10,81.79,0.0,81.79,Email
ORD-003940,2024-03-10,85.1,0.0,85.1,Direct
ORD-003941,2024-03-10,46.22,0.0,46.22,Direct
ORD-003942,2024-03-10,75.9,0.0,75.9,Meta
ORD-003943,2024-03-10,76.72,34.52,42.2,Google
ORD-003944,2024-03-10,65.25,0.0,65.25,Email
ORD-003945,2024-03-10,45.71,0.0,45.71,Direct
ORD-003946,2024-03-10,132.48,0.0,132.48,Meta
ORD-003947,2024-03-10,100.98,0.0,100.98,Google
ORD-003948,2024-03-10,32.08,0.0,32.08,Direct
ORD-003949,2024-03-10,21.34,13.38,7.96,Meta
ORD-003950,2024-03-10,84.43,0.0,84.43,Meta
ORD-003951,2024-03-10,62.0,0.0,62.0,Direct
ORD-003952,2024-03-10,44.22,0.0,44.22,Email
ORD-003953,2024-03-10,68.32,0.0,68.32,Microsoft
ORD-003954,2024-03-10,64.09,0.0,64.09,Email
ORD-003955,2024-03-10,51.24,0.0,51.24,Google
ORD-003956,2024-03-10,83.84,0.0,83.84,Meta
ORD-003957,2024-03-10,69.93,0.0,69.93,Meta
ORD-003958,2024-03-10,81.76,0.0,81.76,Email
ORD-003959,2024-03-10,12.0,0.0,12.0,Microsoft
ORD-003960,2024-03-10,66.99,0.0,66.99,TikTok
ORD-003961,2024-03-10,97.6,0.0,97.6,Meta
ORD-003962,2024-03-10,85.48,0.0,85.48,Meta
ORD-003963,2024-03-10,62.44,0.0,62.44,Google
ORD-003964,2024-03-10,80.13,0.0,80.13,Direct
ORD-003965,2024-03-10,73.9,0.0,73.9,Meta
ORD-003966,2024-03-10,30.15,0.0,30.15,Direct
ORD-003967,2024-03-10,61.7,0.0,61.7,Direct
ORD-003968,2024-03-10,50.4,0.0,50.4,Meta
ORD-003969,2024-03-10,82.75,0.0,82.75,Email
ORD-003970,2024-03-10,50.27,0.0,50.27,Meta
ORD-003971,2024-03-11,77.26,0.0,77.26,Direct
ORD-003972,2024-03-11,52.88,0.0,52.88,Email
ORD-003973,2024-03-11,63.26,0.0,63.26,Google
ORD-003974,2024-03-11,75.21,0.0,75.21,Google
ORD-003975,2024-03-11,72.39,0.0,72.39,Meta
ORD-003976,2024-03-11,59.05,0.0,59.05,Google
ORD-003977,2024-03-11,60.44,0.0,60.44,Email
ORD-003978,2024-03-11,37.96,0.0,37.96,Meta
ORD-003979,2024-03-11,104.49,0.0,104.49,Email
ORD-003980,2024-03-11,43.96,0.0,43.96,Google
ORD-003981,2024-03-11,53.81,0.0,53.81,Meta
ORD-003982,2024-03-11,52.73,0.0,52.73,Email
ORD-003983,2024-03-11,58.5,0.0,58.5,Direct
ORD-003984,2024-03-11,80.87,0.0,80.87,Meta
ORD-003985,2024-03-11,75.66,0.0,75.66,Meta
ORD-003986,2024-03-11,51.67,0.0,51.67,Meta
ORD-003987,2024-03-11,60.64,0.0,60.64,Meta
ORD-003988,2024-03-11,28.12,0.0,28.12,TikTok
ORD-003989,2024-03-11,92.42,0.0,92.42,Direct
ORD-003990,2024-03-11,73.49,0.0,73.49,Meta
ORD-003991,2024-03-11,131.87,0.0,131.87,TikTok
ORD-003992,2024-03-11,59.01,0.0,59.01,Direct
ORD-003993,2024-03-11,82.79,49.58,33.21,Google
ORD-003994,2024-03-11,47.93,0.0,47.93,Google
ORD-003995,2024-03-11,81.85,0.0,81.85,Google
ORD-003996,2024-03-11,62.48,14.73,47.75,Google
ORD-003997,2024-03-11,69.43,0.0,69.43,Email
ORD-003998,2024-03-11,61.47,0.0,61.47,Email
ORD-003999,2024-03-11,72.12,0.0,72.12,Meta
ORD-004000,2024-03-11,45.23,0.0,45.23,Meta
ORD-004001,2024-03-11,66.95,0.0,66.95,Meta
ORD-004002,2024-03-11,62.59,0.0,62.59,Meta
ORD-004003,2024-03-11,74.94,0.0,74.94,Meta
ORD-004004,2024-03-11,66.62,0.0,66.62,Email
ORD-004005,2024-03-11,56.95,0.0,56.95,Meta
ORD-004006,2024-03-11,36.86,0.0,36.86,Email
ORD-004007,2024-03-11,55.38,0.0,55.38,Google
ORD-004008,2024-03-11,87.01,0.0,87.01,Meta
ORD-004009,2024-03-11,95.52,0.0,95.52,Google
ORD-004010,2024-03-11,84.55,0.0,84.55,Email
ORD-004011,2024-03-11,47.72,0.0,47.72,Google
ORD-004012,2024-03-11,63.07,0.0,63.07,Direct
ORD-004013,2024-03-11,39.57,0.0,39.57,Email
ORD-004014,2024-03-11,63.54,0.0,63.54,Google
ORD-004015,2024-03-11,52.81,0.0,52.81,Meta
ORD-004016,2024-03-11,94.15,0.0,94.15,TikTok
ORD-004017,2024-03-11,68.3,21.19,47.11,Google
ORD-004018,2024-03-11,71.54,0.0,71.54,Meta
ORD-004019,2024-03-11,37.18,0.0,37.18,Microsoft
ORD-004020,2024-03-11,51.14,0.0,51.14,Meta
ORD-004021,2024-03-11,62.53,48.71,13.82,Email
ORD-004022,2024-03-11,87.52,0.0,87.52,Meta
ORD-004023,2024-03-11,94.48,0.0,94.48,Google
ORD-004024,2024-03-11,52.82,32.05,20.77,Google
ORD-004025,2024-03-11,96.38,63.54,32.84,Meta
ORD-004026,2024-03-11,64.28,0.0,64.28,TikTok
ORD-004027,2024-03-11,66.98,0.0,66.98,Meta
ORD-004028,2024-03-11,55.04,0.0,55.04,TikTok
ORD-004029,2024-03-11,42.02,0.0,42.02,TikTok
ORD-004030,2024-03-11,58.21,0.0,58.21,Meta
ORD-004031,2024-03-11,37.7,0.0,37.7,Meta
ORD-004032,2024-03-12,77.4,0.0,77.4,Direct
ORD-004033,2024-03-12,65.67,0.0,65.67,Meta
ORD-004034,2024-03-12,63.93,52.94,10.99,Google
ORD-004035,2024-03-12,50.6,30.44,20.16,Google
ORD-004036,2024-03-12,45.41,0.0,45.41,Direct
ORD-004037,2024-03-12,60.26,0.0,60.26,Google
ORD-004038,2024-03-12,53.5,0.0,53.5,Email
ORD-004039,2024-03-12,98.72,0.0,98.72,Meta
ORD-004040,2024-03-12,83.02,0.0,83.02,Meta
ORD-004041,2024-03-12,83.05,0.0,83.05,Direct
ORD-004042,2024-03-12,75.72,0.0,75.72,Meta
ORD-004043,2024-03-12,73.3,0.0,73.3,Meta
ORD-004044,2024-03-12,58.91,0.0,58.91,Meta
ORD-004045,2024-03-12,65.19,0.0,65.19,Google
ORD-004046,2024-03-12,75.58,0.0,75.58,Email
ORD-004047,2024-03-12,42.1,0.0,42.1,Google
ORD-004048,2024-03-12,26.24,0.0,26.24,Microsoft
ORD-004049,2024-03-12,52.99,0.0,52.99,Email
ORD-004050,2024-03-12,71.55,16.08,55.47,Google
ORD-004051,2024-03-12,79.87,0.0,79.87,Meta
ORD-004052,2024-03-12,81.96,0.0,81.96,TikTok
ORD-004053,2024-03-12,37.43,7.91,29.52,Meta
ORD-004054,2024-03-12,98.23,0.0,98.23,Meta
ORD-004055,2024-03-12,53.41,0.0,53.41,Google
ORD-004056,2024-03-12,68.39,0.0,68.39,TikTok
ORD-004057,2024-03-12,26.17,0.0,26.17,Direct
ORD-004058,2024-03-12,36.35,0.0,36.35,Direct
ORD-004059,2024-03-12,71.55,0.0,71.55,Email
ORD-004060,2024-03-12,35.74,0.0,35.74,Direct
ORD-004061,2024-03-12,73.54,0.0,73.54,Microsoft
ORD-004062,2024-03-12,79.55,0.0,79.55,Google
ORD-004063,2024-03-12,75.13,0.0,75.13,Email
ORD-004064,2024-03-12,70.46,0.0,70.46,Meta
ORD-004065,2024-03-12,75.05,0.0,75.05,Meta
ORD-004066,2024-03-12,55.98,0.0,55.98,Google
ORD-004067,2024-03-12,66.45,0.0,66.45,Meta
ORD-004068,2024-03-12,86.19,0.0,86.19,Direct
ORD-004069,2024-03-12,57.35,0.0,57.35,Meta
ORD-004070,2024-03-12,36.8,0.0,36.8,Meta
ORD-004071,2024-03-12,75.6,0.0,75.6,Meta
ORD-004072,2024-03-12,44.85,0.0,44.85,Meta
ORD-004073,2024-03-12,83.53,0.0,83.53,TikTok
ORD-004074,2024-03-12,71.75,0.0,71.75,Meta
ORD-004075,2024-03-12,51.92,0.0,51.92,Google
ORD-004076,2024-03-12,111.68,0.0,111.68,Direct
ORD-004077,2024-03-12,63.15,51.56,11.59,Google
ORD-004078,2024-03-12,60.09,0.0,60.09,Meta
ORD-004079,2024-03-12,76.57,0.0,76.57,Meta
ORD-004080,2024-03-12,81.84,0.0,81.84,Meta
ORD-004081,2024-03-12,68.54,0.0,68.54,Email
ORD-004082,2024-03-13,50.7,0.0,50.7,Google
ORD-004083,2024-03-13,65.75,29.77,35.98,Google
ORD-004084,2024-03-13,87.86,0.0,87.86,Email
ORD-004085,2024-03-13,80.14,0.0,80.14,Meta
ORD-004086,2024-03-13,80.58,0.0,80.58,Google
ORD-004087,2024-03-13,78.34,0.0,78.34,Google
ORD-004088,2024-03-13,48.1,0.0,48.1,Microsoft
ORD-004089,2024-03-13,64.05,0.0,64.05,TikTok
ORD-004090,2024-03-13,68.29,0.0,68.29,TikTok
ORD-004091,2024-03-13,47.69,0.0,47.69,Microsoft
ORD-004092,2024-03-13,97.37,0.0,97.37,Meta
ORD-004093,2024-03-13,79.71,0.0,79.71,Meta
ORD-004094,2024-03-13,68.38,0.0,68.38,Google
ORD-004095,2024-03-13,70.42,0.0,70.42,TikTok
ORD-004096,2024-03-13,70.4,0.0,70.4,Google
ORD-004097,2024-03-13,97.52,0.0,97.52,Meta
ORD-004098,2024-03-13,80.74,0.0,80.74,TikTok
ORD-004099,2024-03-13,67.43,0.0,67.43,Email
ORD-004100,2024-03-13,90.96,38.94,52.02,TikTok
ORD-004101,2024-03-13,65.65,0.0,65.65,Google
ORD-004102,2024-03-13,74.07,0.0,74.07,TikTok
ORD-004103,2024-03-13,78.31,0.0,78.31,Google
ORD-004104,2024-03-13,63.99,0.0,63.99,Email
ORD-004105,2024-03-13,55.3,35.08,20.22,Meta
ORD-004106,2024-03-13,81.56,0.0,81.56,Google
ORD-004107,2024-03-13,89.6,0.0,89.6,Direct
ORD-004108,2024-03-13,35.74,0.0,35.74,Microsoft
ORD-004109,2024-03-13,65.15,0.0,65.15,TikTok
ORD-004110,2024-03-13,59.13,0.0,59.13,Google
ORD-004111,2024-03-13,59.92,0.0,59.92,Meta
ORD-004112,2024-03-13,51.24,0.0,51.24,Google
ORD-004113,2024-03-13,48.16,0.0,48.16,Direct
ORD-004114,2024-03-13,58.01,27.76,30.25,Microsoft
ORD-004115,2024-03-13,47.6,28.74,18.86,Google
ORD-004116,2024-03-13,64.47,21.68,42.79,Email
ORD-004117,2024-03-13,48.24,0.0,48.24,Meta
ORD-004118,2024-03-13,48.63,0.0,48.63,Direct
ORD-004119,2024-03-13,74.89,0.0,74.89,Meta
ORD-004120,2024-03-13,72.67,0.0,72.67,Direct
ORD-004121,2024-03-13,83.38,0.0,83.38,Google
ORD-004122,2024-03-13,63.54,0.0,63.54,Email
ORD-004123,2024-03-13,44.04,0.0,44.04,Meta
ORD-004124,2024-03-13,86.25,0.0,86.25,Meta
ORD-004125,2024-03-14,57.15,0.0,57.15,Meta
ORD-004126,2024-03-14,68.89,0.0,68.89,Direct
ORD-004127,2024-03-14,62.95,0.0,62.95,Meta
ORD-004128,2024-03-14,57.12,0.0,57.12,Meta
ORD-004129,2024-03-14,72.11,0.0,72.11,Google
ORD-004130,2024-03-14,93.96,0.0,93.96,Microsoft
ORD-004131,2024-03-14,64.68,23.98,40.7,Google
ORD-004132,2024-03-14,90.95,0.0,90.95,Meta
ORD-004133,2024-03-14,70.33,0.0,70.33,TikTok
ORD-004134,2024-03-14,103.87,0.0,103.87,Google
ORD-004135,2024-03-14,43.89,0.0,43.89,Email
ORD-004136,2024-03-14,90.79,0.0,90.79,TikTok
ORD-004137,2024-03-14,59.54,46.49,13.05,Microsoft
ORD-004138,2024-03-14,87.6,0.0,87.6,Google
ORD-004139,2024-03-14,59.03,0.0,59.03,Email
ORD-004140,2024-03-14,52.65,0.0,52.65,Google
ORD-004141,2024-03-14,48.86,0.0,48.86,Microsoft
ORD-004142,2024-03-14,74.83,0.0,74.83,Google
ORD-004143,2024-03-14,53.59,0.0,53.59,TikTok
ORD-004144,2024-03-14,54.72,0.0,54.72,Meta
ORD-004145,2024-03-14,46.34,0.0,46.34,Meta
ORD-004146,2024-03-14,109.81,0.0,109.81,Meta
ORD-004147,2024-03-14,41.55,0.0,41.55,Meta
ORD-004148,2024-03-14,85.7,0.0,85.7,Meta
ORD-004149,2024-03-14,52.97,0.0,52.97,Google
ORD-004150,2024-03-14,68.36,0.0,68.36,TikTok
ORD-004151,2024-03-14,56.98,0.0,56.98,TikTok
ORD-004152,2024-03-14,73.94,0.0,73.94,TikTok
ORD-004153,2024-03-14,66.47,0.0,66.47,Google
ORD-004154,2024-03-14,87.77,0.0,87.77,Meta
ORD-004155,2024-03-14,82.79,0.0,82.79,Direct
ORD-004156,2024-03-14,96.98,0.0,96.98,Email
ORD-004157,2024-03-14,50.46,0.0,50.46,Meta
ORD-004158,2024-03-14,89.15,0.0,89.15,Direct
ORD-004159,2024-03-14,72.66,0.0,72.66,Meta
ORD-004160,2024-03-14,62.68,0.0,62.68,Direct
ORD-004161,2024-03-14,97.76,0.0,97.76,Meta
ORD-004162,2024-03-14,54.92,0.0,54.92,Microsoft
ORD-004163,2024-03-14,76.11,0.0,76.11,Google
ORD-004164,2024-03-14,72.08,0.0,72.08,TikTok
ORD-004165,2024-03-14,57.0,40.96,16.04,Google
ORD-004166,2024-03-14,71.8,0.0,71.8,Meta
ORD-004167,2024-03-14,93.5,0.0,93.5,Meta
ORD-004168,2024-03-14,62.18,0.0,62.18,Google
ORD-004169,2024-03-14,79.29,0.0,79.29,Google
ORD-004170,2024-03-14,74.19,0.0,74.19,Microsoft
ORD-004171,2024-03-14,29.97,0.0,29.97,Meta
ORD-004172,2024-03-14,96.95,0.0,96.95,Email
ORD-004173,2024-03-14,59.92,0.0,59.92,Google
ORD-004174,2024-03-14,65.04,0.0,65.04,Meta
ORD-004175,2024-03-14,93.23,0.0,93.23,Email
ORD-004176,2024-03-14,78.1,0.0,78.1,Meta
ORD-004177,2024-03-14,79.65,0.0,79.65,Email
ORD-004178,2024-03-14,81.35,0.0,81.35,Direct
ORD-004179,2024-03-14,96.92,0.0,96.92,Google
ORD-004180,2024-03-14,67.31,0.0,67.31,TikTok
ORD-004181,2024-03-14,99.84,0.0,99.84,Email
ORD-004182,2024-03-14,67.29,0.0,67.29,Google
ORD-004183,2024-03-14,74.43,0.0,74.43,TikTok
ORD-004184,2024-03-14,101.43,0.0,101.43,Email
ORD-004185,2024-03-14,74.8,38.01,36.79,TikTok
ORD-004186,2024-03-15,86.09,0.0,86.09,Email
ORD-004187,2024-03-15,65.05,0.0,65.05,Meta
ORD-004188,2024-03-15,74.31,0.0,74.31,Google
ORD-004189,2024-03-15,69.51,0.0,69.51,TikTok
ORD-004190,2024-03-15,73.24,0.0,73.24,Email
ORD-004191,2024-03-15,71.86,0.0,71.86,Meta
ORD-004192,2024-03-15,83.28,0.0,83.28,Email
ORD-004193,2024-03-15,72.71,0.0,72.71,TikTok
ORD-004194,2024-03-15,92.31,0.0,92.31,Direct
ORD-004195,2024-03-15,81.27,0.0,81.27,Google
ORD-004196,2024-03-15,66.35,0.0,66.35,Direct
ORD-004197,2024-03-15,121.37,0.0,121.37,Google
ORD-004198,2024-03-15,50.25,0.0,50.25,Meta
ORD-004199,2024-03-15,78.27,0.0,78.27,Email
ORD-004200,2024-03-15,55.89,0.0,55.89,Direct
ORD-004201,2024-03-15,79.05,0.0,79.05,Email
ORD-004202,2024-03-15,69.27,0.0,69.27,Email
ORD-004203,2024-03-15,37.17,0.0,37.17,TikTok
ORD-004204,2024-03-15,57.72,0.0,57.72,Email
ORD-004205,2024-03-15,50.11,0.0,50.11,Google
ORD-004206,2024-03-15,56.15,0.0,56.15,Meta
ORD-004207,2024-03-15,41.66,0.0,41.66,Email
ORD-004208,2024-03-15,63.85,0.0,63.85,Google
ORD-004209,2024-03-15,72.38,0.0,72.38,Meta
ORD-004210,2024-03-15,56.44,0.0,56.44,TikTok
ORD-004211,2024-03-15,76.02,0.0,76.02,Google
ORD-004212,2024-03-15,85.11,0.0,85.11,Microsoft
ORD-004213,2024-03-15,51.91,0.0,51.91,Google
ORD-004214,2024-03-15,74.29,0.0,74.29,Meta
ORD-004215,2024-03-15,101.5,0.0,101.5,Google
ORD-004216,2024-03-15,88.8,43.35,45.45,Meta
ORD-004217,2024-03-15,33.63,0.0,33.63,Google
ORD-004218,2024-03-15,78.95,0.0,78.95,Email
ORD-004219,2024-03-15,86.17,0.0,86.17,Google
ORD-004220,2024-03-15,40.47,0.0,40.47,Meta
ORD-004221,2024-03-15,58.17,0.0,58.17,Email
ORD-004222,2024-03-15,77.56,0.0,77.56,Google
ORD-004223,2024-03-15,38.85,0.0,38.85,Direct
ORD-004224,2024-03-15,59.05,0.0,59.05,Email
ORD-004225,2024-03-15,39.73,0.0,39.73,TikTok
ORD-004226,2024-03-15,85.88,0.0,85.88,Meta
ORD-004227,2024-03-15,54.84,0.0,54.84,Meta
ORD-004228,2024-03-15,70.99,0.0,70.99,Direct
ORD-004229,2024-03-15,71.26,0.0,71.26,TikTok
ORD-004230,2024-03-15,78.31,0.0,78.31,Google
ORD-004231,2024-03-15,96.22,36.07,60.15,Google
ORD-004232,2024-03-15,68.33,0.0,68.33,Meta
ORD-004233,2024-03-15,74.68,0.0,74.68,Google
ORD-004234,2024-03-15,79.06,76.21,2.85,Google
ORD-004235,2024-03-15,74.51,0.0,74.51,Microsoft
ORD-004236,2024-03-15,39.81,0.0,39.81,Microsoft
ORD-004237,2024-03-15,67.21,56.98,10.23,Meta
ORD-004238,2024-03-15,48.64,0.0,48.64,Email
ORD-004239,2024-03-16,64.64,0.0,64.64,Email
ORD-004240,2024-03-16,30.8,0.0,30.8,Email
ORD-004241,2024-03-16,82.74,0.0,82.74,Email
ORD-004242,2024-03-16,72.73,0.0,72.73,Google
ORD-004243,2024-03-16,76.86,0.0,76.86,Direct
ORD-004244,2024-03-16,73.55,70.52,3.03,Email
ORD-004245,2024-03-16,95.34,0.0,95.34,Direct
ORD-004246,2024-03-16,77.6,0.0,77.6,Google
ORD-004247,2024-03-16,80.03,0.0,80.03,Google
ORD-004248,2024-03-16,92.31,0.0,92.31,Google
ORD-004249,2024-03-16,73.1,0.0,73.1,Microsoft
ORD-004250,2024-03-16,55.51,0.0,55.51,TikTok
ORD-004251,2024-03-16,72.0,0.0,72.0,Google
ORD-004252,2024-03-16,74.55,0.0,74.55,Microsoft
ORD-004253,2024-03-16,68.53,0.0,68.53,Direct
ORD-004254,2024-03-16,77.84,0.0,77.84,Email
ORD-004255,2024-03-16,76.23,0.0,76.23,Microsoft
ORD-004256,2024-03-16,61.16,0.0,61.16,Meta
ORD-004257,2024-03-16,57.28,0.0,57.28,Meta
ORD-004258,2024-03-16,48.92,0.0,48.92,Meta
ORD-004259,2024-03-16,96.36,0.0,96.36,Direct
ORD-004260,2024-03-16,76.33,0.0,76.33,Direct
ORD-004261,2024-03-16,54.91,0.0,54.91,Meta
ORD-004262,2024-03-16,88.06,0.0,88.06,Direct
ORD-004263,2024-03-16,47.57,0.0,47.57,Google
ORD-004264,2024-03-16,63.83,0.0,63.83,Email
ORD-004265,2024-03-16,72.96,0.0,72.96,Meta
ORD-004266,2024-03-16,57.34,0.0,57.34,Direct
ORD-004267,2024-03-16,86.72,0.0,86.72,Email
ORD-004268,2024-03-16,65.54,0.0,65.54,Meta
ORD-004269,2024-03-16,63.12,0.0,63.12,Google
ORD-004270,2024-03-16,59.85,0.0,59.85,Google
ORD-004271,2024-03-16,96.75,0.0,96.75,Email
ORD-004272,2024-03-16,48.56,0.0,48.56,Meta
ORD-004273,2024-03-16,56.85,0.0,56.85,Meta
ORD-004274,2024-03-16,46.33,0.0,46.33,Direct
ORD-004275,2024-03-16,94.76,0.0,94.76,Email
ORD-004276,2024-03-16,85.19,60.29,24.9,Meta
ORD-004277,2024-03-16,65.37,45.28,20.09,Google
ORD-004278,2024-03-16,90.73,0.0,90.73,Google
ORD-004279,2024-03-16,81.99,45.86,36.13,Meta
ORD-004280,2024-03-16,44.41,0.0,44.41,Meta
ORD-004281,2024-03-16,101.87,0.0,101.87,Email
ORD-004282,2024-03-16,80.22,0.0,80.22,Google
ORD-004283,2024-03-16,97.19,0.0,97.19,TikTok
ORD-004284,2024-03-16,76.54,0.0,76.54,Meta
ORD-004285,2024-03-16,92.57,0.0,92.57,Microsoft
ORD-004286,2024-03-16,67.95,0.0,67.95,TikTok
ORD-004287,2024-03-16,68.11,0.0,68.11,Email
ORD-004288,2024-03-16,77.2,0.0,77.2,Google
ORD-004289,2024-03-16,59.64,0.0,59.64,Email
ORD-004290,2024-03-16,37.99,0.0,37.99,Meta
ORD-004291,2024-03-16,57.76,0.0,57.76,Meta
ORD-004292,2024-03-16,98.14,0.0,98.14,Google
ORD-004293,2024-03-16,88.46,0.0,88.46,Email
ORD-004294,2024-03-17,73.59,0.0,73.59,Google
ORD-004295,2024-03-17,67.07,0.0,67.07,Google
ORD-004296,2024-03-17,32.85,0.0,32.85,Meta
ORD-004297,2024-03-17,56.84,0.0,56.84,Email
ORD-004298,2024-03-17,58.05,0.0,58.05,Google
ORD-004299,2024-03-17,32.07,0.0,32.07,Meta
ORD-004300,2024-03-17,54.22,0.0,54.22,Meta
ORD-004301,2024-03-17,60.59,0.0,60.59,Email
ORD-004302,2024-03-17,33.63,0.0,33.63,Meta
ORD-004303,2024-03-17,63.54,0.0,63.54,Microsoft
ORD-004304,2024-03-17,47.28,0.0,47.28,Google
ORD-004305,2024-03-17,43.29,0.0,43.29,Meta
ORD-004306,2024-03-17,62.71,0.0,62.71,TikTok
ORD-004307,2024-03-17,77.82,0.0,77.82,Meta
ORD-004308,2024-03-17,49.03,0.0,49.03,Meta
ORD-004309,2024-03-17,60.8,0.0,60.8,Email
ORD-004310,2024-03-17,79.03,0.0,79.03,Meta
ORD-004311,2024-03-17,81.93,0.0,81.93,Direct
ORD-004312,2024-03-17,57.28,0.0,57.28,Meta
ORD-004313,2024-03-17,74.14,0.0,74.14,Direct
ORD-004314,2024-03-17,95.36,0.0,95.36,Meta
ORD-004315,2024-03-17,70.05,34.01,36.04,Meta
ORD-004316,2024-03-17,76.05,0.0,76.05,Microsoft
ORD-004317,2024-03-17,72.21,0.0,72.21,Email
ORD-004318,2024-03-17,37.44,0.0,37.44,TikTok
ORD-004319,2024-03-17,66.64,0.0,66.64,Google
ORD-004320,2024-03-17,49.04,0.0,49.04,Email
ORD-004321,2024-03-17,55.91,12.74,43.17,TikTok
ORD-004322,2024-03-17,65.08,0.0,65.08,Meta
ORD-004323,2024-03-17,45.13,0.0,45.13,Google
ORD-004324,2024-03-17,90.04,0.0,90.04,Google
ORD-004325,2024-03-17,118.75,0.0,118.75,Google
ORD-004326,2024-03-17,22.25,0.0,22.25,Meta
ORD-004327,2024-03-17,50.96,0.0,50.96,TikTok
ORD-004328,2024-03-17,86.54,0.0,86.54,Meta
ORD-004329,2024-03-17,12.0,3.24,8.76,TikTok
ORD-004330,2024-03-17,78.35,0.0,78.35,Direct
ORD-004331,2024-03-17,90.84,0.0,90.84,Meta
ORD-004332,2024-03-17,48.87,23.99,24.88,Meta
ORD-004333,2024-03-17,57.3,0.0,57.3,Email
ORD-004334,2024-03-17,93.08,0.0,93.08,TikTok
ORD-004335,2024-03-17,53.54,0.0,53.54,Meta
ORD-004336,2024-03-17,37.24,0.0,37.24,Email
ORD-004337,2024-03-17,52.84,0.0,52.84,Google
ORD-004338,2024-03-17,86.68,0.0,86.68,Google
ORD-004339,2024-03-17,66.64,27.17,39.47,Meta
ORD-004340,2024-03-17,75.73,0.0,75.73,Meta
ORD-004341,2024-03-17,83.03,0.0,83.03,Email
ORD-004342,2024-03-17,45.09,0.0,45.09,Google
ORD-004343,2024-03-17,40.72,0.0,40.72,Meta
ORD-004344,2024-03-17,59.32,0.0,59.32,Meta
ORD-004345,2024-03-17,79.22,0.0,79.22,Direct
ORD-004346,2024-03-17,37.58,0.0,37.58,Microsoft
ORD-004347,2024-03-17,75.57,0.0,75.57,Email
ORD-004348,2024-03-17,86.79,0.0,86.79,Direct
ORD-004349,2024-03-17,66.9,0.0,66.9,Direct
ORD-004350,2024-03-17,75.18,0.0,75.18,Meta
ORD-004351,2024-03-17,33.51,21.24,12.27,Direct
ORD-004352,2024-03-17,52.33,25.98,26.35,Direct
ORD-004353,2024-03-17,59.33,0.0,59.33,Email
ORD-004354,2024-03-18,53.27,0.0,53.27,Direct
ORD-004355,2024-03-18,84.19,51.15,33.04,Email
ORD-004356,2024-03-18,70.18,0.0,70.18,Meta
ORD-004357,2024-03-18,82.3,0.0,82.3,Meta
ORD-004358,2024-03-18,70.82,55.77,15.05,Meta
ORD-004359,2024-03-18,91.77,0.0,91.77,Meta
ORD-004360,2024-03-18,85.34,0.0,85.34,Email
ORD-004361,2024-03-18,61.12,51.71,9.41,Meta
ORD-004362,2024-03-18,78.58,0.0,78.58,Meta
ORD-004363,2024-03-18,69.6,0.0,69.6,Meta
ORD-004364,2024-03-18,101.36,0.0,101.36,Meta
ORD-004365,2024-03-18,68.31,0.0,68.31,Google
ORD-004366,2024-03-18,49.56,0.0,49.56,Microsoft
ORD-004367,2024-03-18,49.76,0.0,49.76,Google
ORD-004368,2024-03-18,88.77,0.0,88.77,Google
ORD-004369,2024-03-18,81.35,0.0,81.35,Meta
ORD-004370,2024-03-18,72.43,0.0,72.43,Meta
ORD-004371,2024-03-18,95.55,0.0,95.55,TikTok
ORD-004372,2024-03-18,61.06,0.0,61.06,Google
ORD-004373,2024-03-18,91.77,0.0,91.77,Google
ORD-004374,2024-03-18,97.01,0.0,97.01,Direct
ORD-004375,2024-03-18,59.93,0.0,59.93,Direct
ORD-004376,2024-03-18,69.08,0.0,69.08,Meta
ORD-004377,2024-03-18,34.95,0.0,34.95,Meta
ORD-004378,2024-03-18,56.47,0.0,56.47,Direct
ORD-004379,2024-03-18,59.61,0.0,59.61,Email
ORD-004380,2024-03-18,57.3,0.0,57.3,Google
ORD-004381,2024-03-18,66.86,0.0,66.86,TikTok
ORD-004382,2024-03-18,63.89,0.0,63.89,Meta
ORD-004383,2024-03-18,58.58,57.56,1.02,Meta
ORD-004384,2024-03-18,90.42,0.0,90.42,Meta
ORD-004385,2024-03-18,56.52,0.0,56.52,Meta
ORD-004386,2024-03-18,76.53,0.0,76.53,Meta
ORD-004387,2024-03-18,41.0,0.0,41.0,Meta
ORD-004388,2024-03-18,48.58,0.0,48.58,Email
ORD-004389,2024-03-18,43.73,0.0,43.73,Email
ORD-004390,2024-03-18,44.0,0.0,44.0,Meta
ORD-004391,2024-03-18,70.7,66.75,3.95,Direct
ORD-004392,2024-03-18,41.83,0.0,41.83,Email
ORD-004393,2024-03-18,46.35,0.0,46.35,TikTok
ORD-004394,2024-03-18,54.28,0.0,54.28,Meta
ORD-004395,2024-03-18,89.37,0.0,89.37,Microsoft
ORD-004396,2024-03-18,83.9,0.0,83.9,Microsoft
ORD-004397,2024-03-18,70.14,0.0,70.14,Google
ORD-004398,2024-03-18,64.83,0.0,64.83,Meta
ORD-004399,2024-03-18,63.55,0.0,63.55,TikTok
ORD-004400,2024-03-18,70.57,0.0,70.57,Google
ORD-004401,2024-03-18,69.18,51.93,17.25,Google
ORD-004402,2024-03-18,89.99,0.0,89.99,Direct
ORD-004403,2024-03-18,52.51,0.0,52.51,Direct
ORD-004404,2024-03-18,68.48,0.0,68.48,Direct
ORD-004405,2024-03-18,56.73,52.27,4.46,Meta
ORD-004406,2024-03-18,57.74,53.85,3.89,Email
ORD-004407,2024-03-18,45.27,0.0,45.27,Direct
ORD-004408,2024-03-18,96.05,27.93,68.12,Meta
ORD-004409,2024-03-18,103.38,68.04,35.34,Meta
ORD-004410,2024-03-18,77.33,0.0,77.33,Meta
ORD-004411,2024-03-18,44.9,0.0,44.9,Google
ORD-004412,2024-03-18,50.48,0.0,50.48,Meta
ORD-004413,2024-03-18,58.17,35.45,22.72,Direct
ORD-004414,2024-03-18,79.84,0.0,79.84,Email
ORD-004415,2024-03-19,63.11,48.14,14.97,Google
ORD-004416,2024-03-19,59.2,0.0,59.2,Email
ORD-004417,2024-03-19,80.49,0.0,80.49,Meta
ORD-004418,2024-03-19,64.41,0.0,64.41,Google
ORD-004419,2024-03-19,65.28,0.0,65.28,TikTok
ORD-004420,2024-03-19,83.3,0.0,83.3,Meta
ORD-004421,2024-03-19,49.18,0.0,49.18,Direct
ORD-004422,2024-03-19,85.59,0.0,85.59,Email
ORD-004423,2024-03-19,81.82,0.0,81.82,TikTok
ORD-004424,2024-03-19,63.32,0.0,63.32,Meta
ORD-004425,2024-03-19,40.14,0.0,40.14,Google
ORD-004426,2024-03-19,77.25,0.0,77.25,Google
ORD-004427,2024-03-19,44.14,0.0,44.14,Direct
ORD-004428,2024-03-19,63.93,0.0,63.93,Meta
ORD-004429,2024-03-19,55.3,0.0,55.3,TikTok
ORD-004430,2024-03-19,72.62,0.0,72.62,Google
ORD-004431,2024-03-19,48.8,0.0,48.8,Google
ORD-004432,2024-03-19,76.9,0.0,76.9,Google
ORD-004433,2024-03-19,81.04,0.0,81.04,TikTok
ORD-004434,2024-03-19,48.78,0.0,48.78,Meta
ORD-004435,2024-03-19,60.63,0.0,60.63,Direct
ORD-004436,2024-03-19,66.34,0.0,66.34,Meta
ORD-004437,2024-03-19,42.33,0.0,42.33,Meta
ORD-004438,2024-03-19,87.65,0.0,87.65,Email
ORD-004439,2024-03-19,67.09,0.0,67.09,Google
ORD-004440,2024-03-19,102.24,0.0,102.24,Meta
ORD-004441,2024-03-19,56.68,0.0,56.68,Direct
ORD-004442,2024-03-19,34.94,0.0,34.94,Email
ORD-004443,2024-03-19,93.9,0.0,93.9,Google
ORD-004444,2024-03-19,64.11,0.0,64.11,Google
ORD-004445,2024-03-19,51.37,0.0,51.37,Meta
ORD-004446,2024-03-19,63.71,0.0,63.71,Microsoft
ORD-004447,2024-03-19,52.22,0.0,52.22,Meta
ORD-004448,2024-03-19,74.17,0.0,74.17,Meta
ORD-004449,2024-03-19,40.53,0.0,40.53,Microsoft
ORD-004450,2024-03-19,50.15,12.65,37.5,Meta
ORD-004451,2024-03-19,99.88,0.0,99.88,Direct
ORD-004452,2024-03-19,43.53,34.05,9.48,Google
ORD-004453,2024-03-19,84.74,0.0,84.74,Meta
ORD-004454,2024-03-19,62.85,0.0,62.85,Google
ORD-004455,2024-03-19,78.39,0.0,78.39,Email
ORD-004456,2024-03-19,85.84,0.0,85.84,Meta
ORD-004457,2024-03-19,64.53,0.0,64.53,Meta
ORD-004458,2024-03-19,90.95,47.78,43.17,Meta
ORD-004459,2024-03-19,45.15,14.48,30.67,Microsoft
ORD-004460,2024-03-19,53.11,0.0,53.11,Google
ORD-004461,2024-03-19,57.97,0.0,57.97,Google
ORD-004462,2024-03-20,43.92,0.0,43.92,Direct
ORD-004463,2024-03-20,66.02,0.0,66.02,Email
ORD-004464,2024-03-20,63.31,0.0,63.31,Meta
ORD-004465,2024-03-20,64.63,0.0,64.63,Email
ORD-004466,2024-03-20,68.42,0.0,68.42,TikTok
ORD-004467,2024-03-20,75.62,0.0,75.62,Email
ORD-004468,2024-03-20,54.38,0.0,54.38,Microsoft
ORD-004469,2024-03-20,62.15,0.0,62.15,Meta
ORD-004470,2024-03-20,72.45,0.0,72.45,Google
ORD-004471,2024-03-20,98.66,0.0,98.66,Direct
ORD-004472,2024-03-20,95.94,0.0,95.94,Email
ORD-004473,2024-03-20,40.52,0.0,40.52,Meta
ORD-004474,2024-03-20,60.95,0.0,60.95,Google
ORD-004475,2024-03-20,74.58,49.2,25.38,Meta
ORD-004476,2024-03-20,90.6,0.0,90.6,Meta
ORD-004477,2024-03-20,42.73,0.0,42.73,Meta
ORD-004478,2024-03-20,49.82,0.0,49.82,Direct
ORD-004479,2024-03-20,44.89,0.0,44.89,Email
ORD-004480,2024-03-20,56.54,0.0,56.54,TikTok
ORD-004481,2024-03-20,45.89,0.0,45.89,Direct
ORD-004482,2024-03-20,70.28,0.0,70.28,TikTok
ORD-004483,2024-03-20,61.0,0.0,61.0,Email
ORD-004484,2024-03-20,76.79,0.0,76.79,Meta
ORD-004485,2024-03-20,99.63,0.0,99.63,Email
ORD-004486,2024-03-20,91.82,0.0,91.82,Google
ORD-004487,2024-03-20,83.57,0.0,83.57,Direct
ORD-004488,2024-03-20,50.9,0.0,50.9,Microsoft
ORD-004489,2024-03-20,78.82,0.0,78.82,Google
ORD-004490,2024-03-20,73.08,0.0,73.08,TikTok
ORD-004491,2024-03-20,69.58,0.0,69.58,Google
ORD-004492,2024-03-20,65.75,0.0,65.75,Email
ORD-004493,2024-03-20,62.65,0.0,62.65,Direct
ORD-004494,2024-03-20,87.28,0.0,87.28,Meta
ORD-004495,2024-03-20,69.46,0.0,69.46,Direct
ORD-004496,2024-03-20,69.44,18.64,50.8,Email
ORD-004497,2024-03-20,78.28,0.0,78.28,Meta
ORD-004498,2024-03-20,38.49,0.0,38.49,Direct
ORD-004499,2024-03-20,64.62,0.0,64.62,Meta
ORD-004500,2024-03-20,79.67,0.0,79.67,Meta
ORD-004501,2024-03-20,48.6,0.0,48.6,Meta
ORD-004502,2024-03-20,63.95,0.0,63.95,Google
ORD-004503,2024-03-20,78.02,0.0,78.02,TikTok
ORD-004504,2024-03-20,64.1,0.0,64.1,Google
ORD-004505,2024-03-20,61.45,0.0,61.45,Direct
ORD-004506,2024-03-20,70.91,0.0,70.91,Google
ORD-004507,2024-03-20,120.99,0.0,120.99,Google
ORD-004508,2024-03-20,67.7,0.0,67.7,Meta
ORD-004509,2024-03-20,58.56,0.0,58.56,Direct
ORD-004510,2024-03-20,63.45,0.0,63.45,Google
ORD-004511,2024-03-20,58.9,0.0,58.9,Email
ORD-004512,2024-03-20,70.26,0.0,70.26,Google
ORD-004513,2024-03-20,72.08,0.0,72.08,Email
ORD-004514,2024-03-20,61.56,23.05,38.51,Google
ORD-004515,2024-03-20,81.56,0.0,81.56,Direct
ORD-004516,2024-03-20,54.75,0.0,54.75,Google
ORD-004517,2024-03-20,65.45,0.0,65.45,Direct
ORD-004518,2024-03-20,79.59,0.0,79.59,Google
ORD-004519,2024-03-20,65.69,0.0,65.69,Google
ORD-004520,2024-03-20,38.24,0.0,38.24,Meta
ORD-004521,2024-03-20,72.0,0.0,72.0,Email
ORD-004522,2024-03-20,65.16,0.0,65.16,Direct
ORD-004523,2024-03-20,47.54,0.0,47.54,Meta
ORD-004524,2024-03-20,41.43,33.29,8.14,TikTok
ORD-004525,2024-03-20,69.87,0.0,69.87,Microsoft
ORD-004526,2024-03-20,74.59,0.0,74.59,Meta
ORD-004527,2024-03-20,75.14,0.0,75.14,Google
ORD-004528,2024-03-20,119.59,0.0,119.59,Direct
ORD-004529,2024-03-20,60.61,0.0,60.61,Direct
ORD-004530,2024-03-20,67.99,0.0,67.99,Google
ORD-004531,2024-03-20,41.52,0.0,41.52,Direct
ORD-004532,2024-03-20,81.95,0.0,81.95,Meta
ORD-004533,2024-03-20,93.87,0.0,93.87,Email
ORD-004534,2024-03-20,63.46,0.0,63.46,Direct
ORD-004535,2024-03-21,95.07,0.0,95.07,Meta
ORD-004536,2024-03-21,68.45,0.0,68.45,Meta
ORD-004537,2024-03-21,88.16,0.0,88.16,Microsoft
ORD-004538,2024-03-21,72.85,24.04,48.81,Direct
ORD-004539,2024-03-21,73.44,0.0,73.44,Microsoft
ORD-004540,2024-03-21,63.25,0.0,63.25,Meta
ORD-004541,2024-03-21,66.23,24.11,42.12,Meta
ORD-004542,2024-03-21,68.37,0.0,68.37,Meta
ORD-004543,2024-03-21,54.06,24.61,29.45,Google
ORD-004544,2024-03-21,97.46,0.0,97.46,Meta
ORD-004545,2024-03-21,53.51,0.0,53.51,TikTok
ORD-004546,2024-03-21,77.36,0.0,77.36,TikTok
ORD-004547,2024-03-21,69.87,0.0,69.87,Microsoft
ORD-004548,2024-03-21,40.43,0.0,40.43,TikTok
ORD-004549,2024-03-21,65.26,0.0,65.26,Google
ORD-004550,2024-03-21,89.43,50.46,38.97,Email
ORD-004551,2024-03-21,68.98,0.0,68.98,Meta
ORD-004552,2024-03-21,81.88,0.0,81.88,Google
ORD-004553,2024-03-21,57.66,0.0,57.66,Email
ORD-004554,2024-03-21,72.09,0.0,72.09,Meta
ORD-004555,2024-03-21,81.16,24.7,56.46,Meta
ORD-004556,2024-03-21,60.63,14.07,46.56,Email
ORD-004557,2024-03-21,88.35,0.0,88.35,Google
ORD-004558,2024-03-21,71.17,0.0,71.17,Meta
ORD-004559,2024-03-21,44.72,0.0,44.72,Email
ORD-004560,2024-03-21,67.28,0.0,67.28,Google
ORD-004561,2024-03-21,47.04,0.0,47.04,Meta
ORD-004562,2024-03-21,29.82,0.0,29.82,Direct
ORD-004563,2024-03-21,72.92,0.0,72.92,Google
ORD-004564,2024-03-21,78.34,17.07,61.27,Email
ORD-004565,2024-03-21,56.39,0.0,56.39,Google
ORD-004566,2024-03-21,55.23,0.0,55.23,TikTok
ORD-004567,2024-03-21,51.43,16.13,35.3,Meta
ORD-004568,2024-03-21,59.16,0.0,59.16,Microsoft
ORD-004569,2024-03-21,66.0,0.0,66.0,Meta
ORD-004570,2024-03-21,65.85,0.0,65.85,Meta
ORD-004571,2024-03-21,51.72,0.0,51.72,Microsoft
ORD-004572,2024-03-21,12.0,0.0,12.0,Email
ORD-004573,2024-03-21,68.91,0.0,68.91,Google
ORD-004574,2024-03-21,56.33,0.0,56.33,Google
ORD-004575,2024-03-21,40.33,0.0,40.33,Google
ORD-004576,2024-03-21,63.16,0.0,63.16,Google
ORD-004577,2024-03-21,93.43,0.0,93.43,Meta
ORD-004578,2024-03-21,81.49,0.0,81.49,Email
ORD-004579,2024-03-21,82.53,0.0,82.53,Email
ORD-004580,2024-03-21,89.98,0.0,89.98,Meta
ORD-004581,2024-03-21,67.59,28.76,38.83,Meta
ORD-004582,2024-03-21,93.02,0.0,93.02,Meta
ORD-004583,2024-03-21,72.28,0.0,72.28,TikTok
ORD-004584,2024-03-22,50.82,0.0,50.82,TikTok
ORD-004585,2024-03-22,76.98,0.0,76.98,Direct
ORD-004586,2024-03-22,97.84,0.0,97.84,Direct
ORD-004587,2024-03-22,66.88,0.0,66.88,Direct
ORD-004588,2024-03-22,87.03,0.0,87.03,Email
ORD-004589,2024-03-22,43.59,0.0,43.59,Meta
ORD-004590,2024-03-22,58.75,0.0,58.75,TikTok
ORD-004591,2024-03-22,56.36,0.0,56.36,Meta
ORD-004592,2024-03-22,37.93,0.0,37.93,Direct
ORD-004593,2024-03-22,39.22,0.0,39.22,Meta
ORD-004594,2024-03-22,75.34,0.0,75.34,Direct
ORD-004595,2024-03-22,81.67,37.85,43.82,Google
ORD-004596,2024-03-22,58.3,0.0,58.3,Meta
ORD-004597,2024-03-22,79.77,0.0,79.77,Direct
ORD-004598,2024-03-22,57.17,50.93,6.24,Email
ORD-004599,2024-03-22,71.82,0.0,71.82,TikTok
ORD-004600,2024-03-22,70.21,0.0,70.21,Meta
ORD-004601,2024-03-22,63.24,0.0,63.24,Direct
ORD-004602,2024-03-22,66.36,0.0,66.36,Email
ORD-004603,2024-03-22,42.99,0.0,42.99,Meta
ORD-004604,2024-03-22,63.25,0.0,63.25,Direct
ORD-004605,2024-03-22,88.11,0.0,88.11,Google
ORD-004606,2024-03-22,77.52,0.0,77.52,Microsoft
ORD-004607,2024-03-22,56.84,0.0,56.84,TikTok
ORD-004608,2024-03-22,56.83,0.0,56.83,TikTok
ORD-004609,2024-03-22,47.03,0.0,47.03,Google
ORD-004610,2024-03-22,80.39,0.0,80.39,Meta
ORD-004611,2024-03-22,33.45,0.0,33.45,Email
ORD-004612,2024-03-22,103.06,0.0,103.06,Meta
ORD-004613,2024-03-22,74.09,0.0,74.09,Google
ORD-004614,2024-03-22,48.85,0.0,48.85,Email
ORD-004615,2024-03-22,86.0,0.0,86.0,Google
ORD-004616,2024-03-22,102.86,0.0,102.86,Meta
ORD-004617,2024-03-22,57.51,0.0,57.51,Google
ORD-004618,2024-03-22,67.21,0.0,67.21,TikTok
ORD-004619,2024-03-22,49.23,0.0,49.23,Direct
ORD-004620,2024-03-22,75.63,0.0,75.63,Meta
ORD-004621,2024-03-22,67.59,0.0,67.59,Meta
ORD-004622,2024-03-22,45.66,0.0,45.66,Email
ORD-004623,2024-03-22,91.71,0.0,91.71,Meta
ORD-004624,2024-03-22,51.79,0.0,51.79,Google
ORD-004625,2024-03-22,42.37,0.0,42.37,Meta
ORD-004626,2024-03-22,91.72,0.0,91.72,Meta
ORD-004627,2024-03-22,74.31,70.57,3.74,Email
ORD-004628,2024-03-22,62.75,0.0,62.75,Meta
ORD-004629,2024-03-22,91.72,0.0,91.72,Google
ORD-004630,2024-03-22,88.62,0.0,88.62,Meta
ORD-004631,2024-03-22,64.93,0.0,64.93,Google
ORD-004632,2024-03-22,70.04,0.0,70.04,Meta
ORD-004633,2024-03-22,92.07,0.0,92.07,Meta
ORD-004634,2024-03-22,58.66,0.0,58.66,Google
ORD-004635,2024-03-22,70.42,0.0,70.42,TikTok
ORD-004636,2024-03-22,88.76,0.0,88.76,Google
ORD-004637,2024-03-22,86.74,0.0,86.74,TikTok
ORD-004638,2024-03-22,88.21,0.0,88.21,Meta
ORD-004639,2024-03-22,90.03,0.0,90.03,TikTok
ORD-004640,2024-03-22,65.47,31.03,34.44,Microsoft
ORD-004641,2024-03-22,74.92,0.0,74.92,TikTok
ORD-004642,2024-03-22,74.09,0.0,74.09,Meta
ORD-004643,2024-03-22,63.21,14.48,48.73,Direct
ORD-004644,2024-03-22,82.13,0.0,82.13,Meta
ORD-004645,2024-03-22,80.63,0.0,80.63,Google
ORD-004646,2024-03-22,54.64,0.0,54.64,TikTok
ORD-004647,2024-03-22,43.72,0.0,43.72,Google
ORD-004648,2024-03-22,77.12,0.0,77.12,Meta
ORD-004649,2024-03-22,79.87,0.0,79.87,Google
ORD-004650,2024-03-22,57.62,0.0,57.62,Meta
ORD-004651,2024-03-22,50.79,0.0,50.79,Meta
ORD-004652,2024-03-22,92.5,32.14,60.36,Email
ORD-004653,2024-03-23,61.37,0.0,61.37,Google
ORD-004654,2024-03-23,57.03,0.0,57.03,Meta
ORD-004655,2024-03-23,57.73,0.0,57.73,Direct
ORD-004656,2024-03-23,77.39,0.0,77.39,Meta
ORD-004657,2024-03-23,75.0,0.0,75.0,Meta
ORD-004658,2024-03-23,50.24,0.0,50.24,Email
ORD-004659,2024-03-23,45.26,0.0,45.26,Email
ORD-004660,2024-03-23,59.73,0.0,59.73,Email
ORD-004661,2024-03-23,43.6,0.0,43.6,Email
ORD-004662,2024-03-23,48.1,14.73,33.37,Meta
ORD-004663,2024-03-23,60.74,0.0,60.74,Direct
ORD-004664,2024-03-23,75.51,0.0,75.51,Meta
ORD-004665,2024-03-23,58.6,0.0,58.6,Email
ORD-004666,2024-03-23,39.11,0.0,39.11,Meta
ORD-004667,2024-03-23,68.23,0.0,68.23,Direct
ORD-004668,2024-03-23,75.01,0.0,75.01,Email
ORD-004669,2024-03-23,43.73,0.0,43.73,Meta
ORD-004670,2024-03-23,85.15,0.0,85.15,Direct
ORD-004671,2024-03-23,86.31,0.0,86.31,Meta
ORD-004672,2024-03-23,67.21,0.0,67.21,Email
ORD-004673,2024-03-23,71.14,0.0,71.14,Direct
ORD-004674,2024-03-23,112.85,0.0,112.85,Direct
ORD-004675,2024-03-23,71.28,0.0,71.28,Google
ORD-004676,2024-03-23,128.55,0.0,128.55,Meta
ORD-004677,2024-03-23,54.47,0.0,54.47,Google
ORD-004678,2024-03-23,68.37,0.0,68.37,Google
ORD-004679,2024-03-23,75.52,56.55,18.97,Meta
ORD-004680,2024-03-23,34.64,12.41,22.23,Meta
ORD-004681,2024-03-23,69.52,65.89,3.63,Meta
ORD-004682,2024-03-23,83.34,0.0,83.34,Meta
ORD-004683,2024-03-23,33.74,0.0,33.74,Microsoft
ORD-004684,2024-03-23,52.5,0.0,52.5,Google
ORD-004685,2024-03-23,51.0,0.0,51.0,TikTok
ORD-004686,2024-03-23,63.46,0.0,63.46,Email
ORD-004687,2024-03-23,64.46,0.0,64.46,Meta
ORD-004688,2024-03-23,59.62,0.0,59.62,Email
ORD-004689,2024-03-23,62.78,0.0,62.78,Google
ORD-004690,2024-03-23,61.21,0.0,61.21,Meta
ORD-004691,2024-03-23,64.71,0.0,64.71,Meta
ORD-004692,2024-03-23,84.13,33.22,50.91,Google
ORD-004693,2024-03-23,67.4,0.0,67.4,TikTok
ORD-004694,2024-03-23,84.33,0.0,84.33,Meta
ORD-004695,2024-03-23,69.68,0.0,69.68,Meta
ORD-004696,2024-03-23,79.45,0.0,79.45,TikTok
ORD-004697,2024-03-23,92.99,0.0,92.99,Meta
ORD-004698,2024-03-23,65.58,0.0,65.58,Google
ORD-004699,2024-03-23,93.33,0.0,93.33,Direct
ORD-004700,2024-03-23,56.61,13.02,43.59,Meta
ORD-004701,2024-03-23,37.16,0.0,37.16,Email
ORD-004702,2024-03-23,77.52,0.0,77.52,Google
ORD-004703,2024-03-23,57.53,0.0,57.53,Meta
ORD-004704,2024-03-23,31.41,0.0,31.41,Direct
ORD-004705,2024-03-23,68.46,0.0,68.46,Meta
ORD-004706,2024-03-23,82.32,0.0,82.32,Meta
ORD-004707,2024-03-23,55.85,0.0,55.85,Email
ORD-004708,2024-03-23,90.75,0.0,90.75,Microsoft
ORD-004709,2024-03-23,54.97,0.0,54.97,Google
ORD-004710,2024-03-23,56.85,0.0,56.85,Meta
ORD-004711,2024-03-23,66.7,0.0,66.7,Email
ORD-004712,2024-03-23,71.23,0.0,71.23,Meta
ORD-004713,2024-03-23,85.31,0.0,85.31,Email
ORD-004714,2024-03-23,72.76,0.0,72.76,Meta
ORD-004715,2024-03-23,55.24,0.0,55.24,Email
ORD-004716,2024-03-23,75.25,0.0,75.25,Google
ORD-004717,2024-03-23,57.11,0.0,57.11,Email
ORD-004718,2024-03-23,56.02,15.73,40.29,Google
ORD-004719,2024-03-23,120.91,25.0,95.91,Meta
ORD-004720,2024-03-23,58.33,0.0,58.33,Meta
ORD-004721,2024-03-23,72.72,0.0,72.72,Email
ORD-004722,2024-03-23,67.2,0.0,67.2,Meta
ORD-004723,2024-03-23,93.7,0.0,93.7,TikTok
ORD-004724,2024-03-23,82.32,0.0,82.32,Meta
ORD-004725,2024-03-23,50.06,0.0,50.06,Direct
ORD-004726,2024-03-23,88.46,67.83,20.63,Meta
ORD-004727,2024-03-23,68.82,46.73,22.09,Meta
ORD-004728,2024-03-23,47.41,0.0,47.41,Microsoft
ORD-004729,2024-03-23,79.81,0.0,79.81,Meta
ORD-004730,2024-03-23,71.34,0.0,71.34,Email
ORD-004731,2024-03-23,65.2,0.0,65.2,TikTok
ORD-004732,2024-03-23,67.08,0.0,67.08,Meta
ORD-004733,2024-03-23,72.89,0.0,72.89,Meta
ORD-004734,2024-03-23,67.53,0.0,67.53,TikTok
ORD-004735,2024-03-23,69.59,66.58,3.01,Google
ORD-004736,2024-03-24,85.3,0.0,85.3,Email
ORD-004737,2024-03-24,41.19,0.0,41.19,Direct
ORD-004738,2024-03-24,105.64,0.0,105.64,Google
ORD-004739,2024-03-24,85.71,0.0,85.71,Google
ORD-004740,2024-03-24,74.03,0.0,74.03,Email
ORD-004741,2024-03-24,72.75,0.0,72.75,Direct
ORD-004742,2024-03-24,52.4,0.0,52.4,Direct
ORD-004743,2024-03-24,42.83,0.0,42.83,Google
ORD-004744,2024-03-24,56.23,0.0,56.23,Meta
ORD-004745,2024-03-24,53.61,0.0,53.61,Email
ORD-004746,2024-03-24,63.02,0.0,63.02,Meta
ORD-004747,2024-03-24,69.1,0.0,69.1,Google
ORD-004748,2024-03-24,54.81,0.0,54.81,Email
ORD-004749,2024-03-24,72.5,0.0,72.5,TikTok
ORD-004750,2024-03-24,110.02,0.0,110.02,Meta
ORD-004751,2024-03-24,87.05,0.0,87.05,TikTok
ORD-004752,2024-03-24,86.16,0.0,86.16,TikTok
ORD-004753,2024-03-24,75.14,0.0,75.14,Meta
ORD-004754,2024-03-24,48.33,0.0,48.33,Email
ORD-004755,2024-03-24,73.97,0.0,73.97,Google
ORD-004756,2024-03-24,78.26,0.0,78.26,Meta
ORD-004757,2024-03-24,60.94,0.0,60.94,Microsoft
ORD-004758,2024-03-24,74.63,0.0,74.63,Meta
ORD-004759,2024-03-24,58.63,0.0,58.63,Google
ORD-004760,2024-03-24,36.6,0.0,36.6,Meta
ORD-004761,2024-03-24,83.49,0.0,83.49,Email
ORD-004762,2024-03-24,56.49,0.0,56.49,Google
ORD-004763,2024-03-24,61.04,0.0,61.04,Email
ORD-004764,2024-03-24,72.39,0.0,72.39,Meta
ORD-004765,2024-03-24,48.46,0.0,48.46,Meta
ORD-004766,2024-03-24,67.45,0.0,67.45,Microsoft
ORD-004767,2024-03-24,73.91,0.0,73.91,Meta
ORD-004768,2024-03-24,80.25,0.0,80.25,Email
ORD-004769,2024-03-24,67.42,0.0,67.42,TikTok
ORD-004770,2024-03-24,76.06,0.0,76.06,Email
ORD-004771,2024-03-24,28.71,0.0,28.71,Google
ORD-004772,2024-03-24,96.46,0.0,96.46,Direct
ORD-004773,2024-03-24,81.01,0.0,81.01,Meta
ORD-004774,2024-03-24,65.53,0.0,65.53,Meta
ORD-004775,2024-03-24,53.23,0.0,53.23,TikTok
ORD-004776,2024-03-24,91.08,0.0,91.08,Meta
ORD-004777,2024-03-24,51.36,0.0,51.36,Email
ORD-004778,2024-03-24,53.59,0.0,53.59,Meta
ORD-004779,2024-03-24,69.05,0.0,69.05,TikTok
ORD-004780,2024-03-24,35.13,0.0,35.13,Meta
ORD-004781,2024-03-24,77.29,0.0,77.29,Email
ORD-004782,2024-03-24,75.73,0.0,75.73,Email
ORD-004783,2024-03-24,69.67,0.0,69.67,Meta
ORD-004784,2024-03-24,61.09,0.0,61.09,Meta
ORD-004785,2024-03-24,41.51,0.0,41.51,Google
ORD-004786,2024-03-24,95.19,0.0,95.19,Meta
ORD-004787,2024-03-25,98.21,0.0,98.21,Google
ORD-004788,2024-03-25,67.31,0.0,67.31,Direct
ORD-004789,2024-03-25,36.84,0.0,36.84,TikTok
ORD-004790,2024-03-25,56.72,0.0,56.72,Direct
ORD-004791,2024-03-25,92.47,0.0,92.47,Google
ORD-004792,2024-03-25,86.66,0.0,86.66,Google
ORD-004793,2024-03-25,25.56,0.0,25.56,Google
ORD-004794,2024-03-25,78.4,0.0,78.4,Meta
ORD-004795,2024-03-25,99.66,0.0,99.66,Meta
ORD-004796,2024-03-25,75.76,0.0,75.76,Direct
ORD-004797,2024-03-25,92.25,0.0,92.25,Direct
ORD-004798,2024-03-25,62.2,0.0,62.2,Direct
ORD-004799,2024-03-25,90.81,0.0,90.81,Meta
ORD-004800,2024-03-25,87.78,0.0,87.78,Meta
ORD-004801,2024-03-25,68.51,0.0,68.51,Meta
ORD-004802,2024-03-25,79.43,0.0,79.43,Email
ORD-004803,2024-03-25,73.77,39.42,34.35,Meta
ORD-004804,2024-03-25,73.97,0.0,73.97,Email
ORD-004805,2024-03-25,56.55,0.0,56.55,Meta
ORD-004806,2024-03-25,71.7,0.0,71.7,Meta
ORD-004807,2024-03-25,46.81,0.0,46.81,TikTok
ORD-004808,2024-03-25,63.96,0.0,63.96,Meta
ORD-004809,2024-03-25,53.08,0.0,53.08,Meta
ORD-004810,2024-03-25,58.76,0.0,58.76,Meta
ORD-004811,2024-03-25,88.43,0.0,88.43,Meta
ORD-004812,2024-03-25,41.14,0.0,41.14,TikTok
ORD-004813,2024-03-25,89.51,0.0,89.51,Microsoft
ORD-004814,2024-03-25,59.59,0.0,59.59,Direct
ORD-004815,2024-03-25,66.85,0.0,66.85,Microsoft
ORD-004816,2024-03-25,68.59,0.0,68.59,Microsoft
ORD-004817,2024-03-25,54.52,0.0,54.52,Meta
ORD-004818,2024-03-25,92.15,0.0,92.15,Google
ORD-004819,2024-03-25,58.04,0.0,58.04,Google
ORD-004820,2024-03-25,75.86,0.0,75.86,Google
ORD-004821,2024-03-25,91.81,0.0,91.81,Email
ORD-004822,2024-03-25,87.83,0.0,87.83,Meta
ORD-004823,2024-03-25,76.8,0.0,76.8,Microsoft
ORD-004824,2024-03-25,67.32,0.0,67.32,Microsoft
ORD-004825,2024-03-25,95.1,0.0,95.1,Google
ORD-004826,2024-03-25,16.33,0.0,16.33,Google
ORD-004827,2024-03-25,57.06,0.0,57.06,Google
ORD-004828,2024-03-25,39.5,0.0,39.5,Google
ORD-004829,2024-03-25,82.06,0.0,82.06,Meta
ORD-004830,2024-03-25,63.64,0.0,63.64,Meta
ORD-004831,2024-03-25,72.14,0.0,72.14,Google
ORD-004832,2024-03-25,56.48,0.0,56.48,Meta
ORD-004833,2024-03-25,53.68,0.0,53.68,TikTok
ORD-004834,2024-03-25,62.11,0.0,62.11,Meta
ORD-004835,2024-03-25,79.67,60.76,18.91,Google
ORD-004836,2024-03-26,82.08,0.0,82.08,TikTok
ORD-004837,2024-03-26,27.25,0.0,27.25,TikTok
ORD-004838,2024-03-26,91.64,0.0,91.64,Google
ORD-004839,2024-03-26,51.46,0.0,51.46,Email
ORD-004840,2024-03-26,54.16,0.0,54.16,Google
ORD-004841,2024-03-26,43.18,0.0,43.18,Microsoft
ORD-004842,2024-03-26,93.32,0.0,93.32,Direct
ORD-004843,2024-03-26,66.85,0.0,66.85,Direct
ORD-004844,2024-03-26,75.45,0.0,75.45,Direct
ORD-004845,2024-03-26,87.25,0.0,87.25,Direct
ORD-004846,2024-03-26,46.52,0.0,46.52,Google
ORD-004847,2024-03-26,56.8,54.13,2.67,Meta
ORD-004848,2024-03-26,67.22,0.0,67.22,Meta
ORD-004849,2024-03-26,45.08,0.0,45.08,Google
ORD-004850,2024-03-26,66.83,0.0,66.83,Email
ORD-004851,2024-03-26,59.32,0.0,59.32,Meta
ORD-004852,2024-03-26,43.09,0.0,43.09,Meta
ORD-004853,2024-03-26,78.75,0.0,78.75,Email
ORD-004854,2024-03-26,59.7,0.0,59.7,Meta
ORD-004855,2024-03-26,67.6,0.0,67.6,Meta
ORD-004856,2024-03-26,40.67,0.0,40.67,Email
ORD-004857,2024-03-26,58.09,13.33,44.76,Meta
ORD-004858,2024-03-26,50.15,0.0,50.15,Google
ORD-004859,2024-03-26,92.16,0.0,92.16,Google
ORD-004860,2024-03-26,100.37,0.0,100.37,Email
ORD-004861,2024-03-26,86.13,0.0,86.13,Meta
ORD-004862,2024-03-26,33.04,0.0,33.04,Email
ORD-004863,2024-03-26,59.1,0.0,59.1,TikTok
ORD-004864,2024-03-26,97.46,0.0,97.46,Meta
ORD-004865,2024-03-26,67.36,0.0,67.36,Google
ORD-004866,2024-03-26,41.07,15.32,25.75,Meta
ORD-004867,2024-03-26,35.6,0.0,35.6,Direct
ORD-004868,2024-03-26,43.84,0.0,43.84,Google
ORD-004869,2024-03-26,56.81,0.0,56.81,Direct
ORD-004870,2024-03-26,62.84,0.0,62.84,TikTok
ORD-004871,2024-03-26,82.34,0.0,82.34,Email
ORD-004872,2024-03-26,61.33,0.0,61.33,Google
ORD-004873,2024-03-26,97.0,0.0,97.0,TikTok
ORD-004874,2024-03-26,36.07,28.95,7.12,Meta
ORD-004875,2024-03-26,91.86,0.0,91.86,Meta
ORD-004876,2024-03-26,69.53,0.0,69.53,Meta
ORD-004877,2024-03-26,38.58,0.0,38.58,Google
ORD-004878,2024-03-26,40.62,0.0,40.62,TikTok
ORD-004879,2024-03-26,85.76,0.0,85.76,Google
ORD-004880,2024-03-26,82.07,0.0,82.07,Google
ORD-004881,2024-03-26,26.29,0.0,26.29,TikTok
ORD-004882,2024-03-26,61.86,0.0,61.86,Direct
ORD-004883,2024-03-26,93.81,0.0,93.81,Meta
ORD-004884,2024-03-26,105.33,0.0,105.33,Google
ORD-004885,2024-03-26,88.4,0.0,88.4,Google
ORD-004886,2024-03-26,66.1,41.61,24.49,Google
ORD-004887,2024-03-26,89.8,0.0,89.8,Meta
ORD-004888,2024-03-26,90.3,0.0,90.3,Google
ORD-004889,2024-03-26,95.14,0.0,95.14,Meta
ORD-004890,2024-03-26,71.73,0.0,71.73,Email
ORD-004891,2024-03-26,50.14,0.0,50.14,Google
ORD-004892,2024-03-26,65.93,0.0,65.93,Meta
ORD-004893,2024-03-26,43.78,0.0,43.78,Meta
ORD-004894,2024-03-26,106.84,0.0,106.84,TikTok
ORD-004895,2024-03-26,93.27,0.0,93.27,Google
ORD-004896,2024-03-26,73.55,0.0,73.55,Meta
ORD-004897,2024-03-26,94.2,0.0,94.2,Meta
ORD-004898,2024-03-26,64.01,0.0,64.01,Google
ORD-004899,2024-03-26,67.05,0.0,67.05,Meta
ORD-004900,2024-03-26,58.04,0.0,58.04,Direct
ORD-004901,2024-03-27,79.32,0.0,79.32,Meta
ORD-004902,2024-03-27,87.26,37.6,49.66,Meta
ORD-004903,2024-03-27,77.02,0.0,77.02,TikTok
ORD-004904,2024-03-27,61.5,0.0,61.5,Meta
ORD-004905,2024-03-27,81.54,0.0,81.54,Direct
ORD-004906,2024-03-27,36.91,0.0,36.91,TikTok
ORD-004907,2024-03-27,91.14,0.0,91.14,Direct
ORD-004908,2024-03-27,42.94,0.0,42.94,Google
ORD-004909,2024-03-27,64.83,43.0,21.83,Google
ORD-004910,2024-03-27,46.42,0.0,46.42,Meta
ORD-004911,2024-03-27,59.53,0.0,59.53,Google
ORD-004912,2024-03-27,81.98,0.0,81.98,Meta
ORD-004913,2024-03-27,56.55,0.0,56.55,Microsoft
ORD-004914,2024-03-27,84.24,0.0,84.24,Email
ORD-004915,2024-03-27,82.29,0.0,82.29,Meta
ORD-004916,2024-03-27,83.45,0.0,83.45,Direct
ORD-004917,2024-03-27,31.34,0.0,31.34,Direct
ORD-004918,2024-03-27,34.13,0.0,34.13,TikTok
ORD-004919,2024-03-27,69.42,0.0,69.42,Google
ORD-004920,2024-03-27,80.16,0.0,80.16,Google
ORD-004921,2024-03-27,75.94,0.0,75.94,Meta
ORD-004922,2024-03-27,68.28,0.0,68.28,Meta
ORD-004923,2024-03-27,79.65,0.0,79.65,Google
ORD-004924,2024-03-27,50.55,0.0,50.55,Meta
ORD-004925,2024-03-27,51.41,0.0,51.41,Google
ORD-004926,2024-03-27,74.12,0.0,74.12,Email
ORD-004927,2024-03-27,41.82,0.0,41.82,Microsoft
ORD-004928,2024-03-27,48.24,0.0,48.24,Meta
ORD-004929,2024-03-27,30.44,0.0,30.44,Direct
ORD-004930,2024-03-27,107.33,90.16,17.17,Meta
ORD-004931,2024-03-27,102.15,0.0,102.15,Google
ORD-004932,2024-03-27,84.92,0.0,84.92,Meta
ORD-004933,2024-03-27,73.04,0.0,73.04,Email
ORD-004934,2024-03-27,67.2,0.0,67.2,Meta
ORD-004935,2024-03-27,36.37,0.0,36.37,Direct
ORD-004936,2024-03-27,53.97,28.95,25.02,Email
ORD-004937,2024-03-27,68.03,0.0,68.03,TikTok
ORD-004938,2024-03-27,67.06,0.0,67.06,Google
ORD-004939,2024-03-27,55.02,0.0,55.02,Direct
ORD-004940,2024-03-27,73.62,0.0,73.62,Google
ORD-004941,2024-03-27,73.16,0.0,73.16,TikTok
ORD-004942,2024-03-27,60.77,20.33,40.44,Microsoft
ORD-004943,2024-03-27,57.29,0.0,57.29,Google
ORD-004944,2024-03-27,99.9,0.0,99.9,Email
ORD-004945,2024-03-27,61.55,31.61,29.94,Meta
ORD-004946,2024-03-27,58.28,0.0,58.28,Email
ORD-004947,2024-03-27,62.89,0.0,62.89,Google
ORD-004948,2024-03-27,88.19,0.0,88.19,Google
ORD-004949,2024-03-27,60.6,0.0,60.6,Meta
ORD-004950,2024-03-28,63.08,0.0,63.08,Email
ORD-004951,2024-03-28,45.39,0.0,45.39,TikTok
ORD-004952,2024-03-28,41.48,0.0,41.48,Google
ORD-004953,2024-03-28,51.81,0.0,51.81,Google
ORD-004954,2024-03-28,86.77,0.0,86.77,Direct
ORD-004955,2024-03-28,80.2,21.55,58.65,Meta
ORD-004956,2024-03-28,90.17,0.0,90.17,Meta
ORD-004957,2024-03-28,90.2,0.0,90.2,Direct
ORD-004958,2024-03-28,81.99,0.0,81.99,Meta
ORD-004959,2024-03-28,72.8,0.0,72.8,Direct
ORD-004960,2024-03-28,121.15,90.88,30.27,Google
ORD-004961,2024-03-28,42.77,0.0,42.77,Google
ORD-004962,2024-03-28,57.7,19.73,37.97,Email
ORD-004963,2024-03-28,71.89,0.0,71.89,Email
ORD-004964,2024-03-28,75.98,0.0,75.98,Google
ORD-004965,2024-03-28,73.24,0.0,73.24,Google
ORD-004966,2024-03-28,69.26,0.0,69.26,Direct
ORD-004967,2024-03-28,53.62,0.0,53.62,Meta
ORD-004968,2024-03-28,114.44,0.0,114.44,Microsoft
ORD-004969,2024-03-28,71.02,23.85,47.17,Email
ORD-004970,2024-03-28,66.75,0.0,66.75,Google
ORD-004971,2024-03-28,57.45,0.0,57.45,TikTok
ORD-004972,2024-03-28,74.15,0.0,74.15,TikTok
ORD-004973,2024-03-28,49.65,0.0,49.65,Meta
ORD-004974,2024-03-28,79.83,0.0,79.83,Meta
ORD-004975,2024-03-28,93.77,23.98,69.79,Meta
ORD-004976,2024-03-28,44.83,0.0,44.83,Google
ORD-004977,2024-03-28,77.81,0.0,77.81,Email
ORD-004978,2024-03-28,77.62,0.0,77.62,Google
ORD-004979,2024-03-28,75.41,0.0,75.41,Meta
ORD-004980,2024-03-28,73.74,0.0,73.74,Google
ORD-004981,2024-03-28,81.53,0.0,81.53,Meta
ORD-004982,2024-03-28,42.97,19.91,23.06,Google
ORD-004983,2024-03-28,31.74,0.0,31.74,Google
ORD-004984,2024-03-28,69.75,0.0,69.75,Microsoft
ORD-004985,2024-03-28,57.15,0.0,57.15,Meta
ORD-004986,2024-03-28,83.92,0.0,83.92,Meta
ORD-004987,2024-03-28,83.5,0.0,83.5,Meta
ORD-004988,2024-03-28,66.72,0.0,66.72,Google
ORD-004989,2024-03-28,79.45,0.0,79.45,Email
ORD-004990,2024-03-28,70.13,0.0,70.13,Google
ORD-004991,2024-03-28,62.06,0.0,62.06,Microsoft
ORD-004992,2024-03-28,50.3,0.0,50.3,Google
ORD-004993,2024-03-28,100.34,0.0,100.34,TikTok
ORD-004994,2024-03-28,78.39,0.0,78.39,Direct
ORD-004995,2024-03-28,47.25,0.0,47.25,Google
ORD-004996,2024-03-28,87.41,0.0,87.41,Microsoft
ORD-004997,2024-03-28,88.43,0.0,88.43,Meta
ORD-004998,2024-03-28,62.51,0.0,62.51,Direct
ORD-004999,2024-03-28,56.3,0.0,56.3,Meta
ORD-005000,2024-03-28,53.35,0.0,53.35,Meta
ORD-005001,2024-03-28,33.43,0.0,33.43,Meta
ORD-005002,2024-03-28,93.86,78.13,15.73,Google
ORD-005003,2024-03-28,62.92,0.0,62.92,Google
ORD-005004,2024-03-28,57.46,0.0,57.46,Email
ORD-005005,2024-03-28,44.14,0.0,44.14,Email
ORD-005006,2024-03-28,79.66,0.0,79.66,Meta
ORD-005007,2024-03-28,44.86,0.0,44.86,Google
ORD-005008,2024-03-29,56.37,0.0,56.37,Google
ORD-005009,2024-03-29,95.67,65.14,30.53,Google
ORD-005010,2024-03-29,87.26,0.0,87.26,Meta
ORD-005011,2024-03-29,12.09,0.0,12.09,Meta
ORD-005012,2024-03-29,98.78,0.0,98.78,Google
ORD-005013,2024-03-29,62.59,0.0,62.59,Google
ORD-005014,2024-03-29,45.32,39.44,5.88,Google
ORD-005015,2024-03-29,102.75,0.0,102.75,TikTok
ORD-005016,2024-03-29,38.06,0.0,38.06,Meta
ORD-005017,2024-03-29,87.36,0.0,87.36,Google
ORD-005018,2024-03-29,81.87,0.0,81.87,Google
ORD-005019,2024-03-29,68.4,0.0,68.4,Direct
ORD-005020,2024-03-29,46.21,0.0,46.21,TikTok
ORD-005021,2024-03-29,39.13,0.0,39.13,TikTok
ORD-005022,2024-03-29,73.53,0.0,73.53,Email
ORD-005023,2024-03-29,67.26,0.0,67.26,Google
ORD-005024,2024-03-29,53.51,0.0,53.51,Meta
ORD-005025,2024-03-29,69.48,44.49,24.99,Direct
ORD-005026,2024-03-29,80.18,0.0,80.18,Direct
ORD-005027,2024-03-29,53.59,0.0,53.59,Google
ORD-005028,2024-03-29,48.27,0.0,48.27,Direct
ORD-005029,2024-03-29,43.11,0.0,43.11,TikTok
ORD-005030,2024-03-29,71.36,0.0,71.36,Google
ORD-005031,2024-03-29,91.31,89.3,2.01,Email
ORD-005032,2024-03-29,70.66,0.0,70.66,Email
ORD-005033,2024-03-29,54.63,49.9,4.73,Meta
ORD-005034,2024-03-29,49.86,0.0,49.86,Meta
ORD-005035,2024-03-29,65.54,0.0,65.54,Google
ORD-005036,2024-03-29,100.76,0.0,100.76,Email
ORD-005037,2024-03-29,88.0,0.0,88.0,Meta
ORD-005038,2024-03-29,37.3,0.0,37.3,Meta
ORD-005039,2024-03-29,55.86,0.0,55.86,Meta
ORD-005040,2024-03-29,56.36,0.0,56.36,Meta
ORD-005041,2024-03-29,50.51,0.0,50.51,Meta
ORD-005042,2024-03-29,86.73,0.0,86.73,Direct
ORD-005043,2024-03-29,67.95,0.0,67.95,Email
ORD-005044,2024-03-29,69.03,0.0,69.03,TikTok
ORD-005045,2024-03-29,60.58,0.0,60.58,Google
ORD-005046,2024-03-29,65.51,0.0,65.51,Direct
ORD-005047,2024-03-29,72.63,0.0,72.63,Google
ORD-005048,2024-03-29,25.7,0.0,25.7,Direct
ORD-005049,2024-03-29,30.82,0.0,30.82,Google
ORD-005050,2024-03-29,49.98,25.32,24.66,Google
ORD-005051,2024-03-29,60.0,0.0,60.0,Google
ORD-005052,2024-03-29,42.58,0.0,42.58,Meta
ORD-005053,2024-03-29,54.36,0.0,54.36,Meta
ORD-005054,2024-03-29,64.82,0.0,64.82,TikTok
ORD-005055,2024-03-29,62.4,60.01,2.39,Google
ORD-005056,2024-03-29,33.46,0.0,33.46,Email
ORD-005057,2024-03-29,70.15,0.0,70.15,TikTok
ORD-005058,2024-03-29,58.39,0.0,58.39,Meta
ORD-005059,2024-03-29,95.39,0.0,95.39,Meta
ORD-005060,2024-03-29,88.1,0.0,88.1,Meta
ORD-005061,2024-03-29,78.15,0.0,78.15,Microsoft
ORD-005062,2024-03-29,81.91,0.0,81.91,Email
ORD-005063,2024-03-29,70.1,0.0,70.1,Meta
ORD-005064,2024-03-29,93.57,0.0,93.57,Google
ORD-005065,2024-03-29,80.05,0.0,80.05,Meta
ORD-005066,2024-03-29,30.5,14.18,16.32,Google
ORD-005067,2024-03-29,77.87,0.0,77.87,Direct
ORD-005068,2024-03-29,50.35,0.0,50.35,Email
ORD-005069,2024-03-29,53.26,0.0,53.26,Google
ORD-005070,2024-03-29,76.89,0.0,76.89,Meta
ORD-005071,2024-03-29,70.91,0.0,70.91,Direct
ORD-005072,2024-03-29,69.64,0.0,69.64,Google
ORD-005073,2024-03-29,52.27,0.0,52.27,Google
ORD-005074,2024-03-29,69.0,0.0,69.0,TikTok
ORD-005075,2024-03-29,58.21,0.0,58.21,Google
ORD-005076,2024-03-30,56.41,0.0,56.41,Google
ORD-005077,2024-03-30,67.24,0.0,67.24,Email
ORD-005078,2024-03-30,89.19,0.0,89.19,Direct
ORD-005079,2024-03-30,83.33,0.0,83.33,Meta
ORD-005080,2024-03-30,53.88,0.0,53.88,Google
ORD-005081,2024-03-30,51.97,27.52,24.45,Google
ORD-005082,2024-03-30,57.28,0.0,57.28,TikTok
ORD-005083,2024-03-30,62.83,0.0,62.83,Email
ORD-005084,2024-03-30,40.97,0.0,40.97,TikTok
ORD-005085,2024-03-30,18.17,0.0,18.17,Microsoft
ORD-005086,2024-03-30,80.5,0.0,80.5,Meta
ORD-005087,2024-03-30,66.73,0.0,66.73,Direct
ORD-005088,2024-03-30,33.53,0.0,33.53,Direct
ORD-005089,2024-03-30,103.25,0.0,103.25,TikTok
ORD-005090,2024-03-30,73.7,0.0,73.7,Meta
ORD-005091,2024-03-30,81.24,0.0,81.24,Meta
ORD-005092,2024-03-30,68.86,0.0,68.86,Email
ORD-005093,2024-03-30,47.37,0.0,47.37,Meta
ORD-005094,2024-03-30,86.66,0.0,86.66,Email
ORD-005095,2024-03-30,45.84,0.0,45.84,Google
ORD-005096,2024-03-30,69.33,0.0,69.33,Google
ORD-005097,2024-03-30,66.0,0.0,66.0,Email
ORD-005098,2024-03-30,71.52,0.0,71.52,Meta
ORD-005099,2024-03-30,35.25,0.0,35.25,Direct
ORD-005100,2024-03-30,80.08,65.72,14.36,Google
ORD-005101,2024-03-30,79.83,0.0,79.83,Google
ORD-005102,2024-03-30,45.67,0.0,45.67,TikTok
ORD-005103,2024-03-30,66.35,0.0,66.35,Meta
ORD-005104,2024-03-30,51.39,0.0,51.39,Microsoft
ORD-005105,2024-03-30,63.54,0.0,63.54,Meta
ORD-005106,2024-03-30,79.2,0.0,79.2,Google
ORD-005107,2024-03-30,31.69,0.0,31.69,Email
ORD-005108,2024-03-30,98.57,0.0,98.57,Meta
ORD-005109,2024-03-30,62.57,0.0,62.57,Meta
ORD-005110,2024-03-30,45.69,0.0,45.69,Meta
ORD-005111,2024-03-30,24.34,0.0,24.34,Microsoft
ORD-005112,2024-03-30,55.88,0.0,55.88,Google
ORD-005113,2024-03-30,72.4,0.0,72.4,Email
ORD-005114,2024-03-30,67.2,57.92,9.28,Meta
ORD-005115,2024-03-30,40.98,0.0,40.98,Meta
ORD-005116,2024-03-30,54.88,0.0,54.88,Meta
ORD-005117,2024-03-30,84.97,0.0,84.97,Direct
ORD-005118,2024-03-30,56.66,43.34,13.32,Google
ORD-005119,2024-03-30,81.87,0.0,81.87,Google
ORD-005120,2024-03-30,69.81,0.0,69.81,Meta
ORD-005121,2024-03-30,42.37,0.0,42.37,Google
ORD-005122,2024-03-30,70.79,59.29,11.5,Google
ORD-005123,2024-03-30,72.86,32.63,40.23,Direct
ORD-005124,2024-03-30,43.73,0.0,43.73,Google
ORD-005125,2024-03-30,41.8,0.0,41.8,Microsoft
ORD-005126,2024-03-30,84.55,0.0,84.55,Meta
ORD-005127,2024-03-30,58.38,0.0,58.38,Meta
ORD-005128,2024-03-30,75.46,0.0,75.46,Meta
ORD-005129,2024-03-30,74.95,37.28,37.67,Email
ORD-005130,2024-03-30,94.43,0.0,94.43,Google
ORD-005131,2024-03-30,40.86,0.0,40.86,Meta
ORD-005132,2024-03-30,80.93,0.0,80.93,Direct
ORD-005133,2024-03-30,77.41,0.0,77.41,Direct
ORD-005134,2024-03-30,68.76,0.0,68.76,Microsoft
ORD-005135,2024-03-30,69.88,0.0,69.88,Direct
